path,type,size_bytes,current_sha256,manifest_status,baseline_sha256,review_owner,disposition,source_specific_finding_or_reason,wiki_page_section,source_review_pointer
handoffs/active/CURRENT-CAMPAIGN.md,handoff-active,36603,e1b75817e1748d435f780a9d7e3cc9ed799f78100b699abc85abe1e5fb14b83a,changed,a19d299e64b40a58a665e701e5b8588bf2cb5452991f775be380dd6dc6a59a11,campaign,campaign: No separate campaign-page section: updated pool decision and production posture are reflected in inference-serving; remaining outage/window notes are transient campaign state.,No separate campaign-page section: updated pool decision and production posture are reflected in inference-serving; remaining outage/window notes are transient campaign state.,inference-serving.md — Incremental update 2026-10-06,source-review.tsv; hash check MATCH
handoffs/active/agent-collab-rnd-harness.md,handoff-active,13922,4e4e48c2df26f05ef28ec87088c61f2df245c569573c0b5606284d7d4af552af,changed,b2236f31426215d4a8c9f416ccc1b8483620ffc1e312e7275ec1dbbb5ce91b5d,campaign,"campaign: Checkpoint-pruned allocator is PROPOSED, requires separate continuations and prefix-visible evidence, and returns unsupported if counterfactual trajectories are absent; captured as proposal/status, not implemented result.","Checkpoint-pruned allocator is PROPOSED, requires separate continuations and prefix-visible evidence, and returns unsupported if counterfactual trajectories are absent; captured as proposal/status, not implemented result.",agent-architecture.md — Incremental update 2026-10-06,source-review.tsv; hash check MATCH
handoffs/active/agentic-rocm-kernel-authoring.md,handoff-active,126036,3681d1c73e233a3fa58605bad648e6957ce09be3ff29c8684c81564f927a0a3e,changed,b4e5bc7c41925a88698fc24cdf9c7003533846e7b459fc197da58ff4ce0f83d6,campaign,"campaign: New hunk is a PROPOSED audit-binding gate; no new ISA measurement or changed historical receipt, so no wiki claim was added.","New hunk is a PROPOSED audit-binding gate; no new ISA measurement or changed historical receipt, so no wiki claim was added.","No page; proposal only, no new result",source-review.tsv; hash check MATCH
handoffs/active/agentic-serving-harness-fixes.md,handoff-active,66979,66c151018ca2009d16dfeb93895bfe3ff04ce4319ffc571cba381f7ebece4c9c,changed,b14702b73aaec551720abae70bb42ee49bd515d05e657e9621ba1b8af94485c1,campaign,"campaign: F12 outcomes, A2 production-shape probe and A3 single-group legs captured with sample-size and GPU-contamination qualifiers.","F12 outcomes, A2 production-shape probe and A3 single-group legs captured with sample-size and GPU-contamination qualifiers.",agent-architecture.md; benchmark-methodology.md — Incremental update 2026-10-06,source-review.tsv; hash check MATCH
handoffs/active/autokernel-all-devices-all-dimensions.md,handoff-active,39182,a82d8bf94ffd879f69e696f87a36069b17def5b47d844b8147bf2c99595903fb,added,absent,campaign/hardware,campaign/hardware: code-read hypothesis compiled with explicit unmeasured boundary,"Q38FN QSA top-k is implemented as a full n_kv mask followed by dense FA, so cost may remain O(n_kv); decode-vs-context remains unmeasured. Separate dense-attention Q-head occupancy explanation is a hypothesis only. Do not transfer DS41 dense-mask arithmetic to QSA.",wiki/hardware-optimization.md#supplemental-source-evidence-oct-3-6-changed-files,handoff lines 342–368; full current source SHA from final scanner; candidate article link checked
handoffs/active/autokernel-champion-aggregate.md,handoff-active,60231,3af885f44a2f84cc2ad9243f6d996fab645d9d28a5c38269a30e370cbbd6f2c9,changed,f586684975336aeb817145382416ff7c49416636a0bebc410a26e7db0ea717cf,campaign,"campaign: Champion moved to b0ba1d427 through four folds; KVU-19 P3 high-occupancy effect and neutral paired v10 serving result, plus held-out bundles, captured without calling it production promotion.","Champion moved to b0ba1d427 through four folds; KVU-19 P3 high-occupancy effect and neutral paired v10 serving result, plus held-out bundles, captured without calling it production promotion.",hardware-optimization.md; inference-serving.md — Incremental update 2026-10-06,source-review.tsv; hash check MATCH
handoffs/active/autokernel-orchestrator-actor-backend.md,handoff-active,62351,0e97c435300b76d2c6fc965a8219257d99b6a473cddda239548ba3226a493f34,changed,89fa7432626f66ab39ed530ca4e46fcd1e661b0a0bf7afbfc56a942402649345,campaign,campaign: NI18 hunk only files a PROPOSED fixture review; no fixture result or implementation landed in this hunk.,NI18 hunk only files a PROPOSED fixture review; no fixture result or implementation landed in this hunk.,"No page; task placeholder only, no new finding",source-review.tsv; hash check MATCH
handoffs/active/autokernel-research-loop.md,handoff-active,491450,ac2ac1186c97f5cc497f72036fe15e1f8da2868a96ed8e9237ae7f8b9c6c0226,changed,c0d15e7d008565a9ac68a0e837735bb45c09eb01c81dd4cd3f8a362d18a96eb0,campaign,"campaign: Seed #1 is a dispatch cutover, with n=1 gains and AutoKernel follow-up tasks; captured as unconfirmed candidate evidence, not champion result.","Seed #1 is a dispatch cutover, with n=1 gains and AutoKernel follow-up tasks; captured as unconfirmed candidate evidence, not champion result.",hardware-optimization.md — Incremental update 2026-10-06,source-review.tsv; hash check MATCH
handoffs/active/autokernel-unified-surface-program.md,handoff-active,354903,429493b256581e22efbe8776c4c1231b9ff22ea0cebfe1aebc3bf02deca9cfa6,changed,a46cf45b29b636a905831c5a40b72d1e91726cd0b97c5ae42c190747863f3688,campaign,campaign: FIFO lock queue implementation is gated OFF; deterministic control and both live loop restarts remain open. Captured as architecture implementation status.,FIFO lock queue implementation is gated OFF; deterministic control and both live loop restarts remain open. Captured as architecture implementation status.,agent-architecture.md — Incremental update 2026-10-06,source-review.tsv; hash check MATCH
handoffs/active/cpu-decode-roofline-program.md,handoff-active,471132,d265dc2e97ea332f4ebadd31a19a68619f1ca44f452a1b934ed9b1d6dafba03d,changed,47a515dcd5fbf822cd34ed92a0ae8c402af86c054b30ac2ffb613807f16ac453,campaign,"campaign: CLS-RECT corrects synthetic-token-id coherence labels; Q38FN transfer has host exclusions and small n, while paired quality/file decision remains open. Captured with method/outcome limits.","CLS-RECT corrects synthetic-token-id coherence labels; Q38FN transfer has host exclusions and small n, while paired quality/file decision remains open. Captured with method/outcome limits.",benchmark-methodology.md; hardware-optimization.md — Incremental update 2026-10-06,source-review.tsv; hash check MATCH
handoffs/active/cpu-fused-decoder-blocks.md,handoff-active,26893,c7a6af165f57e52fac5e4dc78efca8bfbe495eea14f45cc22f96ebffd491998b,changed,309e8b59d9a18b13a1a9fd6b86936f5ea98cb769f40f5fb620d2a64a1ac4b09f,hardware,candidate-addition,Flash-Next FD-DIV-1: default synthetic weights matched at 1.7e-11; non-production w=.05 diverged (logit NMSE 1.84; K/indexer 1.08/1.06) on three rope configs; w=1 double-free; source says keep fused decode disabled pending root cause.,wiki/hardware-optimization.md#supplemental-source-evidence--oct-3-6-changed-files,"git diff d69866b6..HEAD, added FD-DIV-1 block; source paragraphs and safety status retained."
handoffs/active/deepseek-v41-flash-evaluation.md,handoff-active,142341,345856ce7421cab318dac8a36b1c044d770c0afff6d5a3764af300a8a989a5e6,changed,3c2205fd4f2a8fdb3159afb85824ebbc77bc2fcc42f7e0413d262e178fe4377d,campaign,"campaign: DS41-C123 is code-read long-context graph/mask/indexer hypothesis with arithmetic estimates, explicitly not measured; C125 held bundles summarized with null/diverged gates.","DS41-C123 is code-read long-context graph/mask/indexer hypothesis with arithmetic estimates, explicitly not measured; C125 held bundles summarized with null/diverged gates.",inference-serving.md; hardware-optimization.md — Incremental update 2026-10-06,source-review.tsv; hash check MATCH
handoffs/active/delegation-context-preassembly.md,handoff-active,33659,1b98df6086ed1241a19657e101e03a343668ca8aff24f3a2bf296f7cb76fd07b,changed,2381a99cac4375506bdd42d72695ae2bf777ed40337cbe6a172a485397822c1e,local,candidate-addition,Substantive accepted custody/ownership contract absent from trusted page; synthesized with explicit limits.,wiki/agent-architecture.md#compiled-update--2026-10-06-future-launcher-references-and-retained-reports-cross-ownership-boundaries,handoffs__active__delegation-context-preassembly.md.audit.txt
handoffs/active/dflash2-block-drafter-experimental-build.md,handoff-active,57742,77437f78c9b24ca684a78e36b333c4a1f24f45d0cd73aa25a563ac0b004c4957,changed,c51f480eb2771b8385b10209ec831b0bbfc60876586852fd8d7c3ca2c040ab3b,hardware,candidate-addition,"Added prior-art screen result (context-copy chaining −8% on default-temperature chat, greedy-only; sampled point-mass concern), Q38-T7 reuse-path count (179/230 live recurrence, 41 checkpoint fallbacks), and separate #27870 pre-fix divergent-barrier root cause requiring v11 fix.",wiki/speculative-decoding.md#supplemental-measured-and-proposed-speculation-evidence--oct-3-6,"git diff d69866b6..HEAD, added F12 reuse note / V11-FA-2 attribution; candidate captures reuse boundary."
handoffs/active/eval-tower-verification.md,handoff-active,132383,c7c9e45de131f75f1af81a91f5852ce466b3c342b9487215ab7e27a9b7f9cf87,changed,c58abd32f1566aa7192375f93fcdcbf2d85d8cd871db97ffe4ac2e9084e69c7c,local,candidate-addition-qualified,Accepted bounded accounting/scorer changes synthesized; filed evaluation/SFT work explicitly remains prospective.,wiki/benchmark-methodology.md#compiled-update--2026-10-06-accounting-acceptance-has-a-smaller-scope-than-benchmark-conformance,handoffs__active__eval-tower-verification.md.audit.txt
handoffs/active/exl3-cpu-mi210-implementation.md,handoff-active,45653,8efaf1973c546cb835bc2faefe9e2e49442c47dc17eeee435f53c3cf14106db5,changed,49bfa7f19cb4afdd48bac1489a82fa480a121aa03888972939de987b15ed24b3,campaign,campaign: EXL3-X0 preregistered +10% rule produced no 27B speed case; device correctness still has open oracle/teardown issue and integration remains parked for this model.,EXL3-X0 preregistered +10% rule produced no 27B speed case; device correctness still has open oracle/teardown issue and integration remains parked for this model.,hardware-optimization.md — Incremental update 2026-10-06,source-review.tsv; hash check MATCH
handoffs/active/gpu-serving-tie-in-program.md,handoff-active,83244,9033e2084c496aa3cd188c80b0afabc6a49b5659016543e7534d1fe11397ead9,changed,0ddde8d5269b36959b47113a8ed5e3207027e1ca358b845270bc8cef3d17675a,hardware,no-new-measurement; candidate-link,Diff adds proposed KVU-16g first-prompt TTFT and YARN-E1-MEM overshoot attribution tasks; no new measured outcome. Existing measured 15 GiB overshoot is linked as context in context page.,wiki/inference-serving.md#supplemental-serving-findings--oct-3-6-changed-files; wiki/context-extension.md#supplemental-changed-source-coverage--oct-3-6,"Added tasks only, retained as prospective; no result inferred."
handoffs/active/harness-selection-and-integration.md,handoff-active,64415,2192c7d0d1a0451e9ebf249bd668eaec3184ce664ef67a84fdf49bd15ffec7eb,changed,8ba03d3a4fc3e08e8a1e334aff50448021126841ee943e8acbdfb01ca138915d,campaign,"campaign: Off-host fixtures close image-control refusal, disabled-tool and MCP progress/timeout defects; these are interface/code-validation outcomes, not model-performance measurements.","Off-host fixtures close image-control refusal, disabled-tool and MCP progress/timeout defects; these are interface/code-validation outcomes, not model-performance measurements.",agent-architecture.md — Incremental update 2026-10-06,source-review.tsv; hash check MATCH
handoffs/active/heterogeneous-slot-fabric-residency.md,handoff-active,34099,d5dfbd0b6e3324c94b401a4ae4f127a9a9f07c80456664d940000c3c7794d36d,changed,e0b7fa4ee205e66bef592b6f68318fb932459d4ab1ae7803b334a9c1371868d4,hardware,candidate-addition,"NI10/NI32 source boundaries: 19 journal rows lacked session keys, zero eligible pairs/tuple; synthetic source/schema controls passed, but do not establish a gap distribution or join.",wiki/inference-serving.md#supplemental-serving-findings--oct-3-6-changed-files,"git diff d69866b6..HEAD, 2026-10-05 source-boundary and receipt note; distinguishes fixtures from live data."
handoffs/active/intake-derived-work-2026-07-25.md,handoff-active,81253,b13cb4c4ec91c153f5000c0e54a7940e9f4d53b593691c45939e863e558e7e08,changed,fdc785d0c56faedd103df6049d5d661da577172497afc3717b09c634bb74c2e8,local,no-new-already-covered,"Trusted page already captures source-first operational mapping, semantic main review, selected retrospective scope and no completeness/ROI claims; no additional application execution appears in hunk.",wiki/knowledge-management.md#compiled-update--2026-10-04-practical-outcome-checks-are-implemented-not-semantic-proof,handoffs__active__intake-derived-work-2026-07-25.md.audit.txt
handoffs/active/intake-reverification.md,handoff-active,6497,34a15c7dd0ad15447a131ebade4e447735e1950e4a46e503507bb422887f54fb,added,absent,root,compiled in knowledge_management and benchmark_methodology,"The accepted Stage-2 read-depth contract prevents future digest relays from being treated as source reads; the audit reports 352/889 at-risk flags (overlapping heuristic flags, not failures), and the 2026-10-06 nine-entry batch was later re-read at 1c5183df9. Seven IRV tasks remain open with foreign owners. Validator code gates dive-verified only; schema also names dive-overturned, a scope discrepancy left to the owner. This wrap does not re-verify old dives or alter intake records.",wiki/knowledge-management.md#compiled-update-2026-10-06-fix-read-depth-forward-audit-past-dives-separately; wiki/benchmark-methodology.md#compiled-update-2026-10-06-risk-screens-and-validation-gates-have-different-denominators,intake-reverification.md fully read (72 lines); audit: artifacts/intake-depth-audit-20261006/AUDIT.md; code/schema checked at 75b3b1cb; cited artifact itself is outside the compile scanner source set
handoffs/active/iqk-iquant-enablement.md,handoff-active,29038,194aa0e6584a7136738bead92ce36e8a839c7855b54b93b5d1336e562c025390,changed,0008dfcf6186e8cb1df280e24910acfe53fb3727b9cfbb104eb1b491495cab53,hardware,candidate-addition-qualified,"NEW-8 is a gated Q38FN IQ*_K/KS self-quant/ik instrument proposal after operator exception; no arch, source artifact or run existed on disk and no measured IQ*_K speed/quality result. Destination carries proposal as such.",wiki/hardware-optimization.md#supplemental-source-evidence--oct-3-6-changed-files,"git diff d69866b6..HEAD, added NEW-8 with preconditions, floors and stop gates; page labels proposal, not result."
handoffs/active/kv-prefix-fork-and-paged-attention.md,handoff-active,55169,c481e2b4c80cadcc2c8ccece859cbc26abdba42955bf016c52417a38ef27873c,added,absent,hardware,candidate-addition,"New P1 source: CPU fork/state checks bit-identical across four memory types; three 1,575-token children forked 1,560 and prefetched 9–15; unique cells 1,772 vs 6,452 logical; one thread-8 post-purge hybrid divergence attributed to cell order, pending production-scale controls.",wiki/kv-cache.md#supplemental-kv-findings--oct-3-6-changed-files,Entire added source and P1 progress/results blocks; page preserves CPU-only/experimental boundary.
handoffs/active/kv-unified-stack-rollout.md,handoff-active,125288,0bc1cf7b253e532531b8d856f40b384a3336477b2c847286eaadf60c4df9702f,changed,097512538f0ab5c4c3993bd2f646a29555476e772ef773f5ae2b79235e451349,campaign,campaign: KVU-16 concurrency result fails its criterion and leaves full-pool residency unproven; KVU-18/19 neighbor penalty and masked-block remediation captured with scope limits.,KVU-16 concurrency result fails its criterion and leaves full-pool residency unproven; KVU-18/19 neighbor penalty and masked-block remediation captured with scope limits.,inference-serving.md — Incremental update 2026-10-06,source-review.tsv; hash check MATCH
handoffs/active/learned-routing-controller.md,handoff-active,134270,dcf026a5b7ecc7a4b2154fed520eeb9f1e87f5b4c36d58ffbc908981200e9cdb,changed,8cd060d5444dfa9aa9c50abf7b20bcd98be86810472d2d3f3e1f3e95625e869f,local,no-new-prospective-contract,"LRC-RI-EXTRACT-SOURCE, availability-aware observed-cell scorer, cached grouped screen and concurrency refinement are filed acceptance tasks. No completed source extraction fix, calibrated challenger or enabling decision appears. Historical 540-row/1031-feature inventory is not quality evidence.",wiki/agent-architecture.md#key-findings; wiki/routing-intelligence.md#key-findings,handoffs__active__learned-routing-controller.md.audit.txt
handoffs/active/llama-cpp-dsa-contribution.md,handoff-active,28712,848b8ca7da0c4e8bc80aa74f1099f32eef8710f1a86ed910faed30dfbee50682,changed,121a4ea7c77463eaa2145085f8ce0c11a8195e839d890a3cdac8ee984d4e1849,hardware,candidate-addition-qualified,Code-read cross-reference: DS41 QSA builds a -inf mask over compressed rows and copies full compressed plane each layer/step (~29 KiB/context token/step arithmetic); not measured.,wiki/hardware-optimization.md#supplemental-source-evidence--oct-3-6-changed-files,"git diff d69866b6..HEAD, new cross-reference dated Oct 4; page explicitly labels code-read/computed and curve unmeasured."
handoffs/active/memento-block-reasoning-compression.md,handoff-active,26282,2ec14ae6d963f2875981f975981f855f67e8bdbdf2a8ffedeb23f0950b1a93c0,changed,c6cdb1368a062bccbd33b7e8a914a349a7cfd4bb557149a27ef76265e5166184,local,candidate-addition-qualified,Accepted bounded accounting/scorer changes synthesized; filed evaluation/SFT work explicitly remains prospective.,wiki/benchmark-methodology.md#compiled-update--2026-10-06-accounting-acceptance-has-a-smaller-scope-than-benchmark-conformance,handoffs__active__memento-block-reasoning-compression.md.audit.txt
handoffs/active/mi210-q8-dequant-gemv-roofline.md,handoff-active,40195,40106ffb6e3f13cc24214a24d4bfa8e92326fbf219c562332c54abfe04ea9fed,changed,81382e0f244a64c2f77525e14ab4d4513d031926d10519513832abad7e49d3a8,hardware,no-new-outcome; qualified-plan,"Only current production basis corrected to v10 and a PROPOSED, not approved/built/run/deployed MoE Q8 fusion qualification. No benchmark result in hunk.",wiki/hardware-optimization.md#supplemental-source-evidence--oct-3-6-changed-files,"git diff d69866b6..HEAD, header and proposed INF37-MOE-Q8-FUSION block; destination links this design boundary without a result claim."
handoffs/active/model-stack-single-source-update-pipeline.md,handoff-active,87242,9cc6969f1d00d6ad92b42269b063023080c536d12e11b68eb48498c5aab29595,changed,4bed9a29aa5ceba14f81632cbacd3e197086c70a574a23c019e45f12bfb2737a,codex-ni-main,applied-wrap-documentation-reviewed,"Accepted bounded accounting/scorer changes synthesized; filed evaluation/SFT work explicitly remains prospective. Additional post-review diff closes SSU-DOC-STORE-DEFAULTS/NI05-79 at APP07b352d0/main4a11e974 and treats NI75 pending checkpoints as history; frozen-production, diagnostic override and experimental-library-path boundaries remain explicit.",wiki/knowledge-management.md#compiled-update--2026-10-06-capture-evidence-at-the-write-boundary,progress/2026-10/2026-10-06-codex-ni-final-wrap.md#main-application-and-final-validation; artifacts/wrapups/2026-10-06-main-wiki-review.json
handoffs/active/non-inference-backlog.md,handoff-active,98087,caf925c43c1a22923d5c76b2e53b0416d730ad46fa2648b0e8edee798edf5c85,changed,3c343599f750b3a863632d9247d797602e982b05714335f9f24869d63d43e39f,codex-ni-main,applied-wrap-documentation-reviewed,"Queue/checkoff and producer-consumer custody updates duplicate canonical source-handoff outcomes or progress-owner synthesis; no separate empirical outcome or new grader inferred. NI05 queue compaction retains all16 unchecked NIB2 texts and current ownership/gates, moves78 unchanged completed task texts to the completed sibling, adds the NI79 completion pointer and preserves declared scratch roots.",wiki/knowledge-management.md#compiled-update--2026-10-06-capture-evidence-at-the-write-boundary,progress/2026-10/2026-10-06-codex-ni-final-wrap.md#main-application-and-final-validation; artifacts/wrapups/2026-10-06-main-wiki-review.json
handoffs/active/qwen38-27b-replace-qwen36.md,handoff-active,47794,87af4c725475c5647f40a4968959327f734f8ee63aae8f438e150dc384fa7496,changed,eae14a0ae39af4720a8adb273486c030f1e05787c89477f0c82e36f0fb64e784,hardware,candidate-addition,"Q38-T7 PASS after correcting length-biased classifier: production-mix DFlash2 60.02 vs no-draft 31.07 token-weighted tok/s (1.93x), acceptance .53, 0/24 drafting regressions; long-context comparison crosses pool shapes; 80K needle confounded; organic acceptance separate.",wiki/inference-serving.md#supplemental-serving-findings--oct-3-6-changed-files; wiki/speculative-decoding.md#supplemental-measured-and-proposed-speculation-evidence--oct-3-6,"git diff d69866b6..HEAD, Q38-T7 result and T7a/b boundary; synthesized with each caveat."
handoffs/active/reasoning-compression.md,handoff-active,96430,239d3bdda2241c885db98f051ac1e0835bef3e04ab2bab92590c26eecdf1fc01,changed,1023acaf89624eda346ca46ace8e514e755c270a2159a8d3fae7130eb2326db0,local,no-new-prospective-contract,"RC-XLLM-PREFILL-1 is an approved finite native teacher/student feasibility task, independent of broader >=7B/GGUF watch triggers. No executed smoke or runtime support exists in this delta; retain the changed execution conditions in handoff rather than assert a result.",wiki/agent-architecture.md#key-findings; wiki/routing-intelligence.md#key-findings,handoffs__active__reasoning-compression.md.audit.txt
handoffs/active/repl-embedding-retrieval.md,handoff-active,25122,06167c7b289b9f9062679fba69b8ef0318caca29ea71d40741bace25d1b64861,changed,430491dbcf20e7f5553ab14252b812642189e43ef55eb4b726695ab9d8ddb496,local,no-new-already-covered,"REPL-EMB-4.5 expiry is completed (19 runtime-flags and48 feature fixtures), with no reload. Already synthesized in trusted wiki/tool-implementation.md, Offline campaign: expiry and prospective artifact custody (2026-10-05); no further addition needed.",wiki/tool-implementation.md#offline-campaign-expiry-and-prospective-artifact-custody-2026-10-05,handoffs__active__repl-embedding-retrieval.md.audit.txt
handoffs/active/repl-session-memory-maturity.md,handoff-active,38439,2b644e1ea9b6c34c49c226b42046180a95b51eb70798ffb59c25fe7b2df81335,changed,457975f9b32aa89fc1e454ab8feab578a6e83e60cedc1df4276f9cbfe0b0f89a,local,no-new-prospective-contract,D-RI-PICKLE-PASS/TIMEOUT-STATE/CONTAIN/MONTY-SLICE and D-g refinement are filed preservation/containment tasks. No signed-payload or contained-runtime completion is asserted; twelve-case timing would remain descriptive rather than p95/security certification.,wiki/agent-architecture.md#key-findings; wiki/routing-intelligence.md#key-findings,handoffs__active__repl-session-memory-maturity.md.audit.txt
handoffs/active/routing-intelligence.md,handoff-active,49531,3bee93c8d315bab6f38b27143aadbb77930443476e0ef98f90b73f65f8abcd89,changed,2d885369306d086a363edcd1d4e98ffbf6ea5a3507bba553f09a3bd369301fd1,local,no-new-unfinished-verification,"RI-18 removal deployed but completed live-chat proof remains absent: placement-timeout null fields do not demonstrate post-answer gate removal. Preserve as open source status, not accepted empirical proof.",wiki/routing-intelligence.md#key-findings,handoffs__active__routing-intelligence.md.audit.txt
handoffs/active/scoring-infra-standardization.md,handoff-active,44885,2425f14edb1734e8fd02c25ee9ffb8d7418a53d2e6127e474eb5ac0333821f26,changed,0d197fb2548c3d538fd24c03a593656bf203aa2436df979c3c09de778d23d92a,local,candidate-addition-qualified,Accepted bounded accounting/scorer changes synthesized; filed evaluation/SFT work explicitly remains prospective.,wiki/benchmark-methodology.md#compiled-update--2026-10-06-accounting-acceptance-has-a-smaller-scope-than-benchmark-conformance,handoffs__active__scoring-infra-standardization.md.audit.txt
handoffs/active/shape-keyed-contention-gating.md,handoff-active,70422,a792811b7646aba67ef70b8d37f7ca5f0cbd8242a68a9925d0477a0699bef726,changed,de6f1cb4ac3c51345007b89fca6412f54903905fab9e9dd1915ad2a8f34ebb89,hardware,candidate-addition-qualified,"REGION-SIBLING-1 found sibling CPUs 160–183 dropped, overlapping held 0–95 region; branch fix passed 816 tests (22 new) and end-to-end refusal but was not merged/deployed.",wiki/inference-serving.md#supplemental-serving-findings--oct-3-6-changed-files,"git diff d69866b6..HEAD, REGION-SIBLING-1 source finding and implementation status; page marks non-deployed."
handoffs/active/speculative-decoding-mtp-refresh.md,handoff-active,87699,03b34597b4de0d9032c02095fe9a1228c3644327828a12e1a210269d5db06a2c,changed,0fd8e555806da38330ea402e560ce3063713ccf4f26dafbeadca8efcf73351fc,hardware,candidate-addition-qualified,Target-precision comparison revised as same-backend controlled design; Copy-Spec P1/width/GPU/recipe tasks proposed on Oct 6; no new Copy-Spec result.,wiki/speculative-decoding.md#supplemental-measured-and-proposed-speculation-evidence--oct-3-6,"git diff d69866b6..HEAD, target precision design and Copy-Spec block; page labels proposals."
handoffs/active/stack-change-governance-pipeline.md,handoff-active,29787,d7b4e15555f11bbe6bc8ed22e2e8755aea72435361dac9118ee4caeaa6c16297,changed,0d06d1d9140ff22111984983e0235eae7ad2eb9842a58c6a13cb6551b58a4500,local,no-new-prospective-contract,Completed stale-fixture and lease-fixture repairs remain source-specific integration records. WARM default-launch classification package needs signature; live_stack is preserved because its impact is CRITICAL. Speech idle OMP observation belongs to campaign/hardware synthesis. Proposed fixture review/reindex/readers/expired overrides remain incomplete.,wiki/agent-architecture.md#key-findings; wiki/routing-intelligence.md#key-findings,handoffs__active__stack-change-governance-pipeline.md.audit.txt
handoffs/active/tool-use-eval-contract.md,handoff-active,69020,bddc28fc2a546f02b985336cdd6a85eaded6cb069d853523c77e820309a8f126,changed,34d2209e9e4cb7e95c605e32e584fdd1da14b7e432766b3df76e328074d65b45,local,candidate-addition-qualified,Accepted bounded accounting/scorer changes synthesized; filed evaluation/SFT work explicitly remains prospective.,wiki/benchmark-methodology.md#compiled-update--2026-10-06-accounting-acceptance-has-a-smaller-scope-than-benchmark-conformance,handoffs__active__tool-use-eval-contract.md.audit.txt
handoffs/active/typed-decision-plane.md,handoff-active,79776,f04a9e21153efeecdc89655821916a4ed27a78544690f15fd93f656aaa2190a8,changed,55afceb9d17c0726f66c3f46617413a1841ec88e4a2618ab4c0eee83934a21db,local,candidate-addition-qualified,"TD-30 library/localhost endpoint implementation and API deployment synthesized without calibration/era claim. TD-30a-f, TD-31 and joint/shadow routing refinements remain prospective; no promotion or coherence-quality inference.",wiki/benchmark-methodology.md#compiled-update--2026-10-06-accounting-acceptance-has-a-smaller-scope-than-benchmark-conformance,handoffs__active__typed-decision-plane.md.audit.txt
handoffs/active/unified-trace-memory-service.md,handoff-active,49730,047a5f5576641b31a67990b77aa6c7d533d86160736c6d85f83c7cdc359ae19a,changed,05801218fd537bbb4edb54bef2f1bf9cfa5c0b4a66d8b1fa5e839b8d541afd0d,local,candidate-addition-qualified,Accepted bounded accounting/scorer changes synthesized; filed evaluation/SFT work explicitly remains prospective.,wiki/benchmark-methodology.md#compiled-update--2026-10-06-accounting-acceptance-has-a-smaller-scope-than-benchmark-conformance,handoffs__active__unified-trace-memory-service.md.audit.txt
handoffs/active/vidya-belief-substrate-program.md,handoff-active,279205,68e3e76deaa2928b91ff7aca3479ff1b0301d62e33cfd4cc51806c05bb104d79,changed,23f9fb4ca5ca68b509f0739242e3b5837480f2d36aa51c3da6e5202dca05c7e3,codex-ni-main,applied-wrap-documentation-reviewed,"Queue/checkoff and producer-consumer custody updates duplicate canonical source-handoff outcomes or progress-owner synthesis; no separate empirical outcome or new grader inferred. The new dated VB-NI-WRAP-WIKI-DEPS/NI05-79 completion records wiki dependency edges only; no new belief source class, ClaimTuple producer, grader or ledger write. Preparation citation classifications remain explicit.",wiki/knowledge-management.md#compiled-update--2026-10-06-capture-evidence-at-the-write-boundary,progress/2026-10/2026-10-06-codex-ni-final-wrap.md#main-application-and-final-validation; artifacts/wrapups/2026-10-06-main-wiki-review.json
handoffs/active/yarn-context-extension-research.md,handoff-active,34602,c0f35796efe0ff2530fae304f9e1708835b35cbf795a5fc3e30e91bd2feddbc9,changed,be90c59d06e2d97db6d6970d4ac5bcead0c71628b4b9a2d4e8b0b9edba2c9d09,hardware,candidate-addition,"Rewritten research tasks/results report E1 GPU memory overshoot (+15 GiB) and CPU depth/native-window results; reviewed progress confirms static ×2 failed inertness (−1.3% depth 0, −7.6% at 34K; acceptance 53%→48%). No production static flags authorized.",wiki/context-extension.md#supplemental-changed-source-coverage--oct-3-6,"git diff d69866b6..HEAD, E1 rewrite plus memory and task state; paired source progress supplies CPU numbers."
handoffs/completed/non-inference-backlog-ni05-2026-10-06.md,handoff-completed,33531,14166a989d797b8da9f1da542c19dda57cca5fe629f5157844f8abd3065a33f7,added,absent,codex-ni-main,applied-wrap-documentation-reviewed,"New completed ledger contains exact NI05-01..79 rows and task/report mapping; first78 task texts preserved, NI79 explicitly dated, reciprocal active-parent link, parent16 open items retained and scratch-gate custody qualified.",wiki/knowledge-management.md#compiled-update--2026-10-06-capture-evidence-at-the-write-boundary,progress/2026-10/2026-10-06-codex-ni-final-wrap.md#main-application-and-final-validation; artifacts/wrapups/2026-10-06-main-wiki-review.json
progress/2026-10/2026-10-03-ak-ds41-main.md,progress,11161,b82c40056379dc7333a52a7bc5c976fcd92fa985a21aa40e5d2342bc57d04336,changed,b7b89c3f80531ce885bc2572ec70c431de9e5b0a7b8e923656922013725f7454,progress,substantive_science_finding_for_owning_session_candidates,X0 measured no np1 low-bit speed case on the original route; P3 measured parked-neighbour and batched unified-pool costs; later routing results must preserve that original kernel scope.; disposition: Material measured/code-read/planned distinctions retained in finding; owning handoff/science sweep prepares corresponding full article candidates. This progress audit does not duplicate those candidate edits.,wiki/kv-cache.md#incremental-synthesis--2026-10-06-root-wrap; wiki/hardware-optimization.md#incremental-synthesis--2026-10-06-root-wrap,coverage-ledger.json ordinal 0; full current text b82c40056379dc7333a52a7bc5c976fcd92fa985a21aa40e5d2342bc57d04336; reviewed 8928 bytes from 00.txt
progress/2026-10/2026-10-03-decision-tools-intake.md,progress,2681,c53736b624ddb0d35f0eff52cf28c0ffcbeb95897ca9780ed9a4e2bff30d8633,added,absent,progress,source_specific_no_new_wiki_claim,"Forty-five independently second-read sources and fifty intake records are source/code review, with five stage1-unverified narratives; stage3 approval remains separate from source review.; disposition: This source records Forty-five independently second-read sources and fifty intake records are source/code review, with five stage1-unverified narratives; stage3 approval remains separate from source review. The bounded fixture/report/checkpoint details remain in its durable source; no additional standalone reusable or scientific claim is warranted.",[],coverage-ledger.json ordinal 1; full current text c53736b624ddb0d35f0eff52cf28c0ffcbeb95897ca9780ed9a4e2bff30d8633; reviewed 2681 bytes from 01.txt
progress/2026-10/2026-10-03-workspace-ec.md,progress,41571,d5d8b251b63bc016ea75f9994753ba44f1815ea29047248a515f2e986e310607,changed,4a22dfecdb7bca80b33981cf0c3a8f0ad636686125aeb7ff71a4df5fbe33e932,progress,substantive_science_finding_for_owning_session_candidates,Unified-pool concurrency criterion was not met by largely serial prefill; restored slots under-report fill; diagnostic slots-debug makes prefix credit active and changes baseline semantics; masked-block-skip build was not yet production.; disposition: Material measured/code-read/planned distinctions retained in finding; owning handoff/science sweep prepares corresponding full article candidates. This progress audit does not duplicate those candidate edits.,wiki/inference-serving.md#incremental-synthesis--2026-10-06-root-wrap; wiki/kv-cache.md#incremental-synthesis--2026-10-06-root-wrap,coverage-ledger.json ordinal 2; full current text d5d8b251b63bc016ea75f9994753ba44f1815ea29047248a515f2e986e310607; reviewed 25651 bytes from 02.txt
progress/2026-10/2026-10-04-ak-ds41-main.md,progress,23080,972fbfaa1d81af0eb867c3b19c494e7927a13fe29e751c169bd86d6275555e2e,added,absent,progress,substantive_science_finding_for_owning_session_candidates,KQ-route gains were initially single-launch observations; interleaved confirmation refuted a Q4_K regression; bundle gates rejected held keeps; wrong fake token IDs made coherence classification vacuous; cleanup removed a load-bearing environment-selected worktree.; disposition: Material measured/code-read/planned distinctions retained in finding; owning handoff/science sweep prepares corresponding full article candidates. This progress audit does not duplicate those candidate edits.,wiki/hardware-optimization.md#supplemental-source-evidence--oct-3-6-changed-files,coverage-ledger.json ordinal 3; full current text 972fbfaa1d81af0eb867c3b19c494e7927a13fe29e751c169bd86d6275555e2e; reviewed 23080 bytes from 03.txt
progress/2026-10/2026-10-04-workspace-ec.md,progress,48894,b2471ce4fdd6f72ec4976a54ff35e7a7d7b6c413f3234e8f48eac531999021a1,added,absent,progress,substantive_science_finding_for_owning_session_candidates,Masked tiles use the union of sequence live sets; per-sequence routing helps batched decode. Arena fix bounds graph-buffer growth; v11 NaNs trace to divergent-barrier race; GPU YaRN E1 passes needle depth but fails memory criterion; classifier length bias and fake IDs required replacement.; disposition: Material measured/code-read/planned distinctions retained in finding; owning handoff/science sweep prepares corresponding full article candidates. This progress audit does not duplicate those candidate edits.,wiki/kv-cache.md#supplemental-kv-findings--oct-3-6-changed-files; wiki/context-extension.md#incremental-synthesis--2026-10-06-root-wrap,coverage-ledger.json ordinal 4; full current text b2471ce4fdd6f72ec4976a54ff35e7a7d7b6c413f3234e8f48eac531999021a1; reviewed 48894 bytes from 04.txt
progress/2026-10/2026-10-05-ak-ds41-main.md,progress,9505,5ace111b591012e94da00ced7b21fad3b3684050782cf9769c91bd4947fb11d8,added,absent,progress,substantive_science_finding_for_owning_session_candidates,"Q38FN QSA realizes sparse top-k with a dense full-mask FA path (code-read, depth curve unmeasured); Qwen3.6 dense curve cannot transfer to Q38FN. New-anchor epoch rotation is explicit; drain is terminal; reported Q38FN keeps remain below recalibrated floor.; disposition: Material measured/code-read/planned distinctions retained in finding; owning handoff/science sweep prepares corresponding full article candidates. This progress audit does not duplicate those candidate edits.",wiki/hardware-optimization.md#supplemental-source-evidence--oct-3-6-changed-files,coverage-ledger.json ordinal 5; full current text 5ace111b591012e94da00ced7b21fad3b3684050782cf9769c91bd4947fb11d8; reviewed 9505 bytes from 05.txt
progress/2026-10/2026-10-05-codex-ni-applicability.md,progress,1429,a2e1aee5c63f5f4749d494ac5982fb19ab19d645bfbcc6eab4f464f08f6516ab,added,absent,progress,source_specific_no_new_wiki_claim,Optional applicability records only native producer scope; absent scope preserves legacy frame bytes and grading remains unchanged.; disposition: This source records Optional applicability records only native producer scope; absent scope preserves legacy frame bytes and grading remains unchanged. The bounded fixture/report/checkpoint details remain in its durable source; no additional standalone reusable or scientific claim is warranted.,[],coverage-ledger.json ordinal 6; full current text a2e1aee5c63f5f4749d494ac5982fb19ab19d645bfbcc6eab4f464f08f6516ab; reviewed 1429 bytes from 06.txt
progress/2026-10/2026-10-05-codex-ni-gates.md,progress,1869,0abfcf43176fd1b91f33d96e8b20dd72728be1dda2562e6e612b183ffe245e16,added,absent,progress,source_specific_no_new_wiki_claim,Makefile gates now fail on missing/failing linters; genuine devcontainer gate execution exposed shell formatting debt rather than passing vacuously.; disposition: This source records Makefile gates now fail on missing/failing linters; genuine devcontainer gate execution exposed shell formatting debt rather than passing vacuously. The bounded fixture/report/checkpoint details remain in its durable source; no additional standalone reusable or scientific claim is warranted.,[],coverage-ledger.json ordinal 7; full current text 0abfcf43176fd1b91f33d96e8b20dd72728be1dda2562e6e612b183ffe245e16; reviewed 1869 bytes from 07.txt
progress/2026-10/2026-10-05-codex-ni-ingest.md,progress,1511,862c15a16e79f93bd0834b934c4f9f40e299649f7ca1497ac75a59035552cd9b,added,absent,progress,source_specific_no_new_wiki_claim,"Only-new skips complete live bundles but refuses partial, damaged, divergent or historical bundles and cannot revive retractions.; disposition: This source records Only-new skips complete live bundles but refuses partial, damaged, divergent or historical bundles and cannot revive retractions. The bounded fixture/report/checkpoint details remain in its durable source; no additional standalone reusable or scientific claim is warranted.",[],coverage-ledger.json ordinal 8; full current text 862c15a16e79f93bd0834b934c4f9f40e299649f7ca1497ac75a59035552cd9b; reviewed 1511 bytes from 08.txt
progress/2026-10/2026-10-05-codex-ni-main.md,progress,4524,5a996468a13e028a3e7fa0505156d29b8458506236597f69f4af132ae6d2ae56,added,absent,progress,already_covered,Synthetic oracle/vector and strategy custody deliveries retain original tested pins and private-original/public-subset limits; their case results do not establish corpus or model quality.; disposition: The same substantial source claim sentence is already present in the exact article section cited; new task-local custody/fixture details remain in this durable progress source.,"[{""article"": ""wiki/tool-implementation.md"", ""line"": 1452, ""section"": ""### Prospective private gate and managed-import findings (2026-10-05)"", ""section_line"": 1370, ""same_claim_confirmed"": true, ""exact_matched_sentence"": ""2026-10-05 NI05-53 completed: prospective private original Strategy Projection Report custody and strict reader/CLI enrollment are published to ROOT main 7c782a266b2551127aff1dd93f29a9e597321117.""}]",coverage-ledger.json ordinal 9; full current text 5a996468a13e028a3e7fa0505156d29b8458506236597f69f4af132ae6d2ae56; reviewed 4524 bytes from 09.txt
progress/2026-10/2026-10-05-codex-ni-promote.md,progress,1384,510b30c8daf1add1d2641057883fe2b4284f09b6dfef649a71ef35f316febaf2,added,absent,progress,source_specific_no_new_wiki_claim,Promotion lease must resolve the shared Git common directory so independent worktrees contend for the same repository lease.; disposition: This source records Promotion lease must resolve the shared Git common directory so independent worktrees contend for the same repository lease. The bounded fixture/report/checkpoint details remain in its durable source; no additional standalone reusable or scientific claim is warranted.,[],coverage-ledger.json ordinal 10; full current text 510b30c8daf1add1d2641057883fe2b4284f09b6dfef649a71ef35f316febaf2; reviewed 1384 bytes from 10.txt
progress/2026-10/2026-10-05-codex-ni16.md,progress,1814,b4d3e8a63c171fef6d31858b9a430d8b2609405d7b2dfe6009da89f22d80f340,added,absent,progress,source_specific_no_new_wiki_claim,Explicit and empty environment overrides avoid eager production-store resolution; absent defaults retain strict refusal.; disposition: This source records Explicit and empty environment overrides avoid eager production-store resolution; absent defaults retain strict refusal. The bounded fixture/report/checkpoint details remain in its durable source; no additional standalone reusable or scientific claim is warranted.,[],coverage-ledger.json ordinal 11; full current text b4d3e8a63c171fef6d31858b9a430d8b2609405d7b2dfe6009da89f22d80f340; reviewed 1814 bytes from 11.txt
progress/2026-10/2026-10-05-codex-ni21.md,progress,1706,5c40385d6b6d4d4bb0a0562f3e93d8825a00631f250b96ba2b4f4c3e0f9311d4,added,absent,progress,source_specific_no_new_wiki_claim,Nine shell formatting edits retained typed AST equality; actual static Makefile gates passed with pinned image tools; separately generated artifacts were not retrospectively attached.; disposition: This source records Nine shell formatting edits retained typed AST equality; actual static Makefile gates passed with pinned image tools; separately generated artifacts were not retrospectively attached. The bounded fixture/report/checkpoint details remain in its durable source; no additional standalone reusable or scientific claim is warranted.,[],coverage-ledger.json ordinal 12; full current text 5c40385d6b6d4d4bb0a0562f3e93d8825a00631f250b96ba2b4f4c3e0f9311d4; reviewed 1706 bytes from 12.txt
progress/2026-10/2026-10-05-codex-ni27.md,progress,2249,5bd0ff4e27c1aa8aa277f750008d30a984ffcb7603923af1872f50e2b3ba2167,added,absent,progress,source_specific_no_new_wiki_claim,Exact argv position observation replaces process-name matching; unreadable proc observation refuses authority append rather than reporting absence.; disposition: This source records Exact argv position observation replaces process-name matching; unreadable proc observation refuses authority append rather than reporting absence. The bounded fixture/report/checkpoint details remain in its durable source; no additional standalone reusable or scientific claim is warranted.,[],coverage-ledger.json ordinal 13; full current text 5bd0ff4e27c1aa8aa277f750008d30a984ffcb7603923af1872f50e2b3ba2167; reviewed 2249 bytes from 13.txt
progress/2026-10/2026-10-05-codex-ni60-fixture-custody.md,progress,2182,2e1e2f352f690021d047fdea098862e649be357b266b7371051cb7f856f3df09,added,absent,progress,source_specific_no_new_wiki_claim,Local deterministic embedding fixtures pass whole selected modules; semantic quality and live-store behavior are excluded.; disposition: This source records Local deterministic embedding fixtures pass whole selected modules; semantic quality and live-store behavior are excluded. The bounded fixture/report/checkpoint details remain in its durable source; no additional standalone reusable or scientific claim is warranted.,[],coverage-ledger.json ordinal 14; full current text 2e1e2f352f690021d047fdea098862e649be357b266b7371051cb7f856f3df09; reviewed 2182 bytes from 14.txt
progress/2026-10/2026-10-05-codex-noninf.md,progress,39342,4d655fd879a289dbe284313d4c831195d5090130d4d5d1cca9acef0670175cea,added,absent,progress,already_covered,"Campaign chronology distinguishes source approval, prospective original execution, mixed-suite accounting, publication and parent-program closure; no acceptance comes from queued jobs.; disposition: The same substantial source claim sentence is already present in the exact article section cited; new task-local custody/fixture details remain in this durable progress source.","[{""article"": ""wiki/tool-implementation.md"", ""line"": 1376, ""section"": ""### Prospective private gate and managed-import findings (2026-10-05)"", ""section_line"": 1370, ""same_claim_confirmed"": true, ""exact_matched_sentence"": ""2026-10-05 reviewed source boundary: NI10 explicit optional `x_client_class` validates and forwards self-reported metadata with `caller_supplied:x_client_class` provenance; omitted fields remain absent.""}]",coverage-ledger.json ordinal 15; full current text 4d655fd879a289dbe284313d4c831195d5090130d4d5d1cca9acef0670175cea; reviewed 39342 bytes from 15.txt
progress/2026-10/2026-10-05-hsf3-source-map-ni32-proposal.md,progress,3411,855eab211fb363f321729a0093aa55cc1528f6eaef8bdf9722e15b1fd4be4f29,added,absent,progress,source_specific_no_new_wiki_claim,"Tap, progress and checkpoint timestamps/identities cannot supply native call adjacency, exact enqueue or explicit class joins by inference.; disposition: This source records Tap, progress and checkpoint timestamps/identities cannot supply native call adjacency, exact enqueue or explicit class joins by inference. The bounded fixture/report/checkpoint details remain in its durable source; no additional standalone reusable or scientific claim is warranted.",[],coverage-ledger.json ordinal 16; full current text 855eab211fb363f321729a0093aa55cc1528f6eaef8bdf9722e15b1fd4be4f29; reviewed 3411 bytes from 16.txt
progress/2026-10/2026-10-05-hsod-5-image-sampling.md,progress,798,c693965943b97e0478efa85feb9b12fe87b70b38e3246d4c7ecd8e349fd757d3,added,absent,progress,source_specific_no_new_wiki_claim,Unsupported non-null image sampling controls refuse with 422 before vision dispatch; omitted/null defaults remain.; disposition: This source records Unsupported non-null image sampling controls refuse with 422 before vision dispatch; omitted/null defaults remain. The bounded fixture/report/checkpoint details remain in its durable source; no additional standalone reusable or scientific claim is warranted.,[],coverage-ledger.json ordinal 17; full current text c693965943b97e0478efa85feb9b12fe87b70b38e3246d4c7ecd8e349fd757d3; reviewed 798 bytes from 17.txt
progress/2026-10/2026-10-05-hsod-6-disabled-repl-tools.md,progress,781,1ece99bb98cd0802a5af6f0bb71eded650281ff6af7adae7142fe09a42bb3339,added,absent,progress,source_specific_no_new_wiki_claim,REPL-disabled requests with executor tools refuse with 422 and no model call; golden fixture expectations now match declared API contract.; disposition: This source records REPL-disabled requests with executor tools refuse with 422 and no model call; golden fixture expectations now match declared API contract. The bounded fixture/report/checkpoint details remain in its durable source; no additional standalone reusable or scientific claim is warranted.,[],coverage-ledger.json ordinal 18; full current text 1ece99bb98cd0802a5af6f0bb71eded650281ff6af7adae7142fe09a42bb3339; reviewed 781 bytes from 18.txt
progress/2026-10/2026-10-05-ni-ci-review-checkpoint.md,progress,4302,cf34e32518ff224d48b301ab69839acad09bc386543dfb97a60b76588de0e54d,added,absent,progress,source_specific_no_new_wiki_claim,Runner/action-resolution failures before test execution have no fixture outcome; completion requires reviewed evidenced documented published bounded deliverables.; disposition: This source records Runner/action-resolution failures before test execution have no fixture outcome; completion requires reviewed evidenced documented published bounded deliverables. The bounded fixture/report/checkpoint details remain in its durable source; no additional standalone reusable or scientific claim is warranted.,[],coverage-ledger.json ordinal 19; full current text cf34e32518ff224d48b301ab69839acad09bc386543dfb97a60b76588de0e54d; reviewed 4302 bytes from 19.txt
progress/2026-10/2026-10-05-ni01-kvq-native-statistics.md,progress,1851,66bb02547421ef3c467f5eda939e204dc771bbf7e25dafba42fdf6067f23e50c,added,absent,progress,source_specific_no_new_wiki_claim,KVQ native median records ingest without changing original statistics; missing/nonfinite medians still refuse.; disposition: This source records KVQ native median records ingest without changing original statistics; missing/nonfinite medians still refuse. The bounded fixture/report/checkpoint details remain in its durable source; no additional standalone reusable or scientific claim is warranted.,[],coverage-ledger.json ordinal 20; full current text 66bb02547421ef3c467f5eda939e204dc771bbf7e25dafba42fdf6067f23e50c; reviewed 1851 bytes from 20.txt
progress/2026-10/2026-10-05-ni04-durability-checker.md,progress,1793,b8dedb441cbb8bd716cbcb4154f4181f8e8e7cdcfc46b888525f43de5bb81eb6,added,absent,progress,source_specific_no_new_wiki_claim,Docs/handoff checker captures original reference identities and result-specific propositions; deselected host-corpus scan remains unmeasured.; disposition: This source records Docs/handoff checker captures original reference identities and result-specific propositions; deselected host-corpus scan remains unmeasured. The bounded fixture/report/checkpoint details remain in its durable source; no additional standalone reusable or scientific claim is warranted.,[],coverage-ledger.json ordinal 21; full current text b8dedb441cbb8bd716cbcb4154f4181f8e8e7cdcfc46b888525f43de5bb81eb6; reviewed 1793 bytes from 21.txt
progress/2026-10/2026-10-05-ni05-retryable-admission-sdk-validation.md,progress,3057,3d0f83497b6fd08c380888e31250d850a1d2ffa69c5de947910aea029e33e8f7,added,absent,progress,source_specific_no_new_wiki_claim,Typed admission denial is retryable 503 before SSE with retry headers; genuine upstream faults remain 502 and primed chunks replay once.; disposition: This source records Typed admission denial is retryable 503 before SSE with retry headers; genuine upstream faults remain 502 and primed chunks replay once. The bounded fixture/report/checkpoint details remain in its durable source; no additional standalone reusable or scientific claim is warranted.,[],coverage-ledger.json ordinal 22; full current text 3d0f83497b6fd08c380888e31250d850a1d2ffa69c5de947910aea029e33e8f7; reviewed 3057 bytes from 22.txt
progress/2026-10/2026-10-05-ni06-hs17-mcp-progress.md,progress,960,612d379972a9f3d9bd667bebd091550bcb30811233cbe5662b0d6a19720d309e,added,absent,progress,source_specific_no_new_wiki_claim,Asynchronous MCP calls support cancellation and monotone progress; virtual 90-second test passes; template minimum timeout is 125000 ms.; disposition: This source records Asynchronous MCP calls support cancellation and monotone progress; virtual 90-second test passes; template minimum timeout is 125000 ms. The bounded fixture/report/checkpoint details remain in its durable source; no additional standalone reusable or scientific claim is warranted.,[],coverage-ledger.json ordinal 23; full current text 612d379972a9f3d9bd667bebd091550bcb30811233cbe5662b0d6a19720d309e; reviewed 960 bytes from 23.txt
progress/2026-10/2026-10-05-ni08-temporary-runtime-flag-expiry-validation.md,progress,3765,3a781f3b0c9e985c7c59a6f77030a857c957249937589b71255a35d75451762f,added,absent,progress,source_specific_no_new_wiki_claim,Atomic experiment flags persist across restart and expire to baseline; expiry refresh uses load-start UTC/monotonic deadline and does not rewrite the file.; disposition: This source records Atomic experiment flags persist across restart and expire to baseline; expiry refresh uses load-start UTC/monotonic deadline and does not rewrite the file. The bounded fixture/report/checkpoint details remain in its durable source; no additional standalone reusable or scientific claim is warranted.,[],coverage-ledger.json ordinal 24; full current text 3a781f3b0c9e985c7c59a6f77030a857c957249937589b71255a35d75451762f; reviewed 3765 bytes from 24.txt
progress/2026-10/2026-10-05-ni10-explicit-client-class.md,progress,2193,b8f516a31f9033a2426d93f8e99e0726f3a07968668caea3820ecb106e6f1e02,added,absent,progress,source_specific_no_new_wiki_claim,"Client class is explicitly caller-supplied metadata with provenance, never verified brand identity; synthetic forwarding does not measure gap distributions.; disposition: This source records Client class is explicitly caller-supplied metadata with provenance, never verified brand identity; synthetic forwarding does not measure gap distributions. The bounded fixture/report/checkpoint details remain in its durable source; no additional standalone reusable or scientific claim is warranted.",[],coverage-ledger.json ordinal 25; full current text b8f516a31f9033a2426d93f8e99e0726f3a07968668caea3820ecb106e6f1e02; reviewed 2193 bytes from 25.txt
progress/2026-10/2026-10-05-ni10-gap-census.md,progress,1893,72fd7f84c9d6b03026cdb93e679f1edb4f217a810992d9f2d5201b5858f34585,added,absent,progress,source_specific_no_new_wiki_claim,"Exact bounded journal census found nineteen records without session keys, zero pairs; other source schemas were outside that census.; disposition: This source records Exact bounded journal census found nineteen records without session keys, zero pairs; other source schemas were outside that census. The bounded fixture/report/checkpoint details remain in its durable source; no additional standalone reusable or scientific claim is warranted.",[],coverage-ledger.json ordinal 26; full current text 72fd7f84c9d6b03026cdb93e679f1edb4f217a810992d9f2d5201b5858f34585; reviewed 1893 bytes from 26.txt
progress/2026-10/2026-10-05-ni10-session-gap.md,progress,2992,32efecf0e11ec5fe5f24d16bcdfcb36b454a9932043996bc984cd65cdb0cfc01,added,absent,progress,source_specific_no_new_wiki_claim,"Native inter-call producer retains exact enqueue versus proxy basis, independent windows and session coverage floor; staged passive hook is no live distribution.; disposition: This source records Native inter-call producer retains exact enqueue versus proxy basis, independent windows and session coverage floor; staged passive hook is no live distribution. The bounded fixture/report/checkpoint details remain in its durable source; no additional standalone reusable or scientific claim is warranted.",[],coverage-ledger.json ordinal 27; full current text 32efecf0e11ec5fe5f24d16bcdfcb36b454a9932043996bc984cd65cdb0cfc01; reviewed 2992 bytes from 27.txt
progress/2026-10/2026-10-05-ni11-api-order-and-benchmark-collection-validation.md,progress,3479,1fd50cfa8e815ddd156fb761c3343dc84f18bff951aaa266c13119520784f8d5,added,absent,progress,source_specific_no_new_wiki_claim,Forward/reverse API case identities match; benchmark collect-only succeeds; neither reconstructs historical leak cause or proves benchmark execution.; disposition: This source records Forward/reverse API case identities match; benchmark collect-only succeeds; neither reconstructs historical leak cause or proves benchmark execution. The bounded fixture/report/checkpoint details remain in its durable source; no additional standalone reusable or scientific claim is warranted.,[],coverage-ledger.json ordinal 28; full current text 1fd50cfa8e815ddd156fb761c3343dc84f18bff951aaa266c13119520784f8d5; reviewed 3479 bytes from 28.txt
progress/2026-10/2026-10-05-ni12-research-pytest.md,progress,1044,3c96066f5fb6f7b145d35b4354b8b8500011fa89f047bcb63b4e2681768176a8,added,absent,progress,source_specific_no_new_wiki_claim,Research pytest dependency was installed additively and managed imports checked; an earlier vanished launcher did not prove installation.; disposition: This source records Research pytest dependency was installed additively and managed imports checked; an earlier vanished launcher did not prove installation. The bounded fixture/report/checkpoint details remain in its durable source; no additional standalone reusable or scientific claim is warranted.,[],coverage-ledger.json ordinal 29; full current text 3c96066f5fb6f7b145d35b4354b8b8500011fa89f047bcb63b4e2681768176a8; reviewed 1044 bytes from 29.txt
progress/2026-10/2026-10-05-ni13-durability-native-projection.md,progress,2106,d27af3bde94f50aebffa41e55adb4674d857a0e7f2b273bc6c1995bb06d614af,added,absent,progress,source_specific_no_new_wiki_claim,False native checker proposition must contain the false finding because support frames omit the boolean value; qualified caveats emit no boolean tuple.; disposition: This source records False native checker proposition must contain the false finding because support frames omit the boolean value; qualified caveats emit no boolean tuple. The bounded fixture/report/checkpoint details remain in its durable source; no additional standalone reusable or scientific claim is warranted.,[],coverage-ledger.json ordinal 30; full current text d27af3bde94f50aebffa41e55adb4674d857a0e7f2b273bc6c1995bb06d614af; reviewed 2106 bytes from 30.txt
progress/2026-10/2026-10-05-ni14-session-lifecycle.md,progress,975,3044fd02b154f18b34125fdf08724a3d9249d583d9ff347a7d631c359f2696d4,added,absent,progress,source_specific_no_new_wiki_claim,"Known unexpired session end releases on signal, ordinary idle ignored, TTL provenance separate; no distinct OpenCode end event exists at the pinned version.; disposition: This source records Known unexpired session end releases on signal, ordinary idle ignored, TTL provenance separate; no distinct OpenCode end event exists at the pinned version. The bounded fixture/report/checkpoint details remain in its durable source; no additional standalone reusable or scientific claim is warranted.",[],coverage-ledger.json ordinal 31; full current text 3044fd02b154f18b34125fdf08724a3d9249d583d9ff347a7d631c359f2696d4; reviewed 975 bytes from 31.txt
progress/2026-10/2026-10-05-ni15-ci-conformance.md,progress,2716,bbcfe8907faaf33a0e1067c0e3afa8d8a58f24802fd639618e0c911f4e0cd185,added,absent,progress,source_specific_no_new_wiki_claim,"Original prospective CI capture binds request/readset before execution, true/false proposition, immutable log/JUnit; interrupted/missing/zero/all-skipped stays diagnostic.; disposition: This source records Original prospective CI capture binds request/readset before execution, true/false proposition, immutable log/JUnit; interrupted/missing/zero/all-skipped stays diagnostic. The bounded fixture/report/checkpoint details remain in its durable source; no additional standalone reusable or scientific claim is warranted.",[],coverage-ledger.json ordinal 32; full current text bbcfe8907faaf33a0e1067c0e3afa8d8a58f24802fd639618e0c911f4e0cd185; reviewed 2716 bytes from 32.txt
progress/2026-10/2026-10-05-ni18-classification-complete.md,progress,1265,e2782e76e68825cc5508ecaf60657d4df91d09668a1ddc42fdce59e09a0e30a1,added,absent,progress,source_specific_no_new_wiki_claim,"NI18 completion is exhaustive topology/classification/routing, not all895-module conformance; original826TRUE57FALSE12NULL remain.; disposition: This source records NI18 completion is exhaustive topology/classification/routing, not all895-module conformance; original826TRUE57FALSE12NULL remain. The bounded fixture/report/checkpoint details remain in its durable source; no additional standalone reusable or scientific claim is warranted.",[],coverage-ledger.json ordinal 33; full current text e2782e76e68825cc5508ecaf60657d4df91d09668a1ddc42fdce59e09a0e30a1; reviewed 1265 bytes from 33.txt
progress/2026-10/2026-10-05-ni18-fullscan-custody.md,progress,2955,c54d98c797b0756f59aa65a9492e4f0747ac0a99a1116b82e9691df9d6feb9eb,added,absent,progress,additive_benchmark_principle_candidate,"Full sweep accounts895 module receipts; missing JUnit, all-skips and inconsistent counts remain NULL. Runner scratch failures identify fixture preconditions, not automatically product defects.; disposition: Exhaustive module accounting vs conformance and specific NULL causes are added to benchmark-methodology candidate; individual run custody details remain in source.",[],coverage-ledger.json ordinal 34; full current text c54d98c797b0756f59aa65a9492e4f0747ac0a99a1116b82e9691df9d6feb9eb; reviewed 2955 bytes from 34.txt
progress/2026-10/2026-10-05-ni18-kv-slot-fixture-phase.md,progress,2261,ae26504c6d3afeeae565ea09b2cd0729c633a640e4453b14cebcb46318d68667,added,absent,progress,source_specific_no_new_wiki_claim,Source-identical command-array fixtures pass after runner-owned empty KV-slot directory setup; no server or real KV data.; disposition: This source records Source-identical command-array fixtures pass after runner-owned empty KV-slot directory setup; no server or real KV data. The bounded fixture/report/checkpoint details remain in its durable source; no additional standalone reusable or scientific claim is warranted.,[],coverage-ledger.json ordinal 35; full current text ae26504c6d3afeeae565ea09b2cd0729c633a640e4453b14cebcb46318d68667; reviewed 2261 bytes from 35.txt
progress/2026-10/2026-10-05-ni18-tmp-fixture-phase.md,progress,2048,25f8d8ac36f1b510f93b06119335c1215bcc15d249b92c666551a113c56f8dfb,added,absent,progress,source_specific_no_new_wiki_claim,"Nine unchanged modules pass after runner-owned0700 scratch setup, thirty skips retained; original failures remain immutable.; disposition: This source records Nine unchanged modules pass after runner-owned0700 scratch setup, thirty skips retained; original failures remain immutable. The bounded fixture/report/checkpoint details remain in its durable source; no additional standalone reusable or scientific claim is warranted.",[],coverage-ledger.json ordinal 36; full current text 25f8d8ac36f1b510f93b06119335c1215bcc15d249b92c666551a113c56f8dfb; reviewed 2048 bytes from 36.txt
progress/2026-10/2026-10-05-ni20-graph-dependency-contract-validation.md,progress,2179,e94547e051a06ed6a208a6e056fab04b3a3c8f0a4adaf3b98a0104ca47d6c261,added,absent,progress,source_specific_no_new_wiki_claim,"Supported graph constructor range bounded to1.80..<2; actual fresh install1.107.7 passes import, not every intermediate version or full-lock synchronization.; disposition: This source records Supported graph constructor range bounded to1.80..<2; actual fresh install1.107.7 passes import, not every intermediate version or full-lock synchronization. The bounded fixture/report/checkpoint details remain in its durable source; no additional standalone reusable or scientific claim is warranted.",[],coverage-ledger.json ordinal 37; full current text e94547e051a06ed6a208a6e056fab04b3a3c8f0a4adaf3b98a0104ca47d6c261; reviewed 2179 bytes from 37.txt
progress/2026-10/2026-10-05-ni22-refusal-marker-classifier.md,progress,1525,09989bd93aecbae977f0cd3d3d95550a16208688bbb189fd89dfd702b4abc9ab,added,absent,progress,source_specific_no_new_wiki_claim,"Temporary token-aware classifier copy blanks native refusal string envelopes; execution/raw-output custody unchanged, feature default-off.; disposition: This source records Temporary token-aware classifier copy blanks native refusal string envelopes; execution/raw-output custody unchanged, feature default-off. The bounded fixture/report/checkpoint details remain in its durable source; no additional standalone reusable or scientific claim is warranted.",[],coverage-ledger.json ordinal 38; full current text 09989bd93aecbae977f0cd3d3d95550a16208688bbb189fd89dfd702b4abc9ab; reviewed 1525 bytes from 38.txt
progress/2026-10/2026-10-05-ni23-vb-ci-attachments.md,progress,2069,33cd4183f59fa78293b1f10a47b87a69110838a2a9cd78d0dd2881e1c3f35b51,added,absent,progress,source_specific_no_new_wiki_claim,Generated-output declarations precede execution and sidecars bind original bytes; malformed/gapped capture remains diagnostic without a new artifact-derived claim.; disposition: This source records Generated-output declarations precede execution and sidecars bind original bytes; malformed/gapped capture remains diagnostic without a new artifact-derived claim. The bounded fixture/report/checkpoint details remain in its durable source; no additional standalone reusable or scientific claim is warranted.,[],coverage-ledger.json ordinal 39; full current text 33cd4183f59fa78293b1f10a47b87a69110838a2a9cd78d0dd2881e1c3f35b51; reviewed 2069 bytes from 39.txt
progress/2026-10/2026-10-05-ni24-package-a-health-preflight.md,progress,1282,5f5d4fe6fa04374cdd57ca2517d385101f60d76ba5abb902ced813e8d58b0e58,added,absent,progress,source_specific_no_new_wiki_claim,"Health preflight healthy/failure branches use fake curl and no process lifecycle commands; separate ordinary validation, no live endpoint claim.; disposition: This source records Health preflight healthy/failure branches use fake curl and no process lifecycle commands; separate ordinary validation, no live endpoint claim. The bounded fixture/report/checkpoint details remain in its durable source; no additional standalone reusable or scientific claim is warranted.",[],coverage-ledger.json ordinal 40; full current text 5f5d4fe6fa04374cdd57ca2517d385101f60d76ba5abb902ced813e8d58b0e58; reviewed 1282 bytes from 40.txt
progress/2026-10/2026-10-05-ni26-offline-cpu-cli-overrides.md,progress,3335,abd3d3c58011f8f5a15cc7d4fa542dcc3fa159f2435f3fab9a17d7dbd888d6c3,added,absent,progress,source_specific_no_new_wiki_claim,Explicit CPU CLI/config/help resolves before store defaults; absent defaults fail strictly; fake executor runs no binary.; disposition: This source records Explicit CPU CLI/config/help resolves before store defaults; absent defaults fail strictly; fake executor runs no binary. The bounded fixture/report/checkpoint details remain in its durable source; no additional standalone reusable or scientific claim is warranted.,[],coverage-ledger.json ordinal 41; full current text abd3d3c58011f8f5a15cc7d4fa542dcc3fa159f2435f3fab9a17d7dbd888d6c3; reviewed 3335 bytes from 41.txt
progress/2026-10/2026-10-05-ni28-ggml-vacuity-guard.md,progress,2017,b5b07c30536f462ebc54bf6319fa714954517a1a2da0168c26617247f662d0d5,added,absent,progress,source_specific_no_new_wiki_claim,Actual /bin/true vacuity control refuses zero ggml-base sightings; this test does not prove production binary linkage.; disposition: This source records Actual /bin/true vacuity control refuses zero ggml-base sightings; this test does not prove production binary linkage. The bounded fixture/report/checkpoint details remain in its durable source; no additional standalone reusable or scientific claim is warranted.,[],coverage-ledger.json ordinal 42; full current text b5b07c30536f462ebc54bf6319fa714954517a1a2da0168c26617247f662d0d5; reviewed 2017 bytes from 42.txt
progress/2026-10/2026-10-05-ni28-kernel-store-receipt.md,progress,2536,e94dfe6a1f844ec83044041303da0cbb040716077eccd410ef56a04abb598f46,added,absent,progress,source_specific_no_new_wiki_claim,Actual store capture binds four production symlinks and seven zero-exit static linkage records; no inference/dlopen residency or ClaimTuple.; disposition: This source records Actual store capture binds four production symlinks and seven zero-exit static linkage records; no inference/dlopen residency or ClaimTuple. The bounded fixture/report/checkpoint details remain in its durable source; no additional standalone reusable or scientific claim is warranted.,[],coverage-ledger.json ordinal 43; full current text e94dfe6a1f844ec83044041303da0cbb040716077eccd410ef56a04abb598f46; reviewed 2536 bytes from 43.txt
progress/2026-10/2026-10-05-ni30-early-abort-cycle.md,progress,2254,d2f90d5545f18056e1a4c0967b716b582c7b761d23291a01222cd67e88463c3c,added,absent,progress,source_specific_no_new_wiki_claim,Early-abort admission checks budget and role cycles at all ten routes without changing thresholds or topology; mocked route validation only.; disposition: This source records Early-abort admission checks budget and role cycles at all ten routes without changing thresholds or topology; mocked route validation only. The bounded fixture/report/checkpoint details remain in its durable source; no additional standalone reusable or scientific claim is warranted.,[],coverage-ledger.json ordinal 44; full current text d2f90d5545f18056e1a4c0967b716b582c7b761d23291a01222cd67e88463c3c; reviewed 2254 bytes from 44.txt
progress/2026-10/2026-10-05-ni31-original-policy-custody.md,progress,2870,d11e1e7fedfd7369b16e8056070e0372d62d941d23c14092372ab892be09b615,added,absent,progress,source_specific_no_new_wiki_claim,Known original policy source custody uses exact path/hash and independent ROOT revision binding; app namespace cannot borrow ROOT authority.; disposition: This source records Known original policy source custody uses exact path/hash and independent ROOT revision binding; app namespace cannot borrow ROOT authority. The bounded fixture/report/checkpoint details remain in its durable source; no additional standalone reusable or scientific claim is warranted.,[],coverage-ledger.json ordinal 45; full current text d11e1e7fedfd7369b16e8056070e0372d62d941d23c14092372ab892be09b615; reviewed 2870 bytes from 45.txt
progress/2026-10/2026-10-05-ni31-staged-fixture-custody.md,progress,4832,f34216db77cef7e3cab369c727c3a237604e23ac5ad0d20f4556b431240c78f5,added,absent,progress,source_specific_no_new_wiki_claim,Staged fixture exemption requires full indexed original exact source/request/readset custody; changed secret-shaped bytes fall back to ordinary scanner.; disposition: This source records Staged fixture exemption requires full indexed original exact source/request/readset custody; changed secret-shaped bytes fall back to ordinary scanner. The bounded fixture/report/checkpoint details remain in its durable source; no additional standalone reusable or scientific claim is warranted.,[],coverage-ledger.json ordinal 46; full current text f34216db77cef7e3cab369c727c3a237604e23ac5ad0d20f4556b431240c78f5; reviewed 4832 bytes from 46.txt
progress/2026-10/2026-10-05-ni32-synthetic-schema-boundaries.md,progress,3187,e78d84c3b31d99362573d8907bcff0cd040d2b7d1f7b6311d68301df45e7724b,added,absent,progress,source_specific_no_new_wiki_claim,Synthetic other-schema records produce no native gap pairs; exact/proxy and known/unknown-class controls preserve source boundaries.; disposition: This source records Synthetic other-schema records produce no native gap pairs; exact/proxy and known/unknown-class controls preserve source boundaries. The bounded fixture/report/checkpoint details remain in its durable source; no additional standalone reusable or scientific claim is warranted.,[],coverage-ledger.json ordinal 47; full current text e78d84c3b31d99362573d8907bcff0cd040d2b7d1f7b6311d68301df45e7724b; reviewed 3187 bytes from 47.txt
progress/2026-10/2026-10-05-ni34-staged-pii-native-capture.md,progress,3947,ac02d1e404c60ce27cdf0715f0ceb013a5d5b577f0d761c654fe8f8764a1cb39,added,absent,progress,source_specific_no_new_wiki_claim,Staged privacy gate freezes selected index/HEAD and seals native terminal events privately; inherited-setgid original remains refused; bounded gate is no entire-index attestation.; disposition: This source records Staged privacy gate freezes selected index/HEAD and seals native terminal events privately; inherited-setgid original remains refused; bounded gate is no entire-index attestation. The bounded fixture/report/checkpoint details remain in its durable source; no additional standalone reusable or scientific claim is warranted.,[],coverage-ledger.json ordinal 48; full current text ac02d1e404c60ce27cdf0715f0ceb013a5d5b577f0d761c654fe8f8764a1cb39; reviewed 3947 bytes from 48.txt
progress/2026-10/2026-10-05-ni35-managed-tooling-check.md,progress,2495,b1a12f6b1c90bdc197cfe8ef4034f2d5884697c799326d72dc6778576c6ee063,added,absent,progress,source_specific_no_new_wiki_claim,"Managed imports capture actual interpreter/check/module identity; diagnostic missing/source-drift/timeout captures emit zero rows, not host-health claims.; disposition: This source records Managed imports capture actual interpreter/check/module identity; diagnostic missing/source-drift/timeout captures emit zero rows, not host-health claims. The bounded fixture/report/checkpoint details remain in its durable source; no additional standalone reusable or scientific claim is warranted.",[],coverage-ledger.json ordinal 49; full current text b1a12f6b1c90bdc197cfe8ef4034f2d5884697c799326d72dc6778576c6ee063; reviewed 2495 bytes from 49.txt
progress/2026-10/2026-10-05-ni36-dcp-report-cache.md,progress,2626,d04b6202d835eaff5795059b8cafa0562d2e9267fa64e1afe2cf8c9075f604b3,added,absent,progress,source_specific_no_new_wiki_claim,DCP cache fixes preserve compact telemetry while returning full retained report; summary-only legacy cache entries miss report-required path.; disposition: This source records DCP cache fixes preserve compact telemetry while returning full retained report; summary-only legacy cache entries miss report-required path. The bounded fixture/report/checkpoint details remain in its durable source; no additional standalone reusable or scientific claim is warranted.,[],coverage-ledger.json ordinal 50; full current text d04b6202d835eaff5795059b8cafa0562d2e9267fa64e1afe2cf8c9075f604b3; reviewed 2626 bytes from 50.txt
progress/2026-10/2026-10-05-ni37-dtap-timeout-native-report.md,progress,4721,10665297889969eaea7b46a6c0531120bc85f0a8990664a04d557205e70d7b4e,added,absent,progress,additive_benchmark_principle_candidate,"DTAP typed terminal timeouts, other errors and nullable secondary remain distinct; finished denominator excludes only terminal timeouts; synthetic integrity proof is no live security result.; disposition: Specific reusable denominator, exporter attribution or custody boundary is added to benchmark-methodology candidate; task-local fixture/custody counts remain in source.",[],coverage-ledger.json ordinal 51; full current text 10665297889969eaea7b46a6c0531120bc85f0a8990664a04d557205e70d7b4e; reviewed 4721 bytes from 51.txt
progress/2026-10/2026-10-05-ni38-contextbench-score.md,progress,2440,1ee5f5d366c1d7e2771b188d1cbca42d09700157ba12840da39c3fa8e0c1b85f,added,absent,progress,additive_benchmark_principle_candidate,"Offline ContextBench macro scoring preserves errors/partial rows and empty predictions in denominator; declared costs/dispositions and tiny fixture do not establish official corpus results.; disposition: Specific reusable denominator, exporter attribution or custody boundary is added to benchmark-methodology candidate; task-local fixture/custody counts remain in source.",[],coverage-ledger.json ordinal 52; full current text 1ee5f5d366c1d7e2771b188d1cbca42d09700157ba12840da39c3fa8e0c1b85f; reviewed 2440 bytes from 52.txt
progress/2026-10/2026-10-05-ni40-repl-spill-fixture.md,progress,1923,70f5999694a93fd651830c3babe4a3b809ce9d81aaffde91fa7a9425dbba9530,added,absent,progress,source_specific_no_new_wiki_claim,"REPL spill fixtures pass with owned pre-run scratch; no original post-run empty-scratch proof exists, so none is claimed.; disposition: This source records REPL spill fixtures pass with owned pre-run scratch; no original post-run empty-scratch proof exists, so none is claimed. The bounded fixture/report/checkpoint details remain in its durable source; no additional standalone reusable or scientific claim is warranted.",[],coverage-ledger.json ordinal 53; full current text 70f5999694a93fd651830c3babe4a3b809ce9d81aaffde91fa7a9425dbba9530; reviewed 1923 bytes from 53.txt
progress/2026-10/2026-10-05-ni41-eval-scoring-extra.md,progress,1923,fad1225a9db2f8e751ce37f76548da37914bf2c507c5bbf3bc84f2763ea8cf57,added,absent,progress,source_specific_no_new_wiki_claim,Optional math-verify extra changes only three-package derivative closure; default serving lock records remain unchanged; fixture quality is not evaluation quality.; disposition: This source records Optional math-verify extra changes only three-package derivative closure; default serving lock records remain unchanged; fixture quality is not evaluation quality. The bounded fixture/report/checkpoint details remain in its durable source; no additional standalone reusable or scientific claim is warranted.,[],coverage-ledger.json ordinal 54; full current text fad1225a9db2f8e751ce37f76548da37914bf2c507c5bbf3bc84f2763ea8cf57; reviewed 1923 bytes from 54.txt
progress/2026-10/2026-10-05-ni42-optional-graph-fixtures.md,progress,2640,43bf17b21c44b084dfe1bb46dfb47fa5a9cde734c6a948bb797e346f2c5b2015,added,absent,progress,source_specific_no_new_wiki_claim,Optional graph modules use real temporary databases with deterministic/mock embeddings; sub100ms ordinary assertion is no performance measurement.; disposition: This source records Optional graph modules use real temporary databases with deterministic/mock embeddings; sub100ms ordinary assertion is no performance measurement. The bounded fixture/report/checkpoint details remain in its durable source; no additional standalone reusable or scientific claim is warranted.,[],coverage-ledger.json ordinal 55; full current text 43bf17b21c44b084dfe1bb46dfb47fa5a9cde734c6a948bb797e346f2c5b2015; reviewed 2640 bytes from 55.txt
progress/2026-10/2026-10-05-ni43-repl-filesystem-validation.md,progress,2211,a683d58f300fbd35a33cf624bd809a9bef132915866649f9e5f48db1d0356ad9,added,absent,progress,source_specific_no_new_wiki_claim,Private checkout moved under already allowed filesystem prefix to fix CI path mismatch; application/test/policy source unchanged.; disposition: This source records Private checkout moved under already allowed filesystem prefix to fix CI path mismatch; application/test/policy source unchanged. The bounded fixture/report/checkpoint details remain in its durable source; no additional standalone reusable or scientific claim is warranted.,[],coverage-ledger.json ordinal 56; full current text a683d58f300fbd35a33cf624bd809a9bef132915866649f9e5f48db1d0356ad9; reviewed 2211 bytes from 56.txt
progress/2026-10/2026-10-05-ni44-qualified-idle-leaf.md,progress,3205,ecb91cc4132ca68fb7dddfc5a4656027993553ba053b4aa8d2a86fd4c1cb5b6a,added,absent,progress,source_specific_no_new_wiki_claim,Only decided idle runtime adapter result with nudge permission grants leaf idle; malformed/unknown/non-idle states suppress strikes. Offline fixtures do not deploy observers.; disposition: This source records Only decided idle runtime adapter result with nudge permission grants leaf idle; malformed/unknown/non-idle states suppress strikes. Offline fixtures do not deploy observers. The bounded fixture/report/checkpoint details remain in its durable source; no additional standalone reusable or scientific claim is warranted.,[],coverage-ledger.json ordinal 57; full current text ecb91cc4132ca68fb7dddfc5a4656027993553ba053b4aa8d2a86fd4c1cb5b6a; reviewed 3205 bytes from 57.txt
progress/2026-10/2026-10-05-ni45-strategy-cli-fallback.md,progress,1819,dce7840142b0dbb42415af1e3ff6a2e199e15c8e59c884448ff2d027e66bd82b,added,absent,progress,source_specific_no_new_wiki_claim,Explicit strategy write/fallback permission is restored across errors and default semantic guards remain; paired failed strategy custody job is separate.; disposition: This source records Explicit strategy write/fallback permission is restored across errors and default semantic guards remain; paired failed strategy custody job is separate. The bounded fixture/report/checkpoint details remain in its durable source; no additional standalone reusable or scientific claim is warranted.,[],coverage-ledger.json ordinal 58; full current text dce7840142b0dbb42415af1e3ff6a2e199e15c8e59c884448ff2d027e66bd82b; reviewed 1819 bytes from 58.txt
progress/2026-10/2026-10-05-ni46-vl-cache-fixture.md,progress,1039,5924a5560ea246ed0279099f4dd77e4f184c0740473e297d619f9c83eb204f07,added,absent,progress,source_specific_no_new_wiki_claim,VL cache fixture uses owned temporary directory; no live model or production cache claim.; disposition: This source records VL cache fixture uses owned temporary directory; no live model or production cache claim. The bounded fixture/report/checkpoint details remain in its durable source; no additional standalone reusable or scientific claim is warranted.,[],coverage-ledger.json ordinal 59; full current text 5924a5560ea246ed0279099f4dd77e4f184c0740473e297d619f9c83eb204f07; reviewed 1039 bytes from 59.txt
progress/2026-10/2026-10-05-ni47-oab-temp-fixture.md,progress,1031,8d14a7679cf5010b0c8ead6f835df2c3566f566e4a44a109a37258981b139e72,added,absent,progress,source_specific_no_new_wiki_claim,OAB temporary hold fixture preserves witness assertions; no observed production quiescence event.; disposition: This source records OAB temporary hold fixture preserves witness assertions; no observed production quiescence event. The bounded fixture/report/checkpoint details remain in its durable source; no additional standalone reusable or scientific claim is warranted.,[],coverage-ledger.json ordinal 60; full current text 8d14a7679cf5010b0c8ead6f835df2c3566f566e4a44a109a37258981b139e72; reviewed 1031 bytes from 60.txt
progress/2026-10/2026-10-05-ni48-openai-schema-description.md,progress,1061,7cdf63a4af7ac58255d2a89cd116fc9a81c803f12bf1976064191a0d011c36b5,added,absent,progress,source_specific_no_new_wiki_claim,Request schema descriptions corrected without changing client/backend execution selection.; disposition: This source records Request schema descriptions corrected without changing client/backend execution selection. The bounded fixture/report/checkpoint details remain in its durable source; no additional standalone reusable or scientific claim is warranted.,[],coverage-ledger.json ordinal 61; full current text 7cdf63a4af7ac58255d2a89cd116fc9a81c803f12bf1976064191a0d011c36b5; reviewed 1061 bytes from 61.txt
progress/2026-10/2026-10-05-ni49-pairwise-prompt-fixture.md,progress,1051,fcdfb893a38a40e268235d17c8bc93d066ea0cd2f5935170dda7a87c0cec0883,added,absent,progress,source_specific_no_new_wiki_claim,Pairwise holdout prompt fixture uses local temporary data; no benchmark corpus acquisition/scoring.; disposition: This source records Pairwise holdout prompt fixture uses local temporary data; no benchmark corpus acquisition/scoring. The bounded fixture/report/checkpoint details remain in its durable source; no additional standalone reusable or scientific claim is warranted.,[],coverage-ledger.json ordinal 62; full current text fcdfb893a38a40e268235d17c8bc93d066ea0cd2f5935170dda7a87c0cec0883; reviewed 1051 bytes from 62.txt
progress/2026-10/2026-10-05-ni50-gpu-window-mock-fixtures.md,progress,990,145161851fe7e906d3bc13f7d5148f98a74bd2af90a36cbf8fe21335f3844af4,added,absent,progress,source_specific_no_new_wiki_claim,Parked GPU-window cases are mocks; no live KFD/residency/scheduler observation.; disposition: This source records Parked GPU-window cases are mocks; no live KFD/residency/scheduler observation. The bounded fixture/report/checkpoint details remain in its durable source; no additional standalone reusable or scientific claim is warranted.,[],coverage-ledger.json ordinal 63; full current text 145161851fe7e906d3bc13f7d5148f98a74bd2af90a36cbf8fe21335f3844af4; reviewed 990 bytes from 63.txt
progress/2026-10/2026-10-05-ni51-retired-observer-audit.md,progress,1891,09b8de5196919201a75c7f04fbd818c8137cef53a0b8af6a346c810f3d65e3a8,added,absent,progress,source_specific_no_new_wiki_claim,"OBS-10 process-pattern ratifiers are retired human-only historical transactions under OP-19, not active autonomous consumers; original artifacts preserved.; disposition: This source records OBS-10 process-pattern ratifiers are retired human-only historical transactions under OP-19, not active autonomous consumers; original artifacts preserved. The bounded fixture/report/checkpoint details remain in its durable source; no additional standalone reusable or scientific claim is warranted.",[],coverage-ledger.json ordinal 64; full current text 09b8de5196919201a75c7f04fbd818c8137cef53a0b8af6a346c810f3d65e3a8; reviewed 1891 bytes from 64.txt
progress/2026-10/2026-10-05-ni53-strategy-report-custody.md,progress,1970,4559a39dd8a71f5b676f5d8cc50f4ef531b8d6c52e3e64a6cd3dec9cf561292c,added,absent,progress,already_covered,Strategy report capture binds original CLI status/input/policy and projects report.ok integrity; fallback permission is no actual embedding-method provenance.; disposition: The same substantial source claim sentence is already present in the exact article section cited; new task-local custody/fixture details remain in this durable progress source.,"[{""article"": ""wiki/tool-implementation.md"", ""line"": 1452, ""section"": ""### Prospective private gate and managed-import findings (2026-10-05)"", ""section_line"": 1370, ""same_claim_confirmed"": true, ""exact_matched_sentence"": ""2026-10-05 NI05-53 completed: prospective private original Strategy Projection Report custody and strict reader/CLI enrollment are published to ROOT main 7c782a266b2551127aff1dd93f29a9e597321117.""}]",coverage-ledger.json ordinal 65; full current text 4559a39dd8a71f5b676f5d8cc50f4ef531b8d6c52e3e64a6cd3dec9cf561292c; reviewed 1970 bytes from 65.txt
progress/2026-10/2026-10-05-ni54-executor-mocked-fixtures.md,progress,1785,508ce419223972257e21c14960e4f3c3c8cc5f64312c39095a09471ed834fb5d,added,absent,progress,source_specific_no_new_wiki_claim,Mock executor fixtures use existing validate=False only on mocked subprocess paths and retain missing-binary refusal.; disposition: This source records Mock executor fixtures use existing validate=False only on mocked subprocess paths and retain missing-binary refusal. The bounded fixture/report/checkpoint details remain in its durable source; no additional standalone reusable or scientific claim is warranted.,[],coverage-ledger.json ordinal 66; full current text 508ce419223972257e21c14960e4f3c3c8cc5f64312c39095a09471ed834fb5d; reviewed 1785 bytes from 66.txt
progress/2026-10/2026-10-05-ni55-claim-api-fixtures.md,progress,1844,8b5b18efa4327392d3f950617732c4312627b3983a752c86915adefa4843c1fc,added,absent,progress,source_specific_no_new_wiki_claim,Claim placement and OCR argv use declared mocks/absent CLI targets; no physical host topology/affinity or binary availability.; disposition: This source records Claim placement and OCR argv use declared mocks/absent CLI targets; no physical host topology/affinity or binary availability. The bounded fixture/report/checkpoint details remain in its durable source; no additional standalone reusable or scientific claim is warranted.,[],coverage-ledger.json ordinal 67; full current text 8b5b18efa4327392d3f950617732c4312627b3983a752c86915adefa4843c1fc; reviewed 1844 bytes from 67.txt
progress/2026-10/2026-10-05-ni56-typed-replay-sentinel-fixture.md,progress,1656,08a52fb2b23c15939a7e04587fe9d45aacac7153453bc653e00e14ab67f8b357,added,absent,progress,source_specific_no_new_wiki_claim,Typed replay sentinel proves refusal before timestamp/data reads without touching live database.; disposition: This source records Typed replay sentinel proves refusal before timestamp/data reads without touching live database. The bounded fixture/report/checkpoint details remain in its durable source; no additional standalone reusable or scientific claim is warranted.,[],coverage-ledger.json ordinal 68; full current text 08a52fb2b23c15939a7e04587fe9d45aacac7153453bc653e00e14ab67f8b357; reviewed 1656 bytes from 68.txt
progress/2026-10/2026-10-05-ni57-fixture-batch.md,progress,1727,a4951f637fe32410e536fc4616ef1de19ecc05bbb3b1d430c815b30b896574aa,added,absent,progress,source_specific_no_new_wiki_claim,Routing-pool module retains path-binding/stale-module refusal; prompt job without acquired runner has no outcome.; disposition: This source records Routing-pool module retains path-binding/stale-module refusal; prompt job without acquired runner has no outcome. The bounded fixture/report/checkpoint details remain in its durable source; no additional standalone reusable or scientific claim is warranted.,[],coverage-ledger.json ordinal 69; full current text a4951f637fe32410e536fc4616ef1de19ecc05bbb3b1d430c815b30b896574aa; reviewed 1727 bytes from 69.txt
progress/2026-10/2026-10-05-ni58-prompt-forge-fixture.md,progress,2177,77cbaa649548f2f211bfe5c811a8d3ceedba12fd2f97d52b92271cc4f2a70376,added,absent,progress,source_specific_no_new_wiki_claim,Tiny injected leakage vocabulary preserves real validator; successful prompt-only retry does not rerun routing or establish corpus quality.; disposition: This source records Tiny injected leakage vocabulary preserves real validator; successful prompt-only retry does not rerun routing or establish corpus quality. The bounded fixture/report/checkpoint details remain in its durable source; no additional standalone reusable or scientific claim is warranted.,[],coverage-ledger.json ordinal 70; full current text 77cbaa649548f2f211bfe5c811a8d3ceedba12fd2f97d52b92271cc4f2a70376; reviewed 2177 bytes from 70.txt
progress/2026-10/2026-10-05-ni59-runner-scratch.md,progress,1633,e6df68c61ae6ef160c0fbfdc8ee287f6b2ea495ba16c89d2cf542b0c7cd7088d,added,absent,progress,already_covered,Owned scorer/spill scratch retains missing-root refusal and bounded child cleanup; permitted current links require owned same-parent private directories.; disposition: The same substantial source claim sentence is already present in the exact article section cited; new task-local custody/fixture details remain in this durable progress source.,"[{""article"": ""wiki/tool-implementation.md"", ""line"": 1438, ""section"": ""### Prospective private gate and managed-import findings (2026-10-05)"", ""section_line"": 1370, ""same_claim_confirmed"": true, ""exact_matched_sentence"": ""2026-10-05 NI05-59 completed: reviewed owned0700 scratch fixtures pass140 REPL+12 code-execution cases in original CI37383742953 attempt1, zero skips/failures/errors.""}]",coverage-ledger.json ordinal 71; full current text e6df68c61ae6ef160c0fbfdc8ee287f6b2ea495ba16c89d2cf542b0c7cd7088d; reviewed 1633 bytes from 71.txt
progress/2026-10/2026-10-05-ni60-local-embedding-fixtures.md,progress,1987,3d7c5c7bbc07ad767a711238ac05f6fb71dd90175f64786b525cd594b74396bc,added,absent,progress,source_specific_no_new_wiki_claim,Deterministic normalized1024-D injection uses real temporary SQLite/FAISS persistence; default embedder traps preserve no-live-inference boundary.; disposition: This source records Deterministic normalized1024-D injection uses real temporary SQLite/FAISS persistence; default embedder traps preserve no-live-inference boundary. The bounded fixture/report/checkpoint details remain in its durable source; no additional standalone reusable or scientific claim is warranted.,[],coverage-ledger.json ordinal 72; full current text 3d7c5c7bbc07ad767a711238ac05f6fb71dd90175f64786b525cd594b74396bc; reviewed 1987 bytes from 72.txt
progress/2026-10/2026-10-05-ni61-fixture-matrix.md,progress,2005,5942b59b257aec2a3519ce7672bce3eab54205b7652773f066854eec5ffe536d,added,absent,progress,source_specific_no_new_wiki_claim,"ONNX session-option fixtures verify8/16 defaults, interop1 and explicit overrides; no ONNX model or CPU-clamp measurement.; disposition: This source records ONNX session-option fixtures verify8/16 defaults, interop1 and explicit overrides; no ONNX model or CPU-clamp measurement. The bounded fixture/report/checkpoint details remain in its durable source; no additional standalone reusable or scientific claim is warranted.",[],coverage-ledger.json ordinal 73; full current text 5942b59b257aec2a3519ce7672bce3eab54205b7652773f066854eec5ffe536d; reviewed 2005 bytes from 73.txt
progress/2026-10/2026-10-05-ni63-argv-capacity-child.md,progress,1599,cfaa85326e71c05750e559d928508259b148ab647c7c8a5b0931b7b0c6efe4d6,added,absent,progress,source_specific_no_new_wiki_claim,"Foreign Python child probes preserve hostile argv and fitting/oversized real MemAvailable refusal; canonical registry closure pinned, no production capacity claim.; disposition: This source records Foreign Python child probes preserve hostile argv and fitting/oversized real MemAvailable refusal; canonical registry closure pinned, no production capacity claim. The bounded fixture/report/checkpoint details remain in its durable source; no additional standalone reusable or scientific claim is warranted.",[],coverage-ledger.json ordinal 74; full current text cfaa85326e71c05750e559d928508259b148ab647c7c8a5b0931b7b0c6efe4d6; reviewed 1599 bytes from 74.txt
progress/2026-10/2026-10-05-ni64-design-archive.md,progress,2698,ab7b54ece2d099c3f05348834a29c1265463584ae0b0d3a5e0d1c40e20b378ff,added,absent,progress,additive_benchmark_principle_candidate,"Fresh design-archive16-case conformance cannot identify the interrupted historical missing-JUnit node; public subset is not independently reopenable.; disposition: Specific reusable denominator, exporter attribution or custody boundary is added to benchmark-methodology candidate; task-local fixture/custody counts remain in source.","[{""article"": ""wiki/tool-implementation.md"", ""line"": 1432, ""section"": ""### Prospective private gate and managed-import findings (2026-10-05)"", ""section_line"": 1370, ""same_claim_confirmed"": true, ""exact_matched_sentence"": ""2026-10-05 NI05-64 completed: unchanged design-archive whole-module fixtures pass16/16, zero skips/failures/errors, in original CI37381716978 attempt1.""}]",coverage-ledger.json ordinal 75; full current text ab7b54ece2d099c3f05348834a29c1265463584ae0b0d3a5e0d1c40e20b378ff; reviewed 2698 bytes from 75.txt
progress/2026-10/2026-10-05-ni65-q-scorer.md,progress,2680,dd941fa6e30ef0df16a941ce5bbb4bd1956c66556293589c4f3a1f7fe8a644d0,added,absent,progress,additive_benchmark_principle_candidate,"Fresh q-scorer79-case conformance cannot identify historical interrupted node/root cause; private source/context exclusions explicit.; disposition: Specific reusable denominator, exporter attribution or custody boundary is added to benchmark-methodology candidate; task-local fixture/custody counts remain in source.","[{""article"": ""wiki/tool-implementation.md"", ""line"": 1434, ""section"": ""### Prospective private gate and managed-import findings (2026-10-05)"", ""section_line"": 1370, ""same_claim_confirmed"": true, ""exact_matched_sentence"": ""2026-10-05 NI05-65 completed: unchanged q-scorer whole-module fixtures pass79/79, zero skips/failures/errors, in original CI37381716978 attempt1.""}]",coverage-ledger.json ordinal 76; full current text dd941fa6e30ef0df16a941ce5bbb4bd1956c66556293589c4f3a1f7fe8a644d0; reviewed 2680 bytes from 76.txt
progress/2026-10/2026-10-05-ni66-inference-lock.md,progress,2696,ee4aabe2fc41b986c36e7081865dfe4297d72d19012389cdc7dbd374497a1dcb,added,absent,progress,additive_benchmark_principle_candidate,"Fresh inference-lock2-case conformance is not actual host lock evidence or historical root-cause attribution.; disposition: Specific reusable denominator, exporter attribution or custody boundary is added to benchmark-methodology candidate; task-local fixture/custody counts remain in source.","[{""article"": ""wiki/tool-implementation.md"", ""line"": 1436, ""section"": ""### Prospective private gate and managed-import findings (2026-10-05)"", ""section_line"": 1370, ""same_claim_confirmed"": true, ""exact_matched_sentence"": ""2026-10-05 NI05-66 completed: unchanged inference-lock whole-module fixtures pass2/2, zero skips/failures/errors, in original CI37381716978 attempt1.""}]",coverage-ledger.json ordinal 77; full current text ee4aabe2fc41b986c36e7081865dfe4297d72d19012389cdc7dbd374497a1dcb; reviewed 2696 bytes from 77.txt
progress/2026-10/2026-10-05-ni67-junit-count-attribution.md,progress,1552,1b7079b910ce6df838cf2979bea00d76aac74cedcaa8f18ddb5ef94aac5bc3ae,added,absent,progress,additive_benchmark_principle_candidate,"pytest9.0.3 successful subTests increment suite counts but share parent XML nodes;12 suite vs6 nodes stays strict native NULL, separate4-method control passes.; disposition: Specific reusable denominator, exporter attribution or custody boundary is added to benchmark-methodology candidate; task-local fixture/custody counts remain in source.","[{""article"": ""wiki/tool-implementation.md"", ""line"": 1442, ""section"": ""### Prospective private gate and managed-import findings (2026-10-05)"", ""section_line"": 1370, ""same_claim_confirmed"": true, ""exact_matched_sentence"": ""2026-10-05 NI05-67 completed as a bounded attribution audit: pinned pytest9.0.3 emits successful subTest reports under their parent node IDs, incrementing suite statistics while retaining six parent testcase nodes.""}]",coverage-ledger.json ordinal 78; full current text 1b7079b910ce6df838cf2979bea00d76aac74cedcaa8f18ddb5ef94aac5bc3ae; reviewed 1552 bytes from 78.txt
progress/2026-10/2026-10-05-ni73-synthetic-oracle.md,progress,1367,56c7421f31f3b71be7fa4c4b410c4bee762e3575bc6e9d0da5e0644678e8a749,added,absent,progress,source_specific_no_new_wiki_claim,Synthetic oracle thirteen controls retain bounded real local Python children and empty teardown; no full cached JSONL or model-quality result.; disposition: This source records Synthetic oracle thirteen controls retain bounded real local Python children and empty teardown; no full cached JSONL or model-quality result. The bounded fixture/report/checkpoint details remain in its durable source; no additional standalone reusable or scientific claim is warranted.,[],coverage-ledger.json ordinal 79; full current text 56c7421f31f3b71be7fa4c4b410c4bee762e3575bc6e9d0da5e0644678e8a749; reviewed 1367 bytes from 79.txt
progress/2026-10/2026-10-05-ni74-synthetic-vectors.md,progress,1248,326813c16f37bb53c6ced08cafc7d2dad949735a2b22b516553f0aa177493011,added,absent,progress,source_specific_no_new_wiki_claim,Six seeded T1/T2 vector cases exercise local algorithm only; full corpus property stays unchanged/unselected and human-gated.; disposition: This source records Six seeded T1/T2 vector cases exercise local algorithm only; full corpus property stays unchanged/unselected and human-gated. The bounded fixture/report/checkpoint details remain in its durable source; no additional standalone reusable or scientific claim is warranted.,[],coverage-ledger.json ordinal 80; full current text 326813c16f37bb53c6ced08cafc7d2dad949735a2b22b516553f0aa177493011; reviewed 1248 bytes from 80.txt
progress/2026-10/2026-10-05-ni75-executor-impact.md,progress,3277,f6e33b37b627d8c2080f6d1a420cc1b0863d0e3561432e71e215fd373e561066,added,absent,progress,source_specific_no_new_wiki_claim,Historical exact executor impact is HIGH10 nodes/three modules; ordinary dependency evidence stopped source work pending explicit approval.; disposition: This source records Historical exact executor impact is HIGH10 nodes/three modules; ordinary dependency evidence stopped source work pending explicit approval. The bounded fixture/report/checkpoint details remain in its durable source; no additional standalone reusable or scientific claim is warranted.,[],coverage-ledger.json ordinal 81; full current text f6e33b37b627d8c2080f6d1a420cc1b0863d0e3561432e71e215fd373e561066; reviewed 3277 bytes from 81.txt
progress/2026-10/2026-10-05-ni77-meminfo-privacy.md,progress,1725,bb7efca0c77a1f22af8962c09889553ddeeeae9311249f9b829929ab8581e394,added,absent,progress,already_covered,Typed known VmallocTotal counter exemption preserves serialized boundaries/account-secret refusals; synthetic FA/FR counts are no field quality estimate.; disposition: The same substantial source claim sentence is already present in the exact article section cited; new task-local custody/fixture details remain in this durable progress source.,"[{""article"": ""wiki/tool-implementation.md"", ""line"": 1440, ""section"": ""### Prospective private gate and managed-import findings (2026-10-05)"", ""section_line"": 1370, ""same_claim_confirmed"": true, ""exact_matched_sentence"": ""2026-10-05 NI05-77 completed: a narrowly typed known Linux VmallocTotal counter exemption resolves the privacy-gate false positive while retaining account/secret refusals, serialized-line boundaries and unchanged original bytes.""}]",coverage-ledger.json ordinal 82; full current text bb7efca0c77a1f22af8962c09889553ddeeeae9311249f9b829929ab8581e394; reviewed 1725 bytes from 82.txt
progress/2026-10/2026-10-05-ni78-direct-entry-refusal.md,progress,952,f3c52e09fa5b824b50e8ef5eb9391416961e401eafc34faf2e29d2e745bd66bf,added,absent,progress,already_covered,Append-only direct-entry refusal retains original module AST and fixture rows; AST-only check is no new CI execution or historical receipt amendment.; disposition: The same substantial source claim sentence is already present in the exact article section cited; new task-local custody/fixture details remain in this durable progress source.,"[{""article"": ""wiki/tool-implementation.md"", ""line"": 1444, ""section"": ""### Prospective private gate and managed-import findings (2026-10-05)"", ""section_line"": 1370, ""same_claim_confirmed"": true, ""exact_matched_sentence"": ""2026-10-05 NI05-78 completed: append-only direct-entry refusal prevents a pytest fixture module from silently exiting successfully under direct Python invocation.""}]",coverage-ledger.json ordinal 83; full current text f3c52e09fa5b824b50e8ef5eb9391416961e401eafc34faf2e29d2e745bd66bf; reviewed 952 bytes from 83.txt
progress/2026-10/2026-10-05-obs12a-session-bus-interpreter.md,progress,978,fe3cb81e1cde763a0083222df6c15a6296d56e27005733cf6dea9dc39751955f,added,absent,progress,source_specific_no_new_wiki_claim,"Bus callers use executable managed-venv shebang instead of bare python; arguments unchanged, no live bus/restart check.; disposition: This source records Bus callers use executable managed-venv shebang instead of bare python; arguments unchanged, no live bus/restart check. The bounded fixture/report/checkpoint details remain in its durable source; no additional standalone reusable or scientific claim is warranted.",[],coverage-ledger.json ordinal 84; full current text fe3cb81e1cde763a0083222df6c15a6296d56e27005733cf6dea9dc39751955f; reviewed 978 bytes from 84.txt
progress/2026-10/2026-10-05-ssuf13-followup-fixture-acceptance.md,progress,1443,e1be91acd2cd1a2813fef0e78031b818402d12a21166820c060724109a25b1d9,added,absent,progress,source_specific_no_new_wiki_claim,"Separate actual-capacity and synthetic-topology/AP54 phases validate named fixture conditions only; skips retained, no full suite.; disposition: This source records Separate actual-capacity and synthetic-topology/AP54 phases validate named fixture conditions only; skips retained, no full suite. The bounded fixture/report/checkpoint details remain in its durable source; no additional standalone reusable or scientific claim is warranted.",[],coverage-ledger.json ordinal 85; full current text e1be91acd2cd1a2813fef0e78031b818402d12a21166820c060724109a25b1d9; reviewed 1443 bytes from 85.txt
progress/2026-10/2026-10-05-ssuf13-repro.md,progress,2829,e43606e7ad40b24fdcafd4a95f6e80c414f7bb23a79a36ccac19563d9250396f,added,absent,progress,source_specific_no_new_wiki_claim,Capacity import stop is NULL and path-ownership AP54 failures are bounded false command result confounded by runner fixture; no product-defect conclusion.; disposition: This source records Capacity import stop is NULL and path-ownership AP54 failures are bounded false command result confounded by runner fixture; no product-defect conclusion. The bounded fixture/report/checkpoint details remain in its durable source; no additional standalone reusable or scientific claim is warranted.,[],coverage-ledger.json ordinal 86; full current text e43606e7ad40b24fdcafd4a95f6e80c414f7bb23a79a36ccac19563d9250396f; reviewed 2829 bytes from 86.txt
progress/2026-10/2026-10-05-workspace-ec.md,progress,7167,ce2255c63ebb8c364eabd50d5e19161a9a5c9ae0656652555128a4c867d68dfb,added,absent,progress,substantive_science_finding_for_owning_session_candidates,CPU YaRN extends tested needles to323K but C1 initially incomplete; later production-shaped native-window MTP/output test fails inertness rule. Batch512 restore proof and prefix warming deletion deployed separately.; disposition: Material measured/code-read/planned distinctions retained in finding; owning handoff/science sweep prepares corresponding full article candidates. This progress audit does not duplicate those candidate edits.,wiki/context-extension.md#supplemental-changed-source-coverage--oct-3-6; wiki/inference-serving.md#incremental-synthesis--2026-10-06-root-wrap,coverage-ledger.json ordinal 87; full current text ce2255c63ebb8c364eabd50d5e19161a9a5c9ae0656652555128a4c867d68dfb; reviewed 7167 bytes from 87.txt
progress/2026-10/2026-10-05.md,progress,34687,2192747c7ac6b51e7058a260f7b84176385abc41185e875693ca94ddd8781086,added,absent,progress,already_covered,Daily rollup duplicates owned NI delivery records and immutable failed/NULL originals;78-parent denominator must not be mistaken for all-suite or scientific success.; disposition: The same substantial source claim sentence is already present in the exact article section cited; new task-local custody/fixture details remain in this durable progress source.,"[{""article"": ""wiki/tool-implementation.md"", ""line"": 1376, ""section"": ""### Prospective private gate and managed-import findings (2026-10-05)"", ""section_line"": 1370, ""same_claim_confirmed"": true, ""exact_matched_sentence"": ""2026-10-05 reviewed source boundary: NI10 explicit optional `x_client_class` validates and forwards self-reported metadata with `caller_supplied:x_client_class` provenance; omitted fields remain absent.""}]",coverage-ledger.json ordinal 88; full current text 2192747c7ac6b51e7058a260f7b84176385abc41185e875693ca94ddd8781086; reviewed 34687 bytes from 88.txt
progress/2026-10/2026-10-06-codex-ni-final-wrap.md,progress,15598,6f41ec462df389c1d82f54fb66bd01a361aa87f54e95944e27436fc4765763df,added,absent,codex-ni-main,applied-wrap-documentation-reviewed,"New final report distinguishes79 bounded completed deliveries from parent closure, preserves original NULL/source/public-custody boundaries, records applied158-source review/9-page138-link checks, and identifies post-publication cleanup as a separate boundary. Post-publication gate records verified:28 worktrees removed,18 retained,9 preparation entries trashed after private custody archival; original capture roots remain present. Source update is documentation custody, not a native measurement.",wiki/knowledge-management.md#compiled-update--2026-10-06-capture-evidence-at-the-write-boundary,progress/2026-10/2026-10-06-codex-ni-final-wrap.md#main-application-and-final-validation; artifacts/wrapups/2026-10-06-main-wiki-review.json
progress/2026-10/2026-10-06-codex-ni-main.md,progress,16677,b1e15bce958e547241822851aec4e6de09b124d3a37b6ce24e477260c8b16aa2,added,absent,progress,already_covered,"Final78/78 scoped deliveries retain private custody/exclusion limits, point-in-time CPU claim admission and six-case executor failure branch result; original failures unchanged.; disposition: The same substantial source claim sentence is already present in the exact article section cited; new task-local custody/fixture details remain in this durable progress source.","[{""article"": ""wiki/tool-implementation.md"", ""line"": 1454, ""section"": ""### Prospective private gate and managed-import findings (2026-10-05)"", ""section_line"": 1370, ""same_claim_confirmed"": true, ""exact_matched_sentence"": ""2026-10-06 NI05-68 completed: original CI37391662467 passes13/13 selected cases with zero failures, errors or skips; main strictly reopens TRUE native receipts through the existing adapter/shared grade as Judged/Located.""}]",coverage-ledger.json ordinal 89; full current text b1e15bce958e547241822851aec4e6de09b124d3a37b6ce24e477260c8b16aa2; reviewed 16677 bytes from 89.txt
progress/2026-10/2026-10-06-ni62-owned-kv-arithmetic.md,progress,1786,3df616f5325fa33c009265b53a4de164bef314e4c1e53e05d6b4ea8caa2cd364,added,absent,progress,already_covered,Fixed KV arithmetic assertions run unchanged with owned small synthetic YAML declarations and actual real capacity guard; no architectural extraction or production capacity claim.; disposition: The same substantial source claim sentence is already present in the exact article section cited; new task-local custody/fixture details remain in this durable progress source.,"[{""article"": ""wiki/tool-implementation.md"", ""line"": 1464, ""section"": ""### Prospective private gate and managed-import findings (2026-10-05)"", ""section_line"": 1370, ""same_claim_confirmed"": true, ""exact_matched_sentence"": ""2026-10-06 NI05-62 completed: original CI37392512279 passes18/18 selected cases with zero failures, errors or skips; main strictly reopens TRUE native receipts through the existing adapter/shared grade as Judged/Located.""}]",coverage-ledger.json ordinal 90; full current text 3df616f5325fa33c009265b53a4de164bef314e4c1e53e05d6b4ea8caa2cd364; reviewed 1786 bytes from 90.txt
progress/2026-10/2026-10-06-ni68-owned-system-card.md,progress,1769,d2496f6fe940968f0ba09130c08c790b724011d7027c03bce264daef981160a1,added,absent,progress,already_covered,System-card original bodies use owned empty metadata paths and exact successful read-only Git child; unseen caught exception cannot be inferred.; disposition: The same substantial source claim sentence is already present in the exact article section cited; new task-local custody/fixture details remain in this durable progress source.,"[{""article"": ""wiki/tool-implementation.md"", ""line"": 1454, ""section"": ""### Prospective private gate and managed-import findings (2026-10-05)"", ""section_line"": 1370, ""same_claim_confirmed"": true, ""exact_matched_sentence"": ""2026-10-06 NI05-68 completed: original CI37391662467 passes13/13 selected cases with zero failures, errors or skips; main strictly reopens TRUE native receipts through the existing adapter/shared grade as Judged/Located.""}]",coverage-ledger.json ordinal 91; full current text d2496f6fe940968f0ba09130c08c790b724011d7027c03bce264daef981160a1; reviewed 1769 bytes from 91.txt
progress/2026-10/2026-10-06-ni69-owned-external-drafter.md,progress,1649,3d5b285833710f7f016c6e537eba44f5eece60438be1185520b8b93bdbaacf86,added,absent,progress,already_covered,External drafter argv/compile assertions preserved using empty metadata directory and every child refused; no drafter launch.; disposition: The same substantial source claim sentence is already present in the exact article section cited; new task-local custody/fixture details remain in this durable progress source.,"[{""article"": ""wiki/tool-implementation.md"", ""line"": 1456, ""section"": ""### Prospective private gate and managed-import findings (2026-10-05)"", ""section_line"": 1370, ""same_claim_confirmed"": true, ""exact_matched_sentence"": ""2026-10-06 NI05-69 completed: original CI37391662467 passes12/12 selected cases with zero failures, errors or skips; main strictly reopens TRUE native receipts through the existing adapter/shared grade as Judged/Located.""}]",coverage-ledger.json ordinal 92; full current text 3d5b285833710f7f016c6e537eba44f5eece60438be1185520b8b93bdbaacf86; reviewed 1649 bytes from 92.txt
progress/2026-10/2026-10-06-ni70-owned-priors-compiler.md,progress,1705,e72207c5b5e91856c64e85e4f04b422ae18595dd9ca7b6590f7c959dcd54720e,added,absent,progress,already_covered,"Priors compiler allows only exact successful Git provenance child; nine compiler consumers assert provenance, no kernel process.; disposition: The same substantial source claim sentence is already present in the exact article section cited; new task-local custody/fixture details remain in this durable progress source.","[{""article"": ""wiki/tool-implementation.md"", ""line"": 1458, ""section"": ""### Prospective private gate and managed-import findings (2026-10-05)"", ""section_line"": 1370, ""same_claim_confirmed"": true, ""exact_matched_sentence"": ""2026-10-06 NI05-70 completed: original CI37391662467 passes44/44 selected cases with zero failures, errors or skips; main strictly reopens TRUE native receipts through the existing adapter/shared grade as Judged/Located.""}]",coverage-ledger.json ordinal 93; full current text e72207c5b5e91856c64e85e4f04b422ae18595dd9ca7b6590f7c959dcd54720e; reviewed 1705 bytes from 93.txt
progress/2026-10/2026-10-06-ni71-owned-numa-readers.md,progress,1632,2af719c21819b1f31512cbaa296032f97f1e76bd29e4ed14c4a2f9b8985cb044,added,absent,progress,already_covered,NUMA reader agreement checks metadata with owned empty paths and no child launch; no actual placement/residency.; disposition: The same substantial source claim sentence is already present in the exact article section cited; new task-local custody/fixture details remain in this durable progress source.,"[{""article"": ""wiki/tool-implementation.md"", ""line"": 1460, ""section"": ""### Prospective private gate and managed-import findings (2026-10-05)"", ""section_line"": 1370, ""same_claim_confirmed"": true, ""exact_matched_sentence"": ""2026-10-06 NI05-71 completed: original CI37391662467 passes7/7 selected cases with zero failures, errors or skips; main strictly reopens TRUE native receipts through the existing adapter/shared grade as Judged/Located.""}]",coverage-ledger.json ordinal 94; full current text 2af719c21819b1f31512cbaa296032f97f1e76bd29e4ed14c4a2f9b8985cb044; reviewed 1632 bytes from 94.txt
progress/2026-10/2026-10-06-ni72-owned-speech-composition.md,progress,1658,74c3fec2432177c593cb5570c308d3bf9840d53356836e1a7210a3bf4bb533ce,added,absent,progress,already_covered,Speech environment composition seven cases use empty owned paths and refuse children; two frozen-service loader cases remain unselected.; disposition: The same substantial source claim sentence is already present in the exact article section cited; new task-local custody/fixture details remain in this durable progress source.,"[{""article"": ""wiki/tool-implementation.md"", ""line"": 1462, ""section"": ""### Prospective private gate and managed-import findings (2026-10-05)"", ""section_line"": 1370, ""same_claim_confirmed"": true, ""exact_matched_sentence"": ""2026-10-06 NI05-72 completed: original CI37391662467 passes7/7 selected cases with zero failures, errors or skips; main strictly reopens TRUE native receipts through the existing adapter/shared grade as Judged/Located.""}]",coverage-ledger.json ordinal 95; full current text 74c3fec2432177c593cb5570c308d3bf9840d53356836e1a7210a3bf4bb533ce; reviewed 1658 bytes from 95.txt
progress/2026-10/2026-10-06-ni75-executor-fallback-native-report.md,progress,3686,0298644baf4ae5fc668294f6a714f7d0cbb469a91d88b46374b7f8c66b61539b,added,absent,progress,already_covered,"Registry-failure executor branch honors stripped explicit override then strict CPU store resolver and propagates KernelPathError before Popen;6/6 fixtures, successful registry delegation unchanged.; disposition: The same substantial source claim sentence is already present in the exact article section cited; new task-local custody/fixture details remain in this durable progress source.","[{""article"": ""wiki/tool-implementation.md"", ""line"": 1468, ""section"": ""### Prospective private gate and managed-import findings (2026-10-05)"", ""section_line"": 1370, ""same_claim_confirmed"": true, ""exact_matched_sentence"": ""2026-10-06 NI05-75 completed after MAIN review and publication: original CI37406900511 at recipee1c234b527900c8096032122eaa3c844fd837356 passes all six focused executor fallback cases with no skips/failures/errors.""}]",coverage-ledger.json ordinal 96; full current text 0298644baf4ae5fc668294f6a714f7d0cbb469a91d88b46374b7f8c66b61539b; reviewed 3686 bytes from 96.txt
progress/2026-10/2026-10-06-ni76-code-index-admission.md,progress,2377,14f62eff2b39ecc4b85d05bfa5278b6da9e05390612c0b814be4eb0190f00b2d,added,absent,progress,already_covered,"CPU index admission requires eight distinct single-link GLOBAL/build grant files held by one live same-UID ancestor; CI flag no exemption, writer FD inherited;1 native testcase has103 descriptive controls, no continuous supervision.; disposition: The same substantial source claim sentence is already present in the exact article section cited; new task-local custody/fixture details remain in this durable progress source.","[{""article"": ""wiki/tool-implementation.md"", ""line"": 1466, ""section"": ""### Prospective private gate and managed-import findings (2026-10-05)"", ""section_line"": 1370, ""same_claim_confirmed"": true, ""exact_matched_sentence"": ""2026-10-06 NI05-76 completed: original CI37396700409 at recipe591bd02d148bba94ee1ecc271183337493665c85 passes ONE native pytest testcase with103 actual descriptive controls, including CPU GLOBAL shared-inode and GLOBAL/build-alias refusals.""}]",coverage-ledger.json ordinal 97; full current text 14f62eff2b39ecc4b85d05bfa5278b6da9e05390612c0b814be4eb0190f00b2d; reviewed 2377 bytes from 97.txt
progress/2026-10/2026-10-06-workspace-ec.md,progress,2426,19f39eb33f3aae647cabb8ee00eb34f53fef372fd8ae38e7c03aac9d9fd88b0b,added,absent,progress,substantive_science_finding_for_owning_session_candidates,"YaRN inertness, copy-spec and GPU-serving tasks are approved/planned; static mscale causal design remains code-read pending A/B; FIFO default-on awaits deterministic control.; disposition: Material measured/code-read/planned distinctions retained in finding; owning handoff/science sweep prepares corresponding full article candidates. This progress audit does not duplicate those candidate edits.",wiki/context-extension.md#supplemental-changed-source-coverage--oct-3-6; wiki/speculative-decoding.md#supplemental-measured-and-proposed-speculation-evidence--oct-3-6; wiki/inference-serving.md#incremental-synthesis--2026-10-06-root-wrap,coverage-ledger.json ordinal 98; full current text 19f39eb33f3aae647cabb8ee00eb34f53fef372fd8ae38e7c03aac9d9fd88b0b; reviewed 2426 bytes from 98.txt
docs/design/autokernel-disk-hygiene-20260915.md,docs,34918,de79232f72bd78e68be4cab68504c3468ae55d9df9be62f827a37732aa25784d,changed,dc5e672cf59836666e7f0939a75e1c6759309f663378c739de8e51f5e08a982e,campaign,campaign: Hunk adds no-reclaim boundary for harness transcripts/state; captured as architecture retention boundary.,Hunk adds no-reclaim boundary for harness transcripts/state; captured as architecture retention boundary.,agent-architecture.md — Incremental update 2026-10-06,source-review.tsv; hash check MATCH
docs/design/fa-masked-block-skip-20261003-fold.md,docs,12652,2dc02b35cd056278fd0a893b1ddbcaf1d6953ccec03e3ccfc2783ac4203f1128,added,absent,hardware,candidate-addition,New fold record: 64 HIP cases skip on/off bit-identical; six vs unpatched champion codegen cases differ only ≤3.1e-7 NMSE; shared-GPU kernel microbench indicative; CPU 2.85→2.87–3.01 ms is explicitly no claimed speedup; full-scale P3 separate gate.,wiki/kv-cache.md#supplemental-kv-findings--oct-3-6-changed-files,"Entire new source; synthesized tests, microbench confidence and full-model boundary."
docs/design/ufh14-b1-timeout-stackchange-item-20261003.md,docs,6247,d80caa4a38cdc3c6f38e38f144fb877debfafc9f29f1f916db7f8893ae03f822,added,absent,local,no-new-design-qualified,"Durable design expands already compiled D1/D5/D6 mechanisms and proposed policies; source distinguishes read/derived facts, staged implementations and remaining live validation. Hardware/serving owner handles outcomes, so no new policy deployment inferred.",wiki/inference-serving.md#key-findings; wiki/agent-architecture.md#compiled-update--2026-10-03-the-27b-planner-gap-is-mostly-the-model-and-the-harness-defects-are-generic,docs__design__ufh14-b1-timeout-stackchange-item-20261003.md.audit.txt
docs/design/ufh14-b4-prefix-cache-policy-20261003.md,docs,41885,ca791addc28e20f0f2c4ba4f8d643b6cc4e799f1db704b7bc700cff85bcdd58f,added,absent,local,no-new-design-qualified,"Durable design expands already compiled D1/D5/D6 mechanisms and proposed policies; source distinguishes read/derived facts, staged implementations and remaining live validation. Hardware/serving owner handles outcomes, so no new policy deployment inferred.",wiki/inference-serving.md#key-findings; wiki/agent-architecture.md#compiled-update--2026-10-03-the-27b-planner-gap-is-mostly-the-model-and-the-harness-defects-are-generic,docs__design__ufh14-b4-prefix-cache-policy-20261003.md.audit.txt
docs/guides/agent-workflows/agent-loop-design.md,docs,53131,fc063a3c567dc51aafa205bd7c221cb25b57e4972f1b89fd333f16c55c4936a9,changed,661a7e462b87535e1bc3520e2e32dffaa956f10b5274f041d8020fbbbc6f9d5c,campaign,"campaign: Campaign scope, Fable-as-seed-only role, model-specific dispatch guidance and watchdog rule captured only where relevant to low-bit candidate.","Campaign scope, Fable-as-seed-only role, model-specific dispatch guidance and watchdog rule captured only where relevant to low-bit candidate.",hardware-optimization.md — Incremental update 2026-10-06,source-review.tsv; hash check MATCH
docs/guides/agent-workflows/benchmark-analyst.md,docs,11270,78fef9ea12af2e646fc57705bca874cad28077935fa4e9887ce85b5577c3058e,changed,4428d0397c0571d75beb1e6540b36c886924eba51c2179e248aea10ea711f2f3,local,no-new-cross-owner-methods,"Procedural refinements: quiet own-subagent load, peer GPU windows, interleaved rounds, anchor correctness, bundle gate and unpaired labels are campaign-owner method synthesis; no separate gain claim.",wiki-autokernel-PREP/benchmark-methodology.md; wiki/benchmark-methodology.md#key-findings,docs__guides__agent-workflows__benchmark-analyst.md.audit.txt
docs/guides/agent-workflows/cleanup-reference-check.md,docs,7006,4a3ac93a724db7301aa5a90c6c9ff07ce00aa495cecce211e9fd6b6338951f23,added,absent,local,candidate-addition,Substantive accepted custody/ownership contract absent from trusted page; synthesized with explicit limits.,wiki/agent-architecture.md#compiled-update--2026-10-06-future-launcher-references-and-retained-reports-cross-ownership-boundaries,docs__guides__agent-workflows__cleanup-reference-check.md.audit.txt
docs/guides/agent-workflows/handoff-index-authoring.md,docs,11472,e45c057aac64c899435f85e3411b8cdb6c18b842b4b457fe57cec3ee9bdfed3d,changed,bc2482c00bfb8ec8b363cdecda62d066098f8f99af4302083e156a02328d625e,local,candidate-addition,Substantive accepted custody/ownership contract absent from trusted page; synthesized with explicit limits.,wiki/agent-architecture.md#compiled-update--2026-10-06-future-launcher-references-and-retained-reports-cross-ownership-boundaries,docs__guides__agent-workflows__handoff-index-authoring.md.audit.txt
docs/reference/agent-config/INCIDENT_LOG.md,docs,47528,d94142594546a3a9abc1ddc5f2c7127948bb08fc6ef06a6ee555c684620ceebd,changed,694dd9c668adf0f1d2b5842493ca05cdb9e816d5cd285b0ae0fac9a891cc7c15,campaign,"campaign: Shared-GPU overlap identifies perturbed UFH14 A3/A4 measurements; cleanup/unlocked-host incidents are operational caveats, not performance results.","Shared-GPU overlap identifies perturbed UFH14 A3/A4 measurements; cleanup/unlocked-host incidents are operational caveats, not performance results.",benchmark-methodology.md; agent-architecture.md — Incremental update 2026-10-06,source-review.tsv; hash check MATCH
docs/reference/gitnexus-compute-claims.md,docs,3635,a3fee65dec7af2436d85125c00bfdd4293fea5231466a4525c459a8813719fbf,added,absent,local,candidate-addition,Substantive accepted custody/ownership contract absent from trusted page; synthesized with explicit limits.,wiki/agent-architecture.md#compiled-update--2026-10-06-future-launcher-references-and-retained-reports-cross-ownership-boundaries,docs__reference__gitnexus-compute-claims.md.audit.txt
docs/reference/harness-candidates/client-surface-audit.md,docs,16086,45b455353ea0394a45db2453d8c42d034ba36edcae71ab247e6542a4f3d591eb,changed,795d5652b1c0cc3910bf3f54919631eb29bf509b7811340fbffb1a010e1643a3,campaign,campaign: Pinned OpenCode hook lacks distinct end event; only deletion sends bounded final signal and TTL is fallback. Captured as lifecycle code-read.,Pinned OpenCode hook lacks distinct end event; only deletion sends bounded final signal and TTL is fallback. Captured as lifecycle code-read.,agent-architecture.md — Incremental update 2026-10-06,source-review.tsv; hash check MATCH
docs/reviews/cpu-quant-research-20261003.md,docs,21037,d6de37928e62c5f43765a0155530c6d2a5e1c968822fdc0579e2397f83977db3,added,absent,hardware,candidate-addition-qualified,New research synthesis (not a new EPYC run): local uniform IQ4_XS speed observations are +15.2% pre-BIOS and +10.5% clean-placement at N=1; production serving/quality unresolved; DS41 MXFP4 ≤+2% computed and below floor; proposal/quality caveats retained.,wiki/hardware-optimization.md#supplemental-source-evidence--oct-3-6-changed-files,"Entire new review source; measures, computations and unresolved serving quality separately labeled."
docs/reviews/quant-variant-survey-20261003.md,docs,20478,70900c7be1f8f149879d6d8d5f654447b4ea9a028dc8f4519a01d1a2e5ab9503,added,absent,hardware,no-independent-new-measurement; candidate-context,"New recommendation survey reuses the CPU quant review and OP-32 controls; X0 is a proposed speed-then-quality test, not an executed new result. Hardware article cites it alongside the companion to preserve rationale without double-counting evidence.",wiki/hardware-optimization.md#supplemental-source-evidence--oct-3-6-changed-files,Entire new source; recommendation and condition are covered; no independent speed/quality claim added.
