void flash_attn_ext_vec<128, 1, (ggml_type)1, (ggml_type)1, false, false>(char const*, char const*, char const*, char const*, char const*, int const*, float*, HIP_vector_type<float, 2u>*, float, float, float, float, unsigned int, float, int, HIP_vector_type<unsigned int, 3u>, int, int, int, int, int, int, int, int, int, int, int, long, int, int, long, int, int, int, int, int, long)	102	0	0	0	4352	0
void flash_attn_ext_vec<128, 1, (ggml_type)1, (ggml_type)1, false, true>(char const*, char const*, char const*, char const*, char const*, int const*, float*, HIP_vector_type<float, 2u>*, float, float, float, float, unsigned int, float, int, HIP_vector_type<unsigned int, 3u>, int, int, int, int, int, int, int, int, int, int, int, long, int, int, long, int, int, int, int, int, long)	89	0	0	0	4356	0
void flash_attn_ext_vec<64, 1, (ggml_type)1, (ggml_type)1, false, false>(char const*, char const*, char const*, char const*, char const*, int const*, float*, HIP_vector_type<float, 2u>*, float, float, float, float, unsigned int, float, int, HIP_vector_type<unsigned int, 3u>, int, int, int, int, int, int, int, int, int, int, int, long, int, int, long, int, int, int, int, int, long)	98	0	0	0	2304	0
void flash_attn_mask_to_KV_max<1>(__half2 const*, int*, int, long, long)	18	0	0	0	128	0
void flash_attn_stream_k_fixup_uniform<64, 1, 1>(float*, HIP_vector_type<float, 2u> const*, int, int, int, int, int, int, HIP_vector_type<unsigned int, 3u>, HIP_vector_type<unsigned int, 3u>, HIP_vector_type<unsigned int, 3u>)	17	0	0	0	0	0
void flash_attn_stream_k_fixup_general<64, 1, 1>(float*, HIP_vector_type<float, 2u> const*, int, int, int, int, HIP_vector_type<unsigned int, 3u>, HIP_vector_type<unsigned int, 3u>, HIP_vector_type<unsigned int, 3u>, HIP_vector_type<unsigned int, 3u>)	22	0	0	0	0	0
void flash_attn_combine_results<64>(float const*, HIP_vector_type<float, 2u> const*, float*, int)	51	0	0	0	0	0
void flash_attn_ext_vec<64, 1, (ggml_type)1, (ggml_type)1, true, false>(char const*, char const*, char const*, char const*, char const*, int const*, float*, HIP_vector_type<float, 2u>*, float, float, float, float, unsigned int, float, int, HIP_vector_type<unsigned int, 3u>, int, int, int, int, int, int, int, int, int, int, int, long, int, int, long, int, int, int, int, int, long)	37	0	0	0	0	16
void flash_attn_ext_vec<64, 2, (ggml_type)1, (ggml_type)1, false, false>(char const*, char const*, char const*, char const*, char const*, int const*, float*, HIP_vector_type<float, 2u>*, float, float, float, float, unsigned int, float, int, HIP_vector_type<unsigned int, 3u>, int, int, int, int, int, int, int, int, int, int, int, long, int, int, long, int, int, int, int, int, long)	122	0	0	0	2560	48
void flash_attn_mask_to_KV_max<2>(__half2 const*, int*, int, long, long)	18	0	0	0	128	0
void flash_attn_stream_k_fixup_uniform<64, 2, 1>(float*, HIP_vector_type<float, 2u> const*, int, int, int, int, int, int, HIP_vector_type<unsigned int, 3u>, HIP_vector_type<unsigned int, 3u>, HIP_vector_type<unsigned int, 3u>)	17	0	0	0	0	0
void flash_attn_stream_k_fixup_general<64, 2, 1>(float*, HIP_vector_type<float, 2u> const*, int, int, int, int, HIP_vector_type<unsigned int, 3u>, HIP_vector_type<unsigned int, 3u>, HIP_vector_type<unsigned int, 3u>, HIP_vector_type<unsigned int, 3u>)	22	0	0	0	0	0
void flash_attn_ext_vec<64, 2, (ggml_type)1, (ggml_type)1, true, false>(char const*, char const*, char const*, char const*, char const*, int const*, float*, HIP_vector_type<float, 2u>*, float, float, float, float, unsigned int, float, int, HIP_vector_type<unsigned int, 3u>, int, int, int, int, int, int, int, int, int, int, int, long, int, int, long, int, int, int, int, int, long)	37	0	0	0	0	16
void flash_attn_stream_k_fixup_uniform<128, 1, 1>(float*, HIP_vector_type<float, 2u> const*, int, int, int, int, int, int, HIP_vector_type<unsigned int, 3u>, HIP_vector_type<unsigned int, 3u>, HIP_vector_type<unsigned int, 3u>)	17	0	0	0	0	0
void flash_attn_stream_k_fixup_general<128, 1, 1>(float*, HIP_vector_type<float, 2u> const*, int, int, int, int, HIP_vector_type<unsigned int, 3u>, HIP_vector_type<unsigned int, 3u>, HIP_vector_type<unsigned int, 3u>, HIP_vector_type<unsigned int, 3u>)	22	0	0	0	0	0
void flash_attn_combine_results<128>(float const*, HIP_vector_type<float, 2u> const*, float*, int)	51	0	0	0	0	0
void flash_attn_ext_vec<128, 1, (ggml_type)1, (ggml_type)1, true, false>(char const*, char const*, char const*, char const*, char const*, int const*, float*, HIP_vector_type<float, 2u>*, float, float, float, float, unsigned int, float, int, HIP_vector_type<unsigned int, 3u>, int, int, int, int, int, int, int, int, int, int, int, long, int, int, long, int, int, int, int, int, long)	104	0	0	0	4352	0
void flash_attn_ext_vec<128, 2, (ggml_type)1, (ggml_type)1, false, false>(char const*, char const*, char const*, char const*, char const*, int const*, float*, HIP_vector_type<float, 2u>*, float, float, float, float, unsigned int, float, int, HIP_vector_type<unsigned int, 3u>, int, int, int, int, int, int, int, int, int, int, int, long, int, int, long, int, int, int, int, int, long)	116	0	0	0	4608	80
void flash_attn_stream_k_fixup_uniform<128, 2, 1>(float*, HIP_vector_type<float, 2u> const*, int, int, int, int, int, int, HIP_vector_type<unsigned int, 3u>, HIP_vector_type<unsigned int, 3u>, HIP_vector_type<unsigned int, 3u>)	17	0	0	0	0	0
void flash_attn_stream_k_fixup_general<128, 2, 1>(float*, HIP_vector_type<float, 2u> const*, int, int, int, int, HIP_vector_type<unsigned int, 3u>, HIP_vector_type<unsigned int, 3u>, HIP_vector_type<unsigned int, 3u>, HIP_vector_type<unsigned int, 3u>)	22	0	0	0	0	0
void flash_attn_ext_vec<128, 2, (ggml_type)1, (ggml_type)1, true, false>(char const*, char const*, char const*, char const*, char const*, int const*, float*, HIP_vector_type<float, 2u>*, float, float, float, float, unsigned int, float, int, HIP_vector_type<unsigned int, 3u>, int, int, int, int, int, int, int, int, int, int, int, long, int, int, long, int, int, int, int, int, long)	120	0	0	0	4608	80
void flash_attn_ext_vec<256, 1, (ggml_type)1, (ggml_type)1, false, false>(char const*, char const*, char const*, char const*, char const*, int const*, float*, HIP_vector_type<float, 2u>*, float, float, float, float, unsigned int, float, int, HIP_vector_type<unsigned int, 3u>, int, int, int, int, int, int, int, int, int, int, int, long, int, int, long, int, int, int, int, int, long)	100	0	0	0	8448	0
void flash_attn_stream_k_fixup_uniform<256, 1, 1>(float*, HIP_vector_type<float, 2u> const*, int, int, int, int, int, int, HIP_vector_type<unsigned int, 3u>, HIP_vector_type<unsigned int, 3u>, HIP_vector_type<unsigned int, 3u>)	17	0	0	0	0	0
void flash_attn_stream_k_fixup_general<256, 1, 1>(float*, HIP_vector_type<float, 2u> const*, int, int, int, int, HIP_vector_type<unsigned int, 3u>, HIP_vector_type<unsigned int, 3u>, HIP_vector_type<unsigned int, 3u>, HIP_vector_type<unsigned int, 3u>)	22	0	0	0	0	0
void flash_attn_combine_results<256>(float const*, HIP_vector_type<float, 2u> const*, float*, int)	51	0	0	0	0	0
void flash_attn_ext_vec<256, 1, (ggml_type)1, (ggml_type)1, true, false>(char const*, char const*, char const*, char const*, char const*, int const*, float*, HIP_vector_type<float, 2u>*, float, float, float, float, unsigned int, float, int, HIP_vector_type<unsigned int, 3u>, int, int, int, int, int, int, int, int, int, int, int, long, int, int, long, int, int, int, int, int, long)	102	0	0	0	8448	0
void flash_attn_ext_vec<256, 2, (ggml_type)1, (ggml_type)1, false, false>(char const*, char const*, char const*, char const*, char const*, int const*, float*, HIP_vector_type<float, 2u>*, float, float, float, float, unsigned int, float, int, HIP_vector_type<unsigned int, 3u>, int, int, int, int, int, int, int, int, int, int, int, long, int, int, long, int, int, int, int, int, long)	118	0	0	0	8704	144
void flash_attn_stream_k_fixup_uniform<256, 2, 1>(float*, HIP_vector_type<float, 2u> const*, int, int, int, int, int, int, HIP_vector_type<unsigned int, 3u>, HIP_vector_type<unsigned int, 3u>, HIP_vector_type<unsigned int, 3u>)	17	0	0	0	0	0
void flash_attn_stream_k_fixup_general<256, 2, 1>(float*, HIP_vector_type<float, 2u> const*, int, int, int, int, HIP_vector_type<unsigned int, 3u>, HIP_vector_type<unsigned int, 3u>, HIP_vector_type<unsigned int, 3u>, HIP_vector_type<unsigned int, 3u>)	22	0	0	0	0	0
void flash_attn_ext_vec<256, 2, (ggml_type)1, (ggml_type)1, true, false>(char const*, char const*, char const*, char const*, char const*, int const*, float*, HIP_vector_type<float, 2u>*, float, float, float, float, unsigned int, float, int, HIP_vector_type<unsigned int, 3u>, int, int, int, int, int, int, int, int, int, int, int, long, int, int, long, int, int, int, int, int, long)	122	0	0	0	8704	144
void flash_attn_ext_vec<128, 1, (ggml_type)1, (ggml_type)1, false, false>(char const*, char const*, char const*, char const*, char const*, int const*, float*, HIP_vector_type<float, 2u>*, float, float, float, float, unsigned int, float, int, HIP_vector_type<unsigned int, 3u>, int, int, int, int, int, int, int, int, int, int, int, long, int, int, long, int, int, int, int, int, long)	102	0	0	0	4352	0
void flash_attn_ext_vec<128, 1, (ggml_type)1, (ggml_type)1, false, true>(char const*, char const*, char const*, char const*, char const*, int const*, float*, HIP_vector_type<float, 2u>*, float, float, float, float, unsigned int, float, int, HIP_vector_type<unsigned int, 3u>, int, int, int, int, int, int, int, int, int, int, int, long, int, int, long, int, int, int, int, int, long)	89	0	0	0	4356	0
void flash_attn_ext_vec<64, 1, (ggml_type)2, (ggml_type)2, false, false>(char const*, char const*, char const*, char const*, char const*, int const*, float*, HIP_vector_type<float, 2u>*, float, float, float, float, unsigned int, float, int, HIP_vector_type<unsigned int, 3u>, int, int, int, int, int, int, int, int, int, int, int, long, int, int, long, int, int, int, int, int, long)	116	0	0	0	1280	0
void flash_attn_mask_to_KV_max<1>(__half2 const*, int*, int, long, long)	18	0	0	0	128	0
void flash_attn_stream_k_fixup_uniform<64, 1, 1>(float*, HIP_vector_type<float, 2u> const*, int, int, int, int, int, int, HIP_vector_type<unsigned int, 3u>, HIP_vector_type<unsigned int, 3u>, HIP_vector_type<unsigned int, 3u>)	17	0	0	0	0	0
void flash_attn_stream_k_fixup_general<64, 1, 1>(float*, HIP_vector_type<float, 2u> const*, int, int, int, int, HIP_vector_type<unsigned int, 3u>, HIP_vector_type<unsigned int, 3u>, HIP_vector_type<unsigned int, 3u>, HIP_vector_type<unsigned int, 3u>)	22	0	0	0	0	0
void flash_attn_combine_results<64>(float const*, HIP_vector_type<float, 2u> const*, float*, int)	51	0	0	0	0	0
void flash_attn_ext_vec<64, 1, (ggml_type)2, (ggml_type)2, true, false>(char const*, char const*, char const*, char const*, char const*, int const*, float*, HIP_vector_type<float, 2u>*, float, float, float, float, unsigned int, float, int, HIP_vector_type<unsigned int, 3u>, int, int, int, int, int, int, int, int, int, int, int, long, int, int, long, int, int, int, int, int, long)	37	0	0	0	0	16
void flash_attn_ext_vec<64, 2, (ggml_type)2, (ggml_type)2, false, false>(char const*, char const*, char const*, char const*, char const*, int const*, float*, HIP_vector_type<float, 2u>*, float, float, float, float, unsigned int, float, int, HIP_vector_type<unsigned int, 3u>, int, int, int, int, int, int, int, int, int, int, int, long, int, int, long, int, int, int, int, int, long)	143	0	0	0	3584	0
void flash_attn_mask_to_KV_max<2>(__half2 const*, int*, int, long, long)	18	0	0	0	128	0
void flash_attn_stream_k_fixup_uniform<64, 2, 1>(float*, HIP_vector_type<float, 2u> const*, int, int, int, int, int, int, HIP_vector_type<unsigned int, 3u>, HIP_vector_type<unsigned int, 3u>, HIP_vector_type<unsigned int, 3u>)	17	0	0	0	0	0
void flash_attn_stream_k_fixup_general<64, 2, 1>(float*, HIP_vector_type<float, 2u> const*, int, int, int, int, HIP_vector_type<unsigned int, 3u>, HIP_vector_type<unsigned int, 3u>, HIP_vector_type<unsigned int, 3u>, HIP_vector_type<unsigned int, 3u>)	22	0	0	0	0	0
void flash_attn_ext_vec<64, 2, (ggml_type)2, (ggml_type)2, true, false>(char const*, char const*, char const*, char const*, char const*, int const*, float*, HIP_vector_type<float, 2u>*, float, float, float, float, unsigned int, float, int, HIP_vector_type<unsigned int, 3u>, int, int, int, int, int, int, int, int, int, int, int, long, int, int, long, int, int, int, int, int, long)	37	0	0	0	0	16
void flash_attn_ext_vec<128, 1, (ggml_type)2, (ggml_type)2, false, false>(char const*, char const*, char const*, char const*, char const*, int const*, float*, HIP_vector_type<float, 2u>*, float, float, float, float, unsigned int, float, int, HIP_vector_type<unsigned int, 3u>, int, int, int, int, int, int, int, int, int, int, int, long, int, int, long, int, int, int, int, int, long)	223	0	0	0	1280	0
void flash_attn_stream_k_fixup_uniform<128, 1, 1>(float*, HIP_vector_type<float, 2u> const*, int, int, int, int, int, int, HIP_vector_type<unsigned int, 3u>, HIP_vector_type<unsigned int, 3u>, HIP_vector_type<unsigned int, 3u>)	17	0	0	0	0	0
void flash_attn_stream_k_fixup_general<128, 1, 1>(float*, HIP_vector_type<float, 2u> const*, int, int, int, int, HIP_vector_type<unsigned int, 3u>, HIP_vector_type<unsigned int, 3u>, HIP_vector_type<unsigned int, 3u>, HIP_vector_type<unsigned int, 3u>)	22	0	0	0	0	0
void flash_attn_combine_results<128>(float const*, HIP_vector_type<float, 2u> const*, float*, int)	51	0	0	0	0	0
void flash_attn_ext_vec<128, 1, (ggml_type)2, (ggml_type)2, true, false>(char const*, char const*, char const*, char const*, char const*, int const*, float*, HIP_vector_type<float, 2u>*, float, float, float, float, unsigned int, float, int, HIP_vector_type<unsigned int, 3u>, int, int, int, int, int, int, int, int, int, int, int, long, int, int, long, int, int, int, int, int, long)	223	0	0	0	1280	0
void flash_attn_ext_vec<128, 2, (ggml_type)2, (ggml_type)2, false, false>(char const*, char const*, char const*, char const*, char const*, int const*, float*, HIP_vector_type<float, 2u>*, float, float, float, float, unsigned int, float, int, HIP_vector_type<unsigned int, 3u>, int, int, int, int, int, int, int, int, int, int, int, long, int, int, long, int, int, int, int, int, long)	248	0	0	0	3584	0
void flash_attn_stream_k_fixup_uniform<128, 2, 1>(float*, HIP_vector_type<float, 2u> const*, int, int, int, int, int, int, HIP_vector_type<unsigned int, 3u>, HIP_vector_type<unsigned int, 3u>, HIP_vector_type<unsigned int, 3u>)	17	0	0	0	0	0
void flash_attn_stream_k_fixup_general<128, 2, 1>(float*, HIP_vector_type<float, 2u> const*, int, int, int, int, HIP_vector_type<unsigned int, 3u>, HIP_vector_type<unsigned int, 3u>, HIP_vector_type<unsigned int, 3u>, HIP_vector_type<unsigned int, 3u>)	22	0	0	0	0	0
void flash_attn_ext_vec<128, 2, (ggml_type)2, (ggml_type)2, true, false>(char const*, char const*, char const*, char const*, char const*, int const*, float*, HIP_vector_type<float, 2u>*, float, float, float, float, unsigned int, float, int, HIP_vector_type<unsigned int, 3u>, int, int, int, int, int, int, int, int, int, int, int, long, int, int, long, int, int, int, int, int, long)	248	0	0	0	3584	0
void flash_attn_ext_vec<256, 1, (ggml_type)2, (ggml_type)2, false, false>(char const*, char const*, char const*, char const*, char const*, int const*, float*, HIP_vector_type<float, 2u>*, float, float, float, float, unsigned int, float, int, HIP_vector_type<unsigned int, 3u>, int, int, int, int, int, int, int, int, int, int, int, long, int, int, long, int, int, int, int, int, long)	167	0	0	0	2304	0
void flash_attn_stream_k_fixup_uniform<256, 1, 1>(float*, HIP_vector_type<float, 2u> const*, int, int, int, int, int, int, HIP_vector_type<unsigned int, 3u>, HIP_vector_type<unsigned int, 3u>, HIP_vector_type<unsigned int, 3u>)	17	0	0	0	0	0
void flash_attn_stream_k_fixup_general<256, 1, 1>(float*, HIP_vector_type<float, 2u> const*, int, int, int, int, HIP_vector_type<unsigned int, 3u>, HIP_vector_type<unsigned int, 3u>, HIP_vector_type<unsigned int, 3u>, HIP_vector_type<unsigned int, 3u>)	22	0	0	0	0	0
void flash_attn_combine_results<256>(float const*, HIP_vector_type<float, 2u> const*, float*, int)	51	0	0	0	0	0
void flash_attn_ext_vec<256, 1, (ggml_type)2, (ggml_type)2, true, false>(char const*, char const*, char const*, char const*, char const*, int const*, float*, HIP_vector_type<float, 2u>*, float, float, float, float, unsigned int, float, int, HIP_vector_type<unsigned int, 3u>, int, int, int, int, int, int, int, int, int, int, int, long, int, int, long, int, int, int, int, int, long)	164	0	0	0	2304	0
void flash_attn_ext_vec<256, 2, (ggml_type)2, (ggml_type)2, false, false>(char const*, char const*, char const*, char const*, char const*, int const*, float*, HIP_vector_type<float, 2u>*, float, float, float, float, unsigned int, float, int, HIP_vector_type<unsigned int, 3u>, int, int, int, int, int, int, int, int, int, int, int, long, int, int, long, int, int, int, int, int, long)	214	0	0	0	2560	48
void flash_attn_stream_k_fixup_uniform<256, 2, 1>(float*, HIP_vector_type<float, 2u> const*, int, int, int, int, int, int, HIP_vector_type<unsigned int, 3u>, HIP_vector_type<unsigned int, 3u>, HIP_vector_type<unsigned int, 3u>)	17	0	0	0	0	0
void flash_attn_stream_k_fixup_general<256, 2, 1>(float*, HIP_vector_type<float, 2u> const*, int, int, int, int, HIP_vector_type<unsigned int, 3u>, HIP_vector_type<unsigned int, 3u>, HIP_vector_type<unsigned int, 3u>, HIP_vector_type<unsigned int, 3u>)	22	0	0	0	0	0
void flash_attn_ext_vec<256, 2, (ggml_type)2, (ggml_type)2, true, false>(char const*, char const*, char const*, char const*, char const*, int const*, float*, HIP_vector_type<float, 2u>*, float, float, float, float, unsigned int, float, int, HIP_vector_type<unsigned int, 3u>, int, int, int, int, int, int, int, int, int, int, int, long, int, int, long, int, int, int, int, int, long)	217	0	0	0	2560	48
void flash_attn_ext_vec<128, 1, (ggml_type)1, (ggml_type)1, false, false>(char const*, char const*, char const*, char const*, char const*, int const*, float*, HIP_vector_type<float, 2u>*, float, float, float, float, unsigned int, float, int, HIP_vector_type<unsigned int, 3u>, int, int, int, int, int, int, int, int, int, int, int, long, int, int, long, int, int, int, int, int, long)	102	0	0	0	4352	0
void flash_attn_ext_vec<128, 1, (ggml_type)1, (ggml_type)1, false, true>(char const*, char const*, char const*, char const*, char const*, int const*, float*, HIP_vector_type<float, 2u>*, float, float, float, float, unsigned int, float, int, HIP_vector_type<unsigned int, 3u>, int, int, int, int, int, int, int, int, int, int, int, long, int, int, long, int, int, int, int, int, long)	89	0	0	0	4356	0
void flash_attn_ext_vec<64, 1, (ggml_type)8, (ggml_type)8, false, false>(char const*, char const*, char const*, char const*, char const*, int const*, float*, HIP_vector_type<float, 2u>*, float, float, float, float, unsigned int, float, int, HIP_vector_type<unsigned int, 3u>, int, int, int, int, int, int, int, int, int, int, int, long, int, int, long, int, int, int, int, int, long)	127	0	0	0	1280	0
void flash_attn_mask_to_KV_max<1>(__half2 const*, int*, int, long, long)	18	0	0	0	128	0
void flash_attn_stream_k_fixup_uniform<64, 1, 1>(float*, HIP_vector_type<float, 2u> const*, int, int, int, int, int, int, HIP_vector_type<unsigned int, 3u>, HIP_vector_type<unsigned int, 3u>, HIP_vector_type<unsigned int, 3u>)	17	0	0	0	0	0
void flash_attn_stream_k_fixup_general<64, 1, 1>(float*, HIP_vector_type<float, 2u> const*, int, int, int, int, HIP_vector_type<unsigned int, 3u>, HIP_vector_type<unsigned int, 3u>, HIP_vector_type<unsigned int, 3u>, HIP_vector_type<unsigned int, 3u>)	22	0	0	0	0	0
void flash_attn_combine_results<64>(float const*, HIP_vector_type<float, 2u> const*, float*, int)	51	0	0	0	0	0
void flash_attn_ext_vec<64, 1, (ggml_type)8, (ggml_type)8, true, false>(char const*, char const*, char const*, char const*, char const*, int const*, float*, HIP_vector_type<float, 2u>*, float, float, float, float, unsigned int, float, int, HIP_vector_type<unsigned int, 3u>, int, int, int, int, int, int, int, int, int, int, int, long, int, int, long, int, int, int, int, int, long)	37	0	0	0	0	16
void flash_attn_ext_vec<64, 2, (ggml_type)8, (ggml_type)8, false, false>(char const*, char const*, char const*, char const*, char const*, int const*, float*, HIP_vector_type<float, 2u>*, float, float, float, float, unsigned int, float, int, HIP_vector_type<unsigned int, 3u>, int, int, int, int, int, int, int, int, int, int, int, long, int, int, long, int, int, int, int, int, long)	145	0	0	0	3584	0
void flash_attn_mask_to_KV_max<2>(__half2 const*, int*, int, long, long)	18	0	0	0	128	0
void flash_attn_stream_k_fixup_uniform<64, 2, 1>(float*, HIP_vector_type<float, 2u> const*, int, int, int, int, int, int, HIP_vector_type<unsigned int, 3u>, HIP_vector_type<unsigned int, 3u>, HIP_vector_type<unsigned int, 3u>)	17	0	0	0	0	0
void flash_attn_stream_k_fixup_general<64, 2, 1>(float*, HIP_vector_type<float, 2u> const*, int, int, int, int, HIP_vector_type<unsigned int, 3u>, HIP_vector_type<unsigned int, 3u>, HIP_vector_type<unsigned int, 3u>, HIP_vector_type<unsigned int, 3u>)	22	0	0	0	0	0
void flash_attn_ext_vec<64, 2, (ggml_type)8, (ggml_type)8, true, false>(char const*, char const*, char const*, char const*, char const*, int const*, float*, HIP_vector_type<float, 2u>*, float, float, float, float, unsigned int, float, int, HIP_vector_type<unsigned int, 3u>, int, int, int, int, int, int, int, int, int, int, int, long, int, int, long, int, int, int, int, int, long)	37	0	0	0	0	16
void flash_attn_ext_vec<128, 1, (ggml_type)8, (ggml_type)8, false, false>(char const*, char const*, char const*, char const*, char const*, int const*, float*, HIP_vector_type<float, 2u>*, float, float, float, float, unsigned int, float, int, HIP_vector_type<unsigned int, 3u>, int, int, int, int, int, int, int, int, int, int, int, long, int, int, long, int, int, int, int, int, long)	203	0	0	0	1280	0
void flash_attn_stream_k_fixup_uniform<128, 1, 1>(float*, HIP_vector_type<float, 2u> const*, int, int, int, int, int, int, HIP_vector_type<unsigned int, 3u>, HIP_vector_type<unsigned int, 3u>, HIP_vector_type<unsigned int, 3u>)	17	0	0	0	0	0
void flash_attn_stream_k_fixup_general<128, 1, 1>(float*, HIP_vector_type<float, 2u> const*, int, int, int, int, HIP_vector_type<unsigned int, 3u>, HIP_vector_type<unsigned int, 3u>, HIP_vector_type<unsigned int, 3u>, HIP_vector_type<unsigned int, 3u>)	22	0	0	0	0	0
void flash_attn_combine_results<128>(float const*, HIP_vector_type<float, 2u> const*, float*, int)	51	0	0	0	0	0
void flash_attn_ext_vec<128, 1, (ggml_type)8, (ggml_type)8, true, false>(char const*, char const*, char const*, char const*, char const*, int const*, float*, HIP_vector_type<float, 2u>*, float, float, float, float, unsigned int, float, int, HIP_vector_type<unsigned int, 3u>, int, int, int, int, int, int, int, int, int, int, int, long, int, int, long, int, int, int, int, int, long)	206	0	0	0	1280	0
void flash_attn_ext_vec<128, 2, (ggml_type)8, (ggml_type)8, false, false>(char const*, char const*, char const*, char const*, char const*, int const*, float*, HIP_vector_type<float, 2u>*, float, float, float, float, unsigned int, float, int, HIP_vector_type<unsigned int, 3u>, int, int, int, int, int, int, int, int, int, int, int, long, int, int, long, int, int, int, int, int, long)	235	0	0	0	3584	0
void flash_attn_stream_k_fixup_uniform<128, 2, 1>(float*, HIP_vector_type<float, 2u> const*, int, int, int, int, int, int, HIP_vector_type<unsigned int, 3u>, HIP_vector_type<unsigned int, 3u>, HIP_vector_type<unsigned int, 3u>)	17	0	0	0	0	0
void flash_attn_stream_k_fixup_general<128, 2, 1>(float*, HIP_vector_type<float, 2u> const*, int, int, int, int, HIP_vector_type<unsigned int, 3u>, HIP_vector_type<unsigned int, 3u>, HIP_vector_type<unsigned int, 3u>, HIP_vector_type<unsigned int, 3u>)	22	0	0	0	0	0
void flash_attn_ext_vec<128, 2, (ggml_type)8, (ggml_type)8, true, false>(char const*, char const*, char const*, char const*, char const*, int const*, float*, HIP_vector_type<float, 2u>*, float, float, float, float, unsigned int, float, int, HIP_vector_type<unsigned int, 3u>, int, int, int, int, int, int, int, int, int, int, int, long, int, int, long, int, int, int, int, int, long)	238	0	0	0	3584	0
void flash_attn_ext_vec<256, 1, (ggml_type)8, (ggml_type)8, false, false>(char const*, char const*, char const*, char const*, char const*, int const*, float*, HIP_vector_type<float, 2u>*, float, float, float, float, unsigned int, float, int, HIP_vector_type<unsigned int, 3u>, int, int, int, int, int, int, int, int, int, int, int, long, int, int, long, int, int, int, int, int, long)	158	0	0	0	2304	0
void flash_attn_stream_k_fixup_uniform<256, 1, 1>(float*, HIP_vector_type<float, 2u> const*, int, int, int, int, int, int, HIP_vector_type<unsigned int, 3u>, HIP_vector_type<unsigned int, 3u>, HIP_vector_type<unsigned int, 3u>)	17	0	0	0	0	0
void flash_attn_stream_k_fixup_general<256, 1, 1>(float*, HIP_vector_type<float, 2u> const*, int, int, int, int, HIP_vector_type<unsigned int, 3u>, HIP_vector_type<unsigned int, 3u>, HIP_vector_type<unsigned int, 3u>, HIP_vector_type<unsigned int, 3u>)	22	0	0	0	0	0
void flash_attn_combine_results<256>(float const*, HIP_vector_type<float, 2u> const*, float*, int)	51	0	0	0	0	0
void flash_attn_ext_vec<256, 1, (ggml_type)8, (ggml_type)8, true, false>(char const*, char const*, char const*, char const*, char const*, int const*, float*, HIP_vector_type<float, 2u>*, float, float, float, float, unsigned int, float, int, HIP_vector_type<unsigned int, 3u>, int, int, int, int, int, int, int, int, int, int, int, long, int, int, long, int, int, int, int, int, long)	161	0	0	0	2304	0
void flash_attn_ext_vec<256, 2, (ggml_type)8, (ggml_type)8, false, false>(char const*, char const*, char const*, char const*, char const*, int const*, float*, HIP_vector_type<float, 2u>*, float, float, float, float, unsigned int, float, int, HIP_vector_type<unsigned int, 3u>, int, int, int, int, int, int, int, int, int, int, int, long, int, int, long, int, int, int, int, int, long)	200	0	0	0	2560	48
void flash_attn_stream_k_fixup_uniform<256, 2, 1>(float*, HIP_vector_type<float, 2u> const*, int, int, int, int, int, int, HIP_vector_type<unsigned int, 3u>, HIP_vector_type<unsigned int, 3u>, HIP_vector_type<unsigned int, 3u>)	17	0	0	0	0	0
void flash_attn_stream_k_fixup_general<256, 2, 1>(float*, HIP_vector_type<float, 2u> const*, int, int, int, int, HIP_vector_type<unsigned int, 3u>, HIP_vector_type<unsigned int, 3u>, HIP_vector_type<unsigned int, 3u>, HIP_vector_type<unsigned int, 3u>)	22	0	0	0	0	0
void flash_attn_ext_vec<256, 2, (ggml_type)8, (ggml_type)8, true, false>(char const*, char const*, char const*, char const*, char const*, int const*, float*, HIP_vector_type<float, 2u>*, float, float, float, float, unsigned int, float, int, HIP_vector_type<unsigned int, 3u>, int, int, int, int, int, int, int, int, int, int, int, long, int, int, long, int, int, int, int, int, long)	203	0	0	0	2560	48
void flash_attn_ext_vec<128, 1, (ggml_type)1, (ggml_type)1, false, false>(char const*, char const*, char const*, char const*, char const*, int const*, float*, HIP_vector_type<float, 2u>*, float, float, float, float, unsigned int, float, int, HIP_vector_type<unsigned int, 3u>, int, int, int, int, int, int, int, int, int, int, int, long, int, int, long, int, int, int, int, int, long)	102	0	0	0	4352	0
void flash_attn_ext_vec<128, 1, (ggml_type)1, (ggml_type)1, false, true>(char const*, char const*, char const*, char const*, char const*, int const*, float*, HIP_vector_type<float, 2u>*, float, float, float, float, unsigned int, float, int, HIP_vector_type<unsigned int, 3u>, int, int, int, int, int, int, int, int, int, int, int, long, int, int, long, int, int, int, int, int, long)	89	0	0	0	4356	0
void flash_attn_ext_vec<64, 1, (ggml_type)30, (ggml_type)30, false, false>(char const*, char const*, char const*, char const*, char const*, int const*, float*, HIP_vector_type<float, 2u>*, float, float, float, float, unsigned int, float, int, HIP_vector_type<unsigned int, 3u>, int, int, int, int, int, int, int, int, int, int, int, long, int, int, long, int, int, int, int, int, long)	142	0	0	0	2304	0
void flash_attn_mask_to_KV_max<1>(__half2 const*, int*, int, long, long)	18	0	0	0	128	0
void flash_attn_stream_k_fixup_uniform<64, 1, 1>(float*, HIP_vector_type<float, 2u> const*, int, int, int, int, int, int, HIP_vector_type<unsigned int, 3u>, HIP_vector_type<unsigned int, 3u>, HIP_vector_type<unsigned int, 3u>)	17	0	0	0	0	0
void flash_attn_stream_k_fixup_general<64, 1, 1>(float*, HIP_vector_type<float, 2u> const*, int, int, int, int, HIP_vector_type<unsigned int, 3u>, HIP_vector_type<unsigned int, 3u>, HIP_vector_type<unsigned int, 3u>, HIP_vector_type<unsigned int, 3u>)	22	0	0	0	0	0
void flash_attn_combine_results<64>(float const*, HIP_vector_type<float, 2u> const*, float*, int)	51	0	0	0	0	0
void flash_attn_ext_vec<64, 1, (ggml_type)30, (ggml_type)30, true, false>(char const*, char const*, char const*, char const*, char const*, int const*, float*, HIP_vector_type<float, 2u>*, float, float, float, float, unsigned int, float, int, HIP_vector_type<unsigned int, 3u>, int, int, int, int, int, int, int, int, int, int, int, long, int, int, long, int, int, int, int, int, long)	37	0	0	0	0	16
void flash_attn_ext_vec<64, 2, (ggml_type)30, (ggml_type)30, false, false>(char const*, char const*, char const*, char const*, char const*, int const*, float*, HIP_vector_type<float, 2u>*, float, float, float, float, unsigned int, float, int, HIP_vector_type<unsigned int, 3u>, int, int, int, int, int, int, int, int, int, int, int, long, int, int, long, int, int, int, int, int, long)	172	0	0	0	2560	48
void flash_attn_mask_to_KV_max<2>(__half2 const*, int*, int, long, long)	18	0	0	0	128	0
void flash_attn_stream_k_fixup_uniform<64, 2, 1>(float*, HIP_vector_type<float, 2u> const*, int, int, int, int, int, int, HIP_vector_type<unsigned int, 3u>, HIP_vector_type<unsigned int, 3u>, HIP_vector_type<unsigned int, 3u>)	17	0	0	0	0	0
void flash_attn_stream_k_fixup_general<64, 2, 1>(float*, HIP_vector_type<float, 2u> const*, int, int, int, int, HIP_vector_type<unsigned int, 3u>, HIP_vector_type<unsigned int, 3u>, HIP_vector_type<unsigned int, 3u>, HIP_vector_type<unsigned int, 3u>)	22	0	0	0	0	0
void flash_attn_ext_vec<64, 2, (ggml_type)30, (ggml_type)30, true, false>(char const*, char const*, char const*, char const*, char const*, int const*, float*, HIP_vector_type<float, 2u>*, float, float, float, float, unsigned int, float, int, HIP_vector_type<unsigned int, 3u>, int, int, int, int, int, int, int, int, int, int, int, long, int, int, long, int, int, int, int, int, long)	37	0	0	0	0	16
void flash_attn_ext_vec<128, 1, (ggml_type)30, (ggml_type)30, false, false>(char const*, char const*, char const*, char const*, char const*, int const*, float*, HIP_vector_type<float, 2u>*, float, float, float, float, unsigned int, float, int, HIP_vector_type<unsigned int, 3u>, int, int, int, int, int, int, int, int, int, int, int, long, int, int, long, int, int, int, int, int, long)	216	0	0	0	4352	0
void flash_attn_stream_k_fixup_uniform<128, 1, 1>(float*, HIP_vector_type<float, 2u> const*, int, int, int, int, int, int, HIP_vector_type<unsigned int, 3u>, HIP_vector_type<unsigned int, 3u>, HIP_vector_type<unsigned int, 3u>)	17	0	0	0	0	0
void flash_attn_stream_k_fixup_general<128, 1, 1>(float*, HIP_vector_type<float, 2u> const*, int, int, int, int, HIP_vector_type<unsigned int, 3u>, HIP_vector_type<unsigned int, 3u>, HIP_vector_type<unsigned int, 3u>, HIP_vector_type<unsigned int, 3u>)	22	0	0	0	0	0
void flash_attn_combine_results<128>(float const*, HIP_vector_type<float, 2u> const*, float*, int)	51	0	0	0	0	0
void flash_attn_ext_vec<128, 1, (ggml_type)30, (ggml_type)30, true, false>(char const*, char const*, char const*, char const*, char const*, int const*, float*, HIP_vector_type<float, 2u>*, float, float, float, float, unsigned int, float, int, HIP_vector_type<unsigned int, 3u>, int, int, int, int, int, int, int, int, int, int, int, long, int, int, long, int, int, int, int, int, long)	219	0	0	0	4352	0
void flash_attn_ext_vec<128, 2, (ggml_type)30, (ggml_type)30, false, false>(char const*, char const*, char const*, char const*, char const*, int const*, float*, HIP_vector_type<float, 2u>*, float, float, float, float, unsigned int, float, int, HIP_vector_type<unsigned int, 3u>, int, int, int, int, int, int, int, int, int, int, int, long, int, int, long, int, int, int, int, int, long)	151	0	0	0	4608	80
void flash_attn_stream_k_fixup_uniform<128, 2, 1>(float*, HIP_vector_type<float, 2u> const*, int, int, int, int, int, int, HIP_vector_type<unsigned int, 3u>, HIP_vector_type<unsigned int, 3u>, HIP_vector_type<unsigned int, 3u>)	17	0	0	0	0	0
void flash_attn_stream_k_fixup_general<128, 2, 1>(float*, HIP_vector_type<float, 2u> const*, int, int, int, int, HIP_vector_type<unsigned int, 3u>, HIP_vector_type<unsigned int, 3u>, HIP_vector_type<unsigned int, 3u>, HIP_vector_type<unsigned int, 3u>)	22	0	0	0	0	0
void flash_attn_ext_vec<128, 2, (ggml_type)30, (ggml_type)30, true, false>(char const*, char const*, char const*, char const*, char const*, int const*, float*, HIP_vector_type<float, 2u>*, float, float, float, float, unsigned int, float, int, HIP_vector_type<unsigned int, 3u>, int, int, int, int, int, int, int, int, int, int, int, long, int, int, long, int, int, int, int, int, long)	154	0	0	0	4608	80
void flash_attn_ext_vec<256, 1, (ggml_type)30, (ggml_type)30, false, false>(char const*, char const*, char const*, char const*, char const*, int const*, float*, HIP_vector_type<float, 2u>*, float, float, float, float, unsigned int, float, int, HIP_vector_type<unsigned int, 3u>, int, int, int, int, int, int, int, int, int, int, int, long, int, int, long, int, int, int, int, int, long)	368	112	18	0	8448	0
void flash_attn_stream_k_fixup_uniform<256, 1, 1>(float*, HIP_vector_type<float, 2u> const*, int, int, int, int, int, int, HIP_vector_type<unsigned int, 3u>, HIP_vector_type<unsigned int, 3u>, HIP_vector_type<unsigned int, 3u>)	17	0	0	0	0	0
void flash_attn_stream_k_fixup_general<256, 1, 1>(float*, HIP_vector_type<float, 2u> const*, int, int, int, int, HIP_vector_type<unsigned int, 3u>, HIP_vector_type<unsigned int, 3u>, HIP_vector_type<unsigned int, 3u>, HIP_vector_type<unsigned int, 3u>)	22	0	0	0	0	0
void flash_attn_combine_results<256>(float const*, HIP_vector_type<float, 2u> const*, float*, int)	51	0	0	0	0	0
void flash_attn_ext_vec<256, 1, (ggml_type)30, (ggml_type)30, true, false>(char const*, char const*, char const*, char const*, char const*, int const*, float*, HIP_vector_type<float, 2u>*, float, float, float, float, unsigned int, float, int, HIP_vector_type<unsigned int, 3u>, int, int, int, int, int, int, int, int, int, int, int, long, int, int, long, int, int, int, int, int, long)	368	112	18	0	8448	0
void flash_attn_ext_vec<256, 2, (ggml_type)30, (ggml_type)30, false, false>(char const*, char const*, char const*, char const*, char const*, int const*, float*, HIP_vector_type<float, 2u>*, float, float, float, float, unsigned int, float, int, HIP_vector_type<unsigned int, 3u>, int, int, int, int, int, int, int, int, int, int, int, long, int, int, long, int, int, int, int, int, long)	205	0	0	0	8704	144
void flash_attn_stream_k_fixup_uniform<256, 2, 1>(float*, HIP_vector_type<float, 2u> const*, int, int, int, int, int, int, HIP_vector_type<unsigned int, 3u>, HIP_vector_type<unsigned int, 3u>, HIP_vector_type<unsigned int, 3u>)	17	0	0	0	0	0
void flash_attn_stream_k_fixup_general<256, 2, 1>(float*, HIP_vector_type<float, 2u> const*, int, int, int, int, HIP_vector_type<unsigned int, 3u>, HIP_vector_type<unsigned int, 3u>, HIP_vector_type<unsigned int, 3u>, HIP_vector_type<unsigned int, 3u>)	22	0	0	0	0	0
void flash_attn_ext_vec<256, 2, (ggml_type)30, (ggml_type)30, true, false>(char const*, char const*, char const*, char const*, char const*, int const*, float*, HIP_vector_type<float, 2u>*, float, float, float, float, unsigned int, float, int, HIP_vector_type<unsigned int, 3u>, int, int, int, int, int, int, int, int, int, int, int, long, int, int, long, int, int, int, int, int, long)	208	0	0	0	8704	144
void flash_attn_ext_f16<128, 16, 8, 128, float, false>(char const*, char const*, char const*, char const*, char const*, int const*, float*, HIP_vector_type<float, 2u>*, float, float, float, float, unsigned int, float, int, HIP_vector_type<unsigned int, 3u>, int, int, int, int, int, int, int, int, int, int, int, long, int, int, long, int, int, int, int, int, long)	90	0	0	0	21248	0
void flash_attn_ext_f16<128, 16, 8, 128, float, true>(char const*, char const*, char const*, char const*, char const*, int const*, float*, HIP_vector_type<float, 2u>*, float, float, float, float, unsigned int, float, int, HIP_vector_type<unsigned int, 3u>, int, int, int, int, int, int, int, int, int, int, int, long, int, int, long, int, int, int, int, int, long)	93	0	0	0	21248	0
void flash_attn_mask_to_KV_max<16>(__half2 const*, int*, int, long, long)	13	0	0	0	128	0
void flash_attn_stream_k_fixup_uniform<128, 16, 1>(float*, HIP_vector_type<float, 2u> const*, int, int, int, int, int, int, HIP_vector_type<unsigned int, 3u>, HIP_vector_type<unsigned int, 3u>, HIP_vector_type<unsigned int, 3u>)	17	0	0	0	0	0
void flash_attn_stream_k_fixup_general<128, 16, 1>(float*, HIP_vector_type<float, 2u> const*, int, int, int, int, HIP_vector_type<unsigned int, 3u>, HIP_vector_type<unsigned int, 3u>, HIP_vector_type<unsigned int, 3u>, HIP_vector_type<unsigned int, 3u>)	22	0	0	0	0	0
void flash_attn_combine_results<128>(float const*, HIP_vector_type<float, 2u> const*, float*, int)	51	0	0	0	0	0
void flash_attn_ext_f16<128, 16, 8, 128, __half, false>(char const*, char const*, char const*, char const*, char const*, int const*, float*, HIP_vector_type<float, 2u>*, float, float, float, float, unsigned int, float, int, HIP_vector_type<unsigned int, 3u>, int, int, int, int, int, int, int, int, int, int, int, long, int, int, long, int, int, int, int, int, long)	83	0	0	0	12800	0
void flash_attn_ext_f16<128, 16, 8, 128, __half, true>(char const*, char const*, char const*, char const*, char const*, int const*, float*, HIP_vector_type<float, 2u>*, float, float, float, float, unsigned int, float, int, HIP_vector_type<unsigned int, 3u>, int, int, int, int, int, int, int, int, int, int, int, long, int, int, long, int, int, int, int, int, long)	84	0	0	0	12800	0
void flash_attn_ext_f16<64, 16, 4, 64, float, false>(char const*, char const*, char const*, char const*, char const*, int const*, float*, HIP_vector_type<float, 2u>*, float, float, float, float, unsigned int, float, int, HIP_vector_type<unsigned int, 3u>, int, int, int, int, int, int, int, int, int, int, int, long, int, int, long, int, int, int, int, int, long)	116	16	0	0	19200	0
void flash_attn_ext_f16<64, 16, 4, 64, float, true>(char const*, char const*, char const*, char const*, char const*, int const*, float*, HIP_vector_type<float, 2u>*, float, float, float, float, unsigned int, float, int, HIP_vector_type<unsigned int, 3u>, int, int, int, int, int, int, int, int, int, int, int, long, int, int, long, int, int, int, int, int, long)	37	0	0	0	0	16
void flash_attn_stream_k_fixup_uniform<64, 16, 1>(float*, HIP_vector_type<float, 2u> const*, int, int, int, int, int, int, HIP_vector_type<unsigned int, 3u>, HIP_vector_type<unsigned int, 3u>, HIP_vector_type<unsigned int, 3u>)	17	0	0	0	0	0
void flash_attn_stream_k_fixup_general<64, 16, 1>(float*, HIP_vector_type<float, 2u> const*, int, int, int, int, HIP_vector_type<unsigned int, 3u>, HIP_vector_type<unsigned int, 3u>, HIP_vector_type<unsigned int, 3u>, HIP_vector_type<unsigned int, 3u>)	22	0	0	0	0	0
void flash_attn_combine_results<64>(float const*, HIP_vector_type<float, 2u> const*, float*, int)	51	0	0	0	0	0
void flash_attn_ext_f16<80, 16, 4, 16, float, false>(char const*, char const*, char const*, char const*, char const*, int const*, float*, HIP_vector_type<float, 2u>*, float, float, float, float, unsigned int, float, int, HIP_vector_type<unsigned int, 3u>, int, int, int, int, int, int, int, int, int, int, int, long, int, int, long, int, int, int, int, int, long)	144	16	0	0	19712	0
void flash_attn_ext_f16<80, 16, 4, 16, float, true>(char const*, char const*, char const*, char const*, char const*, int const*, float*, HIP_vector_type<float, 2u>*, float, float, float, float, unsigned int, float, int, HIP_vector_type<unsigned int, 3u>, int, int, int, int, int, int, int, int, int, int, int, long, int, int, long, int, int, int, int, int, long)	37	0	0	0	0	16
void flash_attn_stream_k_fixup_uniform<80, 16, 1>(float*, HIP_vector_type<float, 2u> const*, int, int, int, int, int, int, HIP_vector_type<unsigned int, 3u>, HIP_vector_type<unsigned int, 3u>, HIP_vector_type<unsigned int, 3u>)	17	0	0	0	0	0
void flash_attn_stream_k_fixup_general<80, 16, 1>(float*, HIP_vector_type<float, 2u> const*, int, int, int, int, HIP_vector_type<unsigned int, 3u>, HIP_vector_type<unsigned int, 3u>, HIP_vector_type<unsigned int, 3u>, HIP_vector_type<unsigned int, 3u>)	22	0	0	0	0	0
void flash_attn_combine_results<80>(float const*, HIP_vector_type<float, 2u> const*, float*, int)	51	0	0	0	0	0
void flash_attn_ext_f16<96, 16, 4, 32, float, false>(char const*, char const*, char const*, char const*, char const*, int const*, float*, HIP_vector_type<float, 2u>*, float, float, float, float, unsigned int, float, int, HIP_vector_type<unsigned int, 3u>, int, int, int, int, int, int, int, int, int, int, int, long, int, int, long, int, int, int, int, int, long)	160	16	0	0	20224	0
void flash_attn_ext_f16<96, 16, 4, 32, float, true>(char const*, char const*, char const*, char const*, char const*, int const*, float*, HIP_vector_type<float, 2u>*, float, float, float, float, unsigned int, float, int, HIP_vector_type<unsigned int, 3u>, int, int, int, int, int, int, int, int, int, int, int, long, int, int, long, int, int, int, int, int, long)	37	0	0	0	0	16
void flash_attn_stream_k_fixup_uniform<96, 16, 1>(float*, HIP_vector_type<float, 2u> const*, int, int, int, int, int, int, HIP_vector_type<unsigned int, 3u>, HIP_vector_type<unsigned int, 3u>, HIP_vector_type<unsigned int, 3u>)	17	0	0	0	0	0
void flash_attn_stream_k_fixup_general<96, 16, 1>(float*, HIP_vector_type<float, 2u> const*, int, int, int, int, HIP_vector_type<unsigned int, 3u>, HIP_vector_type<unsigned int, 3u>, HIP_vector_type<unsigned int, 3u>, HIP_vector_type<unsigned int, 3u>)	22	0	0	0	0	0
void flash_attn_combine_results<96>(float const*, HIP_vector_type<float, 2u> const*, float*, int)	51	0	0	0	0	0
void flash_attn_ext_f16<112, 16, 4, 16, float, false>(char const*, char const*, char const*, char const*, char const*, int const*, float*, HIP_vector_type<float, 2u>*, float, float, float, float, unsigned int, float, int, HIP_vector_type<unsigned int, 3u>, int, int, int, int, int, int, int, int, int, int, int, long, int, int, long, int, int, int, int, int, long)	156	16	0	0	20736	0
void flash_attn_ext_f16<112, 16, 4, 16, float, true>(char const*, char const*, char const*, char const*, char const*, int const*, float*, HIP_vector_type<float, 2u>*, float, float, float, float, unsigned int, float, int, HIP_vector_type<unsigned int, 3u>, int, int, int, int, int, int, int, int, int, int, int, long, int, int, long, int, int, int, int, int, long)	37	0	0	0	0	16
void flash_attn_stream_k_fixup_uniform<112, 16, 1>(float*, HIP_vector_type<float, 2u> const*, int, int, int, int, int, int, HIP_vector_type<unsigned int, 3u>, HIP_vector_type<unsigned int, 3u>, HIP_vector_type<unsigned int, 3u>)	17	0	0	0	0	0
void flash_attn_stream_k_fixup_general<112, 16, 1>(float*, HIP_vector_type<float, 2u> const*, int, int, int, int, HIP_vector_type<unsigned int, 3u>, HIP_vector_type<unsigned int, 3u>, HIP_vector_type<unsigned int, 3u>, HIP_vector_type<unsigned int, 3u>)	22	0	0	0	0	0
void flash_attn_combine_results<112>(float const*, HIP_vector_type<float, 2u> const*, float*, int)	51	0	0	0	0	0
void flash_attn_ext_f16<128, 16, 4, 64, float, false>(char const*, char const*, char const*, char const*, char const*, int const*, float*, HIP_vector_type<float, 2u>*, float, float, float, float, unsigned int, float, int, HIP_vector_type<unsigned int, 3u>, int, int, int, int, int, int, int, int, int, int, int, long, int, int, long, int, int, int, int, int, long)	164	16	0	0	21248	0
void flash_attn_ext_f16<128, 16, 4, 64, float, true>(char const*, char const*, char const*, char const*, char const*, int const*, float*, HIP_vector_type<float, 2u>*, float, float, float, float, unsigned int, float, int, HIP_vector_type<unsigned int, 3u>, int, int, int, int, int, int, int, int, int, int, int, long, int, int, long, int, int, int, int, int, long)	164	16	0	0	21248	0
void flash_attn_ext_f16<256, 16, 4, 64, float, false>(char const*, char const*, char const*, char const*, char const*, int const*, float*, HIP_vector_type<float, 2u>*, float, float, float, float, unsigned int, float, int, HIP_vector_type<unsigned int, 3u>, int, int, int, int, int, int, int, int, int, int, int, long, int, int, long, int, int, int, int, int, long)	192	16	0	0	25344	0
void flash_attn_ext_f16<256, 16, 4, 64, float, true>(char const*, char const*, char const*, char const*, char const*, int const*, float*, HIP_vector_type<float, 2u>*, float, float, float, float, unsigned int, float, int, HIP_vector_type<unsigned int, 3u>, int, int, int, int, int, int, int, int, int, int, int, long, int, int, long, int, int, int, int, int, long)	192	16	0	0	25344	0
void flash_attn_stream_k_fixup_uniform<256, 16, 1>(float*, HIP_vector_type<float, 2u> const*, int, int, int, int, int, int, HIP_vector_type<unsigned int, 3u>, HIP_vector_type<unsigned int, 3u>, HIP_vector_type<unsigned int, 3u>)	17	0	0	0	0	0
void flash_attn_stream_k_fixup_general<256, 16, 1>(float*, HIP_vector_type<float, 2u> const*, int, int, int, int, HIP_vector_type<unsigned int, 3u>, HIP_vector_type<unsigned int, 3u>, HIP_vector_type<unsigned int, 3u>, HIP_vector_type<unsigned int, 3u>)	22	0	0	0	0	0
void flash_attn_combine_results<256>(float const*, HIP_vector_type<float, 2u> const*, float*, int)	51	0	0	0	0	0
void flash_attn_ext_f16<64, 32, 4, 64, float, false>(char const*, char const*, char const*, char const*, char const*, int const*, float*, HIP_vector_type<float, 2u>*, float, float, float, float, unsigned int, float, int, HIP_vector_type<unsigned int, 3u>, int, int, int, int, int, int, int, int, int, int, int, long, int, int, long, int, int, int, int, int, long)	220	32	0	0	38400	0
void flash_attn_ext_f16<64, 32, 4, 64, float, true>(char const*, char const*, char const*, char const*, char const*, int const*, float*, HIP_vector_type<float, 2u>*, float, float, float, float, unsigned int, float, int, HIP_vector_type<unsigned int, 3u>, int, int, int, int, int, int, int, int, int, int, int, long, int, int, long, int, int, int, int, int, long)	37	0	0	0	0	16
void flash_attn_mask_to_KV_max<32>(__half2 const*, int*, int, long, long)	14	0	0	48	128	0
void flash_attn_stream_k_fixup_uniform<64, 32, 1>(float*, HIP_vector_type<float, 2u> const*, int, int, int, int, int, int, HIP_vector_type<unsigned int, 3u>, HIP_vector_type<unsigned int, 3u>, HIP_vector_type<unsigned int, 3u>)	17	0	0	0	0	0
void flash_attn_stream_k_fixup_general<64, 32, 1>(float*, HIP_vector_type<float, 2u> const*, int, int, int, int, HIP_vector_type<unsigned int, 3u>, HIP_vector_type<unsigned int, 3u>, HIP_vector_type<unsigned int, 3u>, HIP_vector_type<unsigned int, 3u>)	22	0	0	0	0	0
void flash_attn_ext_f16<80, 32, 4, 16, float, false>(char const*, char const*, char const*, char const*, char const*, int const*, float*, HIP_vector_type<float, 2u>*, float, float, float, float, unsigned int, float, int, HIP_vector_type<unsigned int, 3u>, int, int, int, int, int, int, int, int, int, int, int, long, int, int, long, int, int, int, int, int, long)	224	32	0	0	39424	0
void flash_attn_ext_f16<80, 32, 4, 16, float, true>(char const*, char const*, char const*, char const*, char const*, int const*, float*, HIP_vector_type<float, 2u>*, float, float, float, float, unsigned int, float, int, HIP_vector_type<unsigned int, 3u>, int, int, int, int, int, int, int, int, int, int, int, long, int, int, long, int, int, int, int, int, long)	37	0	0	0	0	16
void flash_attn_stream_k_fixup_uniform<80, 32, 1>(float*, HIP_vector_type<float, 2u> const*, int, int, int, int, int, int, HIP_vector_type<unsigned int, 3u>, HIP_vector_type<unsigned int, 3u>, HIP_vector_type<unsigned int, 3u>)	17	0	0	0	0	0
void flash_attn_stream_k_fixup_general<80, 32, 1>(float*, HIP_vector_type<float, 2u> const*, int, int, int, int, HIP_vector_type<unsigned int, 3u>, HIP_vector_type<unsigned int, 3u>, HIP_vector_type<unsigned int, 3u>, HIP_vector_type<unsigned int, 3u>)	22	0	0	0	0	0
void flash_attn_ext_f16<96, 32, 4, 32, float, false>(char const*, char const*, char const*, char const*, char const*, int const*, float*, HIP_vector_type<float, 2u>*, float, float, float, float, unsigned int, float, int, HIP_vector_type<unsigned int, 3u>, int, int, int, int, int, int, int, int, int, int, int, long, int, int, long, int, int, int, int, int, long)	244	32	0	0	40448	0
void flash_attn_ext_f16<96, 32, 4, 32, float, true>(char const*, char const*, char const*, char const*, char const*, int const*, float*, HIP_vector_type<float, 2u>*, float, float, float, float, unsigned int, float, int, HIP_vector_type<unsigned int, 3u>, int, int, int, int, int, int, int, int, int, int, int, long, int, int, long, int, int, int, int, int, long)	37	0	0	0	0	16
void flash_attn_stream_k_fixup_uniform<96, 32, 1>(float*, HIP_vector_type<float, 2u> const*, int, int, int, int, int, int, HIP_vector_type<unsigned int, 3u>, HIP_vector_type<unsigned int, 3u>, HIP_vector_type<unsigned int, 3u>)	17	0	0	0	0	0
void flash_attn_stream_k_fixup_general<96, 32, 1>(float*, HIP_vector_type<float, 2u> const*, int, int, int, int, HIP_vector_type<unsigned int, 3u>, HIP_vector_type<unsigned int, 3u>, HIP_vector_type<unsigned int, 3u>, HIP_vector_type<unsigned int, 3u>)	22	0	0	0	0	0
void flash_attn_ext_f16<112, 32, 4, 16, float, false>(char const*, char const*, char const*, char const*, char const*, int const*, float*, HIP_vector_type<float, 2u>*, float, float, float, float, unsigned int, float, int, HIP_vector_type<unsigned int, 3u>, int, int, int, int, int, int, int, int, int, int, int, long, int, int, long, int, int, int, int, int, long)	244	32	0	0	41472	0
void flash_attn_ext_f16<112, 32, 4, 16, float, true>(char const*, char const*, char const*, char const*, char const*, int const*, float*, HIP_vector_type<float, 2u>*, float, float, float, float, unsigned int, float, int, HIP_vector_type<unsigned int, 3u>, int, int, int, int, int, int, int, int, int, int, int, long, int, int, long, int, int, int, int, int, long)	37	0	0	0	0	16
void flash_attn_stream_k_fixup_uniform<112, 32, 1>(float*, HIP_vector_type<float, 2u> const*, int, int, int, int, int, int, HIP_vector_type<unsigned int, 3u>, HIP_vector_type<unsigned int, 3u>, HIP_vector_type<unsigned int, 3u>)	17	0	0	0	0	0
void flash_attn_stream_k_fixup_general<112, 32, 1>(float*, HIP_vector_type<float, 2u> const*, int, int, int, int, HIP_vector_type<unsigned int, 3u>, HIP_vector_type<unsigned int, 3u>, HIP_vector_type<unsigned int, 3u>, HIP_vector_type<unsigned int, 3u>)	22	0	0	0	0	0
void flash_attn_ext_f16<128, 32, 4, 64, float, false>(char const*, char const*, char const*, char const*, char const*, int const*, float*, HIP_vector_type<float, 2u>*, float, float, float, float, unsigned int, float, int, HIP_vector_type<unsigned int, 3u>, int, int, int, int, int, int, int, int, int, int, int, long, int, int, long, int, int, int, int, int, long)	244	32	0	0	42496	0
void flash_attn_ext_f16<128, 32, 4, 64, float, true>(char const*, char const*, char const*, char const*, char const*, int const*, float*, HIP_vector_type<float, 2u>*, float, float, float, float, unsigned int, float, int, HIP_vector_type<unsigned int, 3u>, int, int, int, int, int, int, int, int, int, int, int, long, int, int, long, int, int, int, int, int, long)	244	32	0	0	42496	0
void flash_attn_stream_k_fixup_uniform<128, 32, 1>(float*, HIP_vector_type<float, 2u> const*, int, int, int, int, int, int, HIP_vector_type<unsigned int, 3u>, HIP_vector_type<unsigned int, 3u>, HIP_vector_type<unsigned int, 3u>)	17	0	0	0	0	0
void flash_attn_stream_k_fixup_general<128, 32, 1>(float*, HIP_vector_type<float, 2u> const*, int, int, int, int, HIP_vector_type<unsigned int, 3u>, HIP_vector_type<unsigned int, 3u>, HIP_vector_type<unsigned int, 3u>, HIP_vector_type<unsigned int, 3u>)	22	0	0	0	0	0
void flash_attn_ext_f16<64, 16, 4, 64, __half, false>(char const*, char const*, char const*, char const*, char const*, int const*, float*, HIP_vector_type<float, 2u>*, float, float, float, float, unsigned int, float, int, HIP_vector_type<unsigned int, 3u>, int, int, int, int, int, int, int, int, int, int, int, long, int, int, long, int, int, int, int, int, long)	104	12	0	0	10752	0
void flash_attn_ext_f16<64, 16, 4, 64, __half, true>(char const*, char const*, char const*, char const*, char const*, int const*, float*, HIP_vector_type<float, 2u>*, float, float, float, float, unsigned int, float, int, HIP_vector_type<unsigned int, 3u>, int, int, int, int, int, int, int, int, int, int, int, long, int, int, long, int, int, int, int, int, long)	37	0	0	0	0	16
void flash_attn_ext_f16<80, 16, 4, 16, __half, false>(char const*, char const*, char const*, char const*, char const*, int const*, float*, HIP_vector_type<float, 2u>*, float, float, float, float, unsigned int, float, int, HIP_vector_type<unsigned int, 3u>, int, int, int, int, int, int, int, int, int, int, int, long, int, int, long, int, int, int, int, int, long)	124	12	0	0	14080	0
void flash_attn_ext_f16<80, 16, 4, 16, __half, true>(char const*, char const*, char const*, char const*, char const*, int const*, float*, HIP_vector_type<float, 2u>*, float, float, float, float, unsigned int, float, int, HIP_vector_type<unsigned int, 3u>, int, int, int, int, int, int, int, int, int, int, int, long, int, int, long, int, int, int, int, int, long)	37	0	0	0	0	16
void flash_attn_ext_f16<96, 16, 4, 32, __half, false>(char const*, char const*, char const*, char const*, char const*, int const*, float*, HIP_vector_type<float, 2u>*, float, float, float, float, unsigned int, float, int, HIP_vector_type<unsigned int, 3u>, int, int, int, int, int, int, int, int, int, int, int, long, int, int, long, int, int, int, int, int, long)	152	12	0	0	11776	0
void flash_attn_ext_f16<96, 16, 4, 32, __half, true>(char const*, char const*, char const*, char const*, char const*, int const*, float*, HIP_vector_type<float, 2u>*, float, float, float, float, unsigned int, float, int, HIP_vector_type<unsigned int, 3u>, int, int, int, int, int, int, int, int, int, int, int, long, int, int, long, int, int, int, int, int, long)	37	0	0	0	0	16
void flash_attn_ext_f16<112, 16, 4, 16, __half, false>(char const*, char const*, char const*, char const*, char const*, int const*, float*, HIP_vector_type<float, 2u>*, float, float, float, float, unsigned int, float, int, HIP_vector_type<unsigned int, 3u>, int, int, int, int, int, int, int, int, int, int, int, long, int, int, long, int, int, int, int, int, long)	148	12	0	0	19200	0
void flash_attn_ext_f16<112, 16, 4, 16, __half, true>(char const*, char const*, char const*, char const*, char const*, int const*, float*, HIP_vector_type<float, 2u>*, float, float, float, float, unsigned int, float, int, HIP_vector_type<unsigned int, 3u>, int, int, int, int, int, int, int, int, int, int, int, long, int, int, long, int, int, int, int, int, long)	37	0	0	0	0	16
void flash_attn_ext_f16<128, 16, 4, 64, __half, false>(char const*, char const*, char const*, char const*, char const*, int const*, float*, HIP_vector_type<float, 2u>*, float, float, float, float, unsigned int, float, int, HIP_vector_type<unsigned int, 3u>, int, int, int, int, int, int, int, int, int, int, int, long, int, int, long, int, int, int, int, int, long)	132	12	0	0	12800	0
void flash_attn_ext_f16<128, 16, 4, 64, __half, true>(char const*, char const*, char const*, char const*, char const*, int const*, float*, HIP_vector_type<float, 2u>*, float, float, float, float, unsigned int, float, int, HIP_vector_type<unsigned int, 3u>, int, int, int, int, int, int, int, int, int, int, int, long, int, int, long, int, int, int, int, int, long)	132	12	0	0	12800	0
void flash_attn_ext_f16<256, 16, 4, 64, __half, false>(char const*, char const*, char const*, char const*, char const*, int const*, float*, HIP_vector_type<float, 2u>*, float, float, float, float, unsigned int, float, int, HIP_vector_type<unsigned int, 3u>, int, int, int, int, int, int, int, int, int, int, int, long, int, int, long, int, int, int, int, int, long)	164	16	0	0	16896	0
void flash_attn_ext_f16<256, 16, 4, 64, __half, true>(char const*, char const*, char const*, char const*, char const*, int const*, float*, HIP_vector_type<float, 2u>*, float, float, float, float, unsigned int, float, int, HIP_vector_type<unsigned int, 3u>, int, int, int, int, int, int, int, int, int, int, int, long, int, int, long, int, int, int, int, int, long)	168	16	0	0	16896	0
void flash_attn_ext_f16<64, 32, 4, 64, __half, false>(char const*, char const*, char const*, char const*, char const*, int const*, float*, HIP_vector_type<float, 2u>*, float, float, float, float, unsigned int, float, int, HIP_vector_type<unsigned int, 3u>, int, int, int, int, int, int, int, int, int, int, int, long, int, int, long, int, int, int, int, int, long)	196	16	0	0	21504	0
void flash_attn_ext_f16<64, 32, 4, 64, __half, true>(char const*, char const*, char const*, char const*, char const*, int const*, float*, HIP_vector_type<float, 2u>*, float, float, float, float, unsigned int, float, int, HIP_vector_type<unsigned int, 3u>, int, int, int, int, int, int, int, int, int, int, int, long, int, int, long, int, int, int, int, int, long)	37	0	0	0	0	16
void flash_attn_ext_f16<80, 32, 4, 16, __half, false>(char const*, char const*, char const*, char const*, char const*, int const*, float*, HIP_vector_type<float, 2u>*, float, float, float, float, unsigned int, float, int, HIP_vector_type<unsigned int, 3u>, int, int, int, int, int, int, int, int, int, int, int, long, int, int, long, int, int, int, int, int, long)	200	16	0	0	28160	0
void flash_attn_ext_f16<80, 32, 4, 16, __half, true>(char const*, char const*, char const*, char const*, char const*, int const*, float*, HIP_vector_type<float, 2u>*, float, float, float, float, unsigned int, float, int, HIP_vector_type<unsigned int, 3u>, int, int, int, int, int, int, int, int, int, int, int, long, int, int, long, int, int, int, int, int, long)	37	0	0	0	0	16
void flash_attn_ext_f16<96, 32, 4, 32, __half, false>(char const*, char const*, char const*, char const*, char const*, int const*, float*, HIP_vector_type<float, 2u>*, float, float, float, float, unsigned int, float, int, HIP_vector_type<unsigned int, 3u>, int, int, int, int, int, int, int, int, int, int, int, long, int, int, long, int, int, int, int, int, long)	208	8	0	0	23552	0
void flash_attn_ext_f16<96, 32, 4, 32, __half, true>(char const*, char const*, char const*, char const*, char const*, int const*, float*, HIP_vector_type<float, 2u>*, float, float, float, float, unsigned int, float, int, HIP_vector_type<unsigned int, 3u>, int, int, int, int, int, int, int, int, int, int, int, long, int, int, long, int, int, int, int, int, long)	37	0	0	0	0	16
void flash_attn_ext_f16<112, 32, 4, 16, __half, false>(char const*, char const*, char const*, char const*, char const*, int const*, float*, HIP_vector_type<float, 2u>*, float, float, float, float, unsigned int, float, int, HIP_vector_type<unsigned int, 3u>, int, int, int, int, int, int, int, int, int, int, int, long, int, int, long, int, int, int, int, int, long)	216	8	0	0	38400	0
void flash_attn_ext_f16<112, 32, 4, 16, __half, true>(char const*, char const*, char const*, char const*, char const*, int const*, float*, HIP_vector_type<float, 2u>*, float, float, float, float, unsigned int, float, int, HIP_vector_type<unsigned int, 3u>, int, int, int, int, int, int, int, int, int, int, int, long, int, int, long, int, int, int, int, int, long)	37	0	0	0	0	16
void flash_attn_ext_f16<128, 32, 4, 64, __half, false>(char const*, char const*, char const*, char const*, char const*, int const*, float*, HIP_vector_type<float, 2u>*, float, float, float, float, unsigned int, float, int, HIP_vector_type<unsigned int, 3u>, int, int, int, int, int, int, int, int, int, int, int, long, int, int, long, int, int, int, int, int, long)	208	8	0	0	25600	0
void flash_attn_ext_f16<128, 32, 4, 64, __half, true>(char const*, char const*, char const*, char const*, char const*, int const*, float*, HIP_vector_type<float, 2u>*, float, float, float, float, unsigned int, float, int, HIP_vector_type<unsigned int, 3u>, int, int, int, int, int, int, int, int, int, int, int, long, int, int, long, int, int, int, int, int, long)	208	8	0	0	25600	0
void flash_attn_ext_f16<256, 32, 4, 64, __half, false>(char const*, char const*, char const*, char const*, char const*, int const*, float*, HIP_vector_type<float, 2u>*, float, float, float, float, unsigned int, float, int, HIP_vector_type<unsigned int, 3u>, int, int, int, int, int, int, int, int, int, int, int, long, int, int, long, int, int, int, int, int, long)	270	14	0	0	33792	0
void flash_attn_ext_f16<256, 32, 4, 64, __half, true>(char const*, char const*, char const*, char const*, char const*, int const*, float*, HIP_vector_type<float, 2u>*, float, float, float, float, unsigned int, float, int, HIP_vector_type<unsigned int, 3u>, int, int, int, int, int, int, int, int, int, int, int, long, int, int, long, int, int, int, int, int, long)	271	15	0	0	33792	0
void flash_attn_stream_k_fixup_uniform<256, 32, 1>(float*, HIP_vector_type<float, 2u> const*, int, int, int, int, int, int, HIP_vector_type<unsigned int, 3u>, HIP_vector_type<unsigned int, 3u>, HIP_vector_type<unsigned int, 3u>)	17	0	0	0	0	0
void flash_attn_stream_k_fixup_general<256, 32, 1>(float*, HIP_vector_type<float, 2u> const*, int, int, int, int, HIP_vector_type<unsigned int, 3u>, HIP_vector_type<unsigned int, 3u>, HIP_vector_type<unsigned int, 3u>, HIP_vector_type<unsigned int, 3u>)	22	0	0	0	0	0
void flash_attn_ext_vec<128, 1, (ggml_type)1, (ggml_type)1, false, false>(char const*, char const*, char const*, char const*, char const*, int const*, float*, HIP_vector_type<float, 2u>*, float, float, float, float, unsigned int, float, int, HIP_vector_type<unsigned int, 3u>, int, int, int, int, int, int, int, int, int, int, int, long, int, int, long, int, int, int, int, int, long)	102	0	0	0	4352	0
void flash_attn_ext_vec<128, 1, (ggml_type)1, (ggml_type)1, false, true>(char const*, char const*, char const*, char const*, char const*, int const*, float*, HIP_vector_type<float, 2u>*, float, float, float, float, unsigned int, float, int, HIP_vector_type<unsigned int, 3u>, int, int, int, int, int, int, int, int, int, int, int, long, int, int, long, int, int, int, int, int, long)	89	0	0	0	4356	0
void flash_attn_ext_f16<192, 128, 1, 16, false, false>(char const*, char const*, char const*, char const*, char const*, int const*, float*, HIP_vector_type<float, 2u>*, float, float, float, float, unsigned int, float, int, HIP_vector_type<unsigned int, 3u>, int, int, int, int, int, int, int, int, int, int, int, long, int, int, long, int, int, int, int, int, long)	301	45	0	25	0	0
void flash_attn_ext_f16<192, 128, 1, 16, true, false>(char const*, char const*, char const*, char const*, char const*, int const*, float*, HIP_vector_type<float, 2u>*, float, float, float, float, unsigned int, float, int, HIP_vector_type<unsigned int, 3u>, int, int, int, int, int, int, int, int, int, int, int, long, int, int, long, int, int, int, int, int, long)	37	0	0	0	0	16
void flash_attn_mask_to_KV_max<1>(__half2 const*, int*, int, long, long)	18	0	0	0	128	0
void flash_attn_stream_k_fixup_uniform<128, 1, 16>(float*, HIP_vector_type<float, 2u> const*, int, int, int, int, int, int, HIP_vector_type<unsigned int, 3u>, HIP_vector_type<unsigned int, 3u>, HIP_vector_type<unsigned int, 3u>)	17	0	0	0	0	0
void flash_attn_stream_k_fixup_general<128, 1, 16>(float*, HIP_vector_type<float, 2u> const*, int, int, int, int, HIP_vector_type<unsigned int, 3u>, HIP_vector_type<unsigned int, 3u>, HIP_vector_type<unsigned int, 3u>, HIP_vector_type<unsigned int, 3u>)	22	0	0	0	0	0
void flash_attn_combine_results<128>(float const*, HIP_vector_type<float, 2u> const*, float*, int)	51	0	0	0	0	0
void flash_attn_ext_f16<192, 128, 2, 16, false, false>(char const*, char const*, char const*, char const*, char const*, int const*, float*, HIP_vector_type<float, 2u>*, float, float, float, float, unsigned int, float, int, HIP_vector_type<unsigned int, 3u>, int, int, int, int, int, int, int, int, int, int, int, long, int, int, long, int, int, int, int, int, long)	364	108	0	26	0	0
void flash_attn_ext_f16<192, 128, 2, 16, true, false>(char const*, char const*, char const*, char const*, char const*, int const*, float*, HIP_vector_type<float, 2u>*, float, float, float, float, unsigned int, float, int, HIP_vector_type<unsigned int, 3u>, int, int, int, int, int, int, int, int, int, int, int, long, int, int, long, int, int, int, int, int, long)	37	0	0	0	0	16
void flash_attn_mask_to_KV_max<2>(__half2 const*, int*, int, long, long)	18	0	0	0	128	0
void flash_attn_stream_k_fixup_uniform<128, 2, 16>(float*, HIP_vector_type<float, 2u> const*, int, int, int, int, int, int, HIP_vector_type<unsigned int, 3u>, HIP_vector_type<unsigned int, 3u>, HIP_vector_type<unsigned int, 3u>)	17	0	0	0	0	0
void flash_attn_stream_k_fixup_general<128, 2, 16>(float*, HIP_vector_type<float, 2u> const*, int, int, int, int, HIP_vector_type<unsigned int, 3u>, HIP_vector_type<unsigned int, 3u>, HIP_vector_type<unsigned int, 3u>, HIP_vector_type<unsigned int, 3u>)	22	0	0	0	0	0
void flash_attn_ext_f16<192, 128, 4, 16, false, false>(char const*, char const*, char const*, char const*, char const*, int const*, float*, HIP_vector_type<float, 2u>*, float, float, float, float, unsigned int, float, int, HIP_vector_type<unsigned int, 3u>, int, int, int, int, int, int, int, int, int, int, int, long, int, int, long, int, int, int, int, int, long)	256	0	66	26	0	268
void flash_attn_ext_f16<192, 128, 4, 16, true, false>(char const*, char const*, char const*, char const*, char const*, int const*, float*, HIP_vector_type<float, 2u>*, float, float, float, float, unsigned int, float, int, HIP_vector_type<unsigned int, 3u>, int, int, int, int, int, int, int, int, int, int, int, long, int, int, long, int, int, int, int, int, long)	37	0	0	0	0	16
void flash_attn_mask_to_KV_max<4>(__half2 const*, int*, int, long, long)	18	0	0	0	128	0
void flash_attn_stream_k_fixup_uniform<128, 4, 16>(float*, HIP_vector_type<float, 2u> const*, int, int, int, int, int, int, HIP_vector_type<unsigned int, 3u>, HIP_vector_type<unsigned int, 3u>, HIP_vector_type<unsigned int, 3u>)	17	0	0	0	0	0
void flash_attn_stream_k_fixup_general<128, 4, 16>(float*, HIP_vector_type<float, 2u> const*, int, int, int, int, HIP_vector_type<unsigned int, 3u>, HIP_vector_type<unsigned int, 3u>, HIP_vector_type<unsigned int, 3u>, HIP_vector_type<unsigned int, 3u>)	22	0	0	0	0	0
void flash_attn_ext_f16<192, 128, 1, 8, false, false>(char const*, char const*, char const*, char const*, char const*, int const*, float*, HIP_vector_type<float, 2u>*, float, float, float, float, unsigned int, float, int, HIP_vector_type<unsigned int, 3u>, int, int, int, int, int, int, int, int, int, int, int, long, int, int, long, int, int, int, int, int, long)	37	0	0	0	0	16
void flash_attn_ext_f16<192, 128, 1, 8, true, false>(char const*, char const*, char const*, char const*, char const*, int const*, float*, HIP_vector_type<float, 2u>*, float, float, float, float, unsigned int, float, int, HIP_vector_type<unsigned int, 3u>, int, int, int, int, int, int, int, int, int, int, int, long, int, int, long, int, int, int, int, int, long)	37	0	0	0	0	16
void flash_attn_stream_k_fixup_uniform<128, 1, 8>(float*, HIP_vector_type<float, 2u> const*, int, int, int, int, int, int, HIP_vector_type<unsigned int, 3u>, HIP_vector_type<unsigned int, 3u>, HIP_vector_type<unsigned int, 3u>)	17	0	0	0	0	0
void flash_attn_stream_k_fixup_general<128, 1, 8>(float*, HIP_vector_type<float, 2u> const*, int, int, int, int, HIP_vector_type<unsigned int, 3u>, HIP_vector_type<unsigned int, 3u>, HIP_vector_type<unsigned int, 3u>, HIP_vector_type<unsigned int, 3u>)	22	0	0	0	0	0
void flash_attn_ext_f16<192, 128, 2, 8, false, false>(char const*, char const*, char const*, char const*, char const*, int const*, float*, HIP_vector_type<float, 2u>*, float, float, float, float, unsigned int, float, int, HIP_vector_type<unsigned int, 3u>, int, int, int, int, int, int, int, int, int, int, int, long, int, int, long, int, int, int, int, int, long)	301	45	0	24	0	0
void flash_attn_ext_f16<192, 128, 2, 8, true, false>(char const*, char const*, char const*, char const*, char const*, int const*, float*, HIP_vector_type<float, 2u>*, float, float, float, float, unsigned int, float, int, HIP_vector_type<unsigned int, 3u>, int, int, int, int, int, int, int, int, int, int, int, long, int, int, long, int, int, int, int, int, long)	37	0	0	0	0	16
void flash_attn_stream_k_fixup_uniform<128, 2, 8>(float*, HIP_vector_type<float, 2u> const*, int, int, int, int, int, int, HIP_vector_type<unsigned int, 3u>, HIP_vector_type<unsigned int, 3u>, HIP_vector_type<unsigned int, 3u>)	17	0	0	0	0	0
void flash_attn_stream_k_fixup_general<128, 2, 8>(float*, HIP_vector_type<float, 2u> const*, int, int, int, int, HIP_vector_type<unsigned int, 3u>, HIP_vector_type<unsigned int, 3u>, HIP_vector_type<unsigned int, 3u>, HIP_vector_type<unsigned int, 3u>)	22	0	0	0	0	0
void flash_attn_ext_f16<192, 128, 4, 8, false, false>(char const*, char const*, char const*, char const*, char const*, int const*, float*, HIP_vector_type<float, 2u>*, float, float, float, float, unsigned int, float, int, HIP_vector_type<unsigned int, 3u>, int, int, int, int, int, int, int, int, int, int, int, long, int, int, long, int, int, int, int, int, long)	355	99	0	26	0	0
void flash_attn_ext_f16<192, 128, 4, 8, true, false>(char const*, char const*, char const*, char const*, char const*, int const*, float*, HIP_vector_type<float, 2u>*, float, float, float, float, unsigned int, float, int, HIP_vector_type<unsigned int, 3u>, int, int, int, int, int, int, int, int, int, int, int, long, int, int, long, int, int, int, int, int, long)	37	0	0	0	0	16
void flash_attn_stream_k_fixup_uniform<128, 4, 8>(float*, HIP_vector_type<float, 2u> const*, int, int, int, int, int, int, HIP_vector_type<unsigned int, 3u>, HIP_vector_type<unsigned int, 3u>, HIP_vector_type<unsigned int, 3u>)	17	0	0	0	0	0
void flash_attn_stream_k_fixup_general<128, 4, 8>(float*, HIP_vector_type<float, 2u> const*, int, int, int, int, HIP_vector_type<unsigned int, 3u>, HIP_vector_type<unsigned int, 3u>, HIP_vector_type<unsigned int, 3u>, HIP_vector_type<unsigned int, 3u>)	22	0	0	0	0	0
void flash_attn_ext_f16<192, 128, 8, 8, false, false>(char const*, char const*, char const*, char const*, char const*, int const*, float*, HIP_vector_type<float, 2u>*, float, float, float, float, unsigned int, float, int, HIP_vector_type<unsigned int, 3u>, int, int, int, int, int, int, int, int, int, int, int, long, int, int, long, int, int, int, int, int, long)	256	0	48	26	0	196
void flash_attn_ext_f16<192, 128, 8, 8, true, false>(char const*, char const*, char const*, char const*, char const*, int const*, float*, HIP_vector_type<float, 2u>*, float, float, float, float, unsigned int, float, int, HIP_vector_type<unsigned int, 3u>, int, int, int, int, int, int, int, int, int, int, int, long, int, int, long, int, int, int, int, int, long)	37	0	0	0	0	16
void flash_attn_mask_to_KV_max<8>(__half2 const*, int*, int, long, long)	18	0	0	0	128	0
void flash_attn_stream_k_fixup_uniform<128, 8, 8>(float*, HIP_vector_type<float, 2u> const*, int, int, int, int, int, int, HIP_vector_type<unsigned int, 3u>, HIP_vector_type<unsigned int, 3u>, HIP_vector_type<unsigned int, 3u>)	17	0	0	0	0	0
void flash_attn_stream_k_fixup_general<128, 8, 8>(float*, HIP_vector_type<float, 2u> const*, int, int, int, int, HIP_vector_type<unsigned int, 3u>, HIP_vector_type<unsigned int, 3u>, HIP_vector_type<unsigned int, 3u>, HIP_vector_type<unsigned int, 3u>)	22	0	0	0	0	0
void flash_attn_ext_f16<576, 512, 2, 4, false, true>(char const*, char const*, char const*, char const*, char const*, int const*, float*, HIP_vector_type<float, 2u>*, float, float, float, float, unsigned int, float, int, HIP_vector_type<unsigned int, 3u>, int, int, int, int, int, int, int, int, int, int, int, long, int, int, long, int, int, int, int, int, long)	37	0	0	0	0	16
void flash_attn_ext_f16<576, 512, 2, 4, true, true>(char const*, char const*, char const*, char const*, char const*, int const*, float*, HIP_vector_type<float, 2u>*, float, float, float, float, unsigned int, float, int, HIP_vector_type<unsigned int, 3u>, int, int, int, int, int, int, int, int, int, int, int, long, int, int, long, int, int, int, int, int, long)	37	0	0	0	0	16
void flash_attn_stream_k_fixup_uniform<512, 2, 4>(float*, HIP_vector_type<float, 2u> const*, int, int, int, int, int, int, HIP_vector_type<unsigned int, 3u>, HIP_vector_type<unsigned int, 3u>, HIP_vector_type<unsigned int, 3u>)	17	0	0	0	0	0
void flash_attn_stream_k_fixup_general<512, 2, 4>(float*, HIP_vector_type<float, 2u> const*, int, int, int, int, HIP_vector_type<unsigned int, 3u>, HIP_vector_type<unsigned int, 3u>, HIP_vector_type<unsigned int, 3u>, HIP_vector_type<unsigned int, 3u>)	22	0	0	0	0	0
void flash_attn_combine_results<512>(float const*, HIP_vector_type<float, 2u> const*, float*, int)	51	0	0	0	0	0
void flash_attn_tile<112, 112, 8, 8, false>(char const*, char const*, char const*, char const*, char const*, int const*, float*, HIP_vector_type<float, 2u>*, float, float, float, float, unsigned int, float, int, HIP_vector_type<unsigned int, 3u>, int, int, int, int, int, int, int, int, int, int, int, long, int, int, long, int, int, int, int, int, long)	37	0	0	0	0	16
void flash_attn_mask_to_KV_max<8>(__half2 const*, int*, int, long, long)	18	0	0	0	128	0
void flash_attn_stream_k_fixup_uniform<112, 8, 8>(float*, HIP_vector_type<float, 2u> const*, int, int, int, int, int, int, HIP_vector_type<unsigned int, 3u>, HIP_vector_type<unsigned int, 3u>, HIP_vector_type<unsigned int, 3u>)	17	0	0	0	0	0
void flash_attn_stream_k_fixup_general<112, 8, 8>(float*, HIP_vector_type<float, 2u> const*, int, int, int, int, HIP_vector_type<unsigned int, 3u>, HIP_vector_type<unsigned int, 3u>, HIP_vector_type<unsigned int, 3u>, HIP_vector_type<unsigned int, 3u>)	22	0	0	0	0	0
void flash_attn_combine_results<112>(float const*, HIP_vector_type<float, 2u> const*, float*, int)	51	0	0	0	0	0
void flash_attn_tile<112, 112, 4, 8, false>(char const*, char const*, char const*, char const*, char const*, int const*, float*, HIP_vector_type<float, 2u>*, float, float, float, float, unsigned int, float, int, HIP_vector_type<unsigned int, 3u>, int, int, int, int, int, int, int, int, int, int, int, long, int, int, long, int, int, int, int, int, long)	37	0	0	0	0	16
void flash_attn_mask_to_KV_max<4>(__half2 const*, int*, int, long, long)	18	0	0	0	128	0
void flash_attn_stream_k_fixup_uniform<112, 4, 8>(float*, HIP_vector_type<float, 2u> const*, int, int, int, int, int, int, HIP_vector_type<unsigned int, 3u>, HIP_vector_type<unsigned int, 3u>, HIP_vector_type<unsigned int, 3u>)	17	0	0	0	0	0
void flash_attn_stream_k_fixup_general<112, 4, 8>(float*, HIP_vector_type<float, 2u> const*, int, int, int, int, HIP_vector_type<unsigned int, 3u>, HIP_vector_type<unsigned int, 3u>, HIP_vector_type<unsigned int, 3u>, HIP_vector_type<unsigned int, 3u>)	22	0	0	0	0	0
void flash_attn_tile<112, 112, 2, 8, false>(char const*, char const*, char const*, char const*, char const*, int const*, float*, HIP_vector_type<float, 2u>*, float, float, float, float, unsigned int, float, int, HIP_vector_type<unsigned int, 3u>, int, int, int, int, int, int, int, int, int, int, int, long, int, int, long, int, int, int, int, int, long)	37	0	0	0	0	16
void flash_attn_mask_to_KV_max<2>(__half2 const*, int*, int, long, long)	18	0	0	0	128	0
void flash_attn_stream_k_fixup_uniform<112, 2, 8>(float*, HIP_vector_type<float, 2u> const*, int, int, int, int, int, int, HIP_vector_type<unsigned int, 3u>, HIP_vector_type<unsigned int, 3u>, HIP_vector_type<unsigned int, 3u>)	17	0	0	0	0	0
void flash_attn_stream_k_fixup_general<112, 2, 8>(float*, HIP_vector_type<float, 2u> const*, int, int, int, int, HIP_vector_type<unsigned int, 3u>, HIP_vector_type<unsigned int, 3u>, HIP_vector_type<unsigned int, 3u>, HIP_vector_type<unsigned int, 3u>)	22	0	0	0	0	0
void flash_attn_tile<112, 112, 1, 8, false>(char const*, char const*, char const*, char const*, char const*, int const*, float*, HIP_vector_type<float, 2u>*, float, float, float, float, unsigned int, float, int, HIP_vector_type<unsigned int, 3u>, int, int, int, int, int, int, int, int, int, int, int, long, int, int, long, int, int, int, int, int, long)	37	0	0	0	0	16
void flash_attn_mask_to_KV_max<1>(__half2 const*, int*, int, long, long)	18	0	0	0	128	0
void flash_attn_stream_k_fixup_uniform<112, 1, 8>(float*, HIP_vector_type<float, 2u> const*, int, int, int, int, int, int, HIP_vector_type<unsigned int, 3u>, HIP_vector_type<unsigned int, 3u>, HIP_vector_type<unsigned int, 3u>)	17	0	0	0	0	0
void flash_attn_stream_k_fixup_general<112, 1, 8>(float*, HIP_vector_type<float, 2u> const*, int, int, int, int, HIP_vector_type<unsigned int, 3u>, HIP_vector_type<unsigned int, 3u>, HIP_vector_type<unsigned int, 3u>, HIP_vector_type<unsigned int, 3u>)	22	0	0	0	0	0
void flash_attn_tile<112, 112, 16, 4, false>(char const*, char const*, char const*, char const*, char const*, int const*, float*, HIP_vector_type<float, 2u>*, float, float, float, float, unsigned int, float, int, HIP_vector_type<unsigned int, 3u>, int, int, int, int, int, int, int, int, int, int, int, long, int, int, long, int, int, int, int, int, long)	37	0	0	0	0	16
void flash_attn_mask_to_KV_max<16>(__half2 const*, int*, int, long, long)	13	0	0	0	128	0
void flash_attn_stream_k_fixup_uniform<112, 16, 4>(float*, HIP_vector_type<float, 2u> const*, int, int, int, int, int, int, HIP_vector_type<unsigned int, 3u>, HIP_vector_type<unsigned int, 3u>, HIP_vector_type<unsigned int, 3u>)	17	0	0	0	0	0
void flash_attn_stream_k_fixup_general<112, 16, 4>(float*, HIP_vector_type<float, 2u> const*, int, int, int, int, HIP_vector_type<unsigned int, 3u>, HIP_vector_type<unsigned int, 3u>, HIP_vector_type<unsigned int, 3u>, HIP_vector_type<unsigned int, 3u>)	22	0	0	0	0	0
void flash_attn_tile<112, 112, 8, 4, false>(char const*, char const*, char const*, char const*, char const*, int const*, float*, HIP_vector_type<float, 2u>*, float, float, float, float, unsigned int, float, int, HIP_vector_type<unsigned int, 3u>, int, int, int, int, int, int, int, int, int, int, int, long, int, int, long, int, int, int, int, int, long)	37	0	0	0	0	16
void flash_attn_stream_k_fixup_uniform<112, 8, 4>(float*, HIP_vector_type<float, 2u> const*, int, int, int, int, int, int, HIP_vector_type<unsigned int, 3u>, HIP_vector_type<unsigned int, 3u>, HIP_vector_type<unsigned int, 3u>)	17	0	0	0	0	0
void flash_attn_stream_k_fixup_general<112, 8, 4>(float*, HIP_vector_type<float, 2u> const*, int, int, int, int, HIP_vector_type<unsigned int, 3u>, HIP_vector_type<unsigned int, 3u>, HIP_vector_type<unsigned int, 3u>, HIP_vector_type<unsigned int, 3u>)	22	0	0	0	0	0
void flash_attn_tile<112, 112, 4, 4, false>(char const*, char const*, char const*, char const*, char const*, int const*, float*, HIP_vector_type<float, 2u>*, float, float, float, float, unsigned int, float, int, HIP_vector_type<unsigned int, 3u>, int, int, int, int, int, int, int, int, int, int, int, long, int, int, long, int, int, int, int, int, long)	37	0	0	0	0	16
void flash_attn_stream_k_fixup_uniform<112, 4, 4>(float*, HIP_vector_type<float, 2u> const*, int, int, int, int, int, int, HIP_vector_type<unsigned int, 3u>, HIP_vector_type<unsigned int, 3u>, HIP_vector_type<unsigned int, 3u>)	17	0	0	0	0	0
void flash_attn_stream_k_fixup_general<112, 4, 4>(float*, HIP_vector_type<float, 2u> const*, int, int, int, int, HIP_vector_type<unsigned int, 3u>, HIP_vector_type<unsigned int, 3u>, HIP_vector_type<unsigned int, 3u>, HIP_vector_type<unsigned int, 3u>)	22	0	0	0	0	0
void flash_attn_tile<112, 112, 2, 4, false>(char const*, char const*, char const*, char const*, char const*, int const*, float*, HIP_vector_type<float, 2u>*, float, float, float, float, unsigned int, float, int, HIP_vector_type<unsigned int, 3u>, int, int, int, int, int, int, int, int, int, int, int, long, int, int, long, int, int, int, int, int, long)	37	0	0	0	0	16
void flash_attn_stream_k_fixup_uniform<112, 2, 4>(float*, HIP_vector_type<float, 2u> const*, int, int, int, int, int, int, HIP_vector_type<unsigned int, 3u>, HIP_vector_type<unsigned int, 3u>, HIP_vector_type<unsigned int, 3u>)	17	0	0	0	0	0
void flash_attn_stream_k_fixup_general<112, 2, 4>(float*, HIP_vector_type<float, 2u> const*, int, int, int, int, HIP_vector_type<unsigned int, 3u>, HIP_vector_type<unsigned int, 3u>, HIP_vector_type<unsigned int, 3u>, HIP_vector_type<unsigned int, 3u>)	22	0	0	0	0	0
void flash_attn_tile<112, 112, 1, 4, false>(char const*, char const*, char const*, char const*, char const*, int const*, float*, HIP_vector_type<float, 2u>*, float, float, float, float, unsigned int, float, int, HIP_vector_type<unsigned int, 3u>, int, int, int, int, int, int, int, int, int, int, int, long, int, int, long, int, int, int, int, int, long)	37	0	0	0	0	16
void flash_attn_stream_k_fixup_uniform<112, 1, 4>(float*, HIP_vector_type<float, 2u> const*, int, int, int, int, int, int, HIP_vector_type<unsigned int, 3u>, HIP_vector_type<unsigned int, 3u>, HIP_vector_type<unsigned int, 3u>)	17	0	0	0	0	0
void flash_attn_stream_k_fixup_general<112, 1, 4>(float*, HIP_vector_type<float, 2u> const*, int, int, int, int, HIP_vector_type<unsigned int, 3u>, HIP_vector_type<unsigned int, 3u>, HIP_vector_type<unsigned int, 3u>, HIP_vector_type<unsigned int, 3u>)	22	0	0	0	0	0
void flash_attn_tile<112, 112, 32, 2, false>(char const*, char const*, char const*, char const*, char const*, int const*, float*, HIP_vector_type<float, 2u>*, float, float, float, float, unsigned int, float, int, HIP_vector_type<unsigned int, 3u>, int, int, int, int, int, int, int, int, int, int, int, long, int, int, long, int, int, int, int, int, long)	37	0	0	0	0	16
void flash_attn_mask_to_KV_max<32>(__half2 const*, int*, int, long, long)	14	0	0	48	128	0
void flash_attn_stream_k_fixup_uniform<112, 32, 2>(float*, HIP_vector_type<float, 2u> const*, int, int, int, int, int, int, HIP_vector_type<unsigned int, 3u>, HIP_vector_type<unsigned int, 3u>, HIP_vector_type<unsigned int, 3u>)	17	0	0	0	0	0
void flash_attn_stream_k_fixup_general<112, 32, 2>(float*, HIP_vector_type<float, 2u> const*, int, int, int, int, HIP_vector_type<unsigned int, 3u>, HIP_vector_type<unsigned int, 3u>, HIP_vector_type<unsigned int, 3u>, HIP_vector_type<unsigned int, 3u>)	22	0	0	0	0	0
void flash_attn_tile<112, 112, 16, 2, false>(char const*, char const*, char const*, char const*, char const*, int const*, float*, HIP_vector_type<float, 2u>*, float, float, float, float, unsigned int, float, int, HIP_vector_type<unsigned int, 3u>, int, int, int, int, int, int, int, int, int, int, int, long, int, int, long, int, int, int, int, int, long)	37	0	0	0	0	16
void flash_attn_stream_k_fixup_uniform<112, 16, 2>(float*, HIP_vector_type<float, 2u> const*, int, int, int, int, int, int, HIP_vector_type<unsigned int, 3u>, HIP_vector_type<unsigned int, 3u>, HIP_vector_type<unsigned int, 3u>)	17	0	0	0	0	0
void flash_attn_stream_k_fixup_general<112, 16, 2>(float*, HIP_vector_type<float, 2u> const*, int, int, int, int, HIP_vector_type<unsigned int, 3u>, HIP_vector_type<unsigned int, 3u>, HIP_vector_type<unsigned int, 3u>, HIP_vector_type<unsigned int, 3u>)	22	0	0	0	0	0
void flash_attn_tile<112, 112, 8, 2, false>(char const*, char const*, char const*, char const*, char const*, int const*, float*, HIP_vector_type<float, 2u>*, float, float, float, float, unsigned int, float, int, HIP_vector_type<unsigned int, 3u>, int, int, int, int, int, int, int, int, int, int, int, long, int, int, long, int, int, int, int, int, long)	37	0	0	0	0	16
void flash_attn_stream_k_fixup_uniform<112, 8, 2>(float*, HIP_vector_type<float, 2u> const*, int, int, int, int, int, int, HIP_vector_type<unsigned int, 3u>, HIP_vector_type<unsigned int, 3u>, HIP_vector_type<unsigned int, 3u>)	17	0	0	0	0	0
void flash_attn_stream_k_fixup_general<112, 8, 2>(float*, HIP_vector_type<float, 2u> const*, int, int, int, int, HIP_vector_type<unsigned int, 3u>, HIP_vector_type<unsigned int, 3u>, HIP_vector_type<unsigned int, 3u>, HIP_vector_type<unsigned int, 3u>)	22	0	0	0	0	0
void flash_attn_tile<112, 112, 4, 2, false>(char const*, char const*, char const*, char const*, char const*, int const*, float*, HIP_vector_type<float, 2u>*, float, float, float, float, unsigned int, float, int, HIP_vector_type<unsigned int, 3u>, int, int, int, int, int, int, int, int, int, int, int, long, int, int, long, int, int, int, int, int, long)	37	0	0	0	0	16
void flash_attn_stream_k_fixup_uniform<112, 4, 2>(float*, HIP_vector_type<float, 2u> const*, int, int, int, int, int, int, HIP_vector_type<unsigned int, 3u>, HIP_vector_type<unsigned int, 3u>, HIP_vector_type<unsigned int, 3u>)	17	0	0	0	0	0
void flash_attn_stream_k_fixup_general<112, 4, 2>(float*, HIP_vector_type<float, 2u> const*, int, int, int, int, HIP_vector_type<unsigned int, 3u>, HIP_vector_type<unsigned int, 3u>, HIP_vector_type<unsigned int, 3u>, HIP_vector_type<unsigned int, 3u>)	22	0	0	0	0	0
void flash_attn_tile<112, 112, 2, 2, false>(char const*, char const*, char const*, char const*, char const*, int const*, float*, HIP_vector_type<float, 2u>*, float, float, float, float, unsigned int, float, int, HIP_vector_type<unsigned int, 3u>, int, int, int, int, int, int, int, int, int, int, int, long, int, int, long, int, int, int, int, int, long)	37	0	0	0	0	16
void flash_attn_stream_k_fixup_uniform<112, 2, 2>(float*, HIP_vector_type<float, 2u> const*, int, int, int, int, int, int, HIP_vector_type<unsigned int, 3u>, HIP_vector_type<unsigned int, 3u>, HIP_vector_type<unsigned int, 3u>)	17	0	0	0	0	0
void flash_attn_stream_k_fixup_general<112, 2, 2>(float*, HIP_vector_type<float, 2u> const*, int, int, int, int, HIP_vector_type<unsigned int, 3u>, HIP_vector_type<unsigned int, 3u>, HIP_vector_type<unsigned int, 3u>, HIP_vector_type<unsigned int, 3u>)	22	0	0	0	0	0
void flash_attn_tile<112, 112, 1, 2, false>(char const*, char const*, char const*, char const*, char const*, int const*, float*, HIP_vector_type<float, 2u>*, float, float, float, float, unsigned int, float, int, HIP_vector_type<unsigned int, 3u>, int, int, int, int, int, int, int, int, int, int, int, long, int, int, long, int, int, int, int, int, long)	37	0	0	0	0	16
void flash_attn_stream_k_fixup_uniform<112, 1, 2>(float*, HIP_vector_type<float, 2u> const*, int, int, int, int, int, int, HIP_vector_type<unsigned int, 3u>, HIP_vector_type<unsigned int, 3u>, HIP_vector_type<unsigned int, 3u>)	17	0	0	0	0	0
void flash_attn_stream_k_fixup_general<112, 1, 2>(float*, HIP_vector_type<float, 2u> const*, int, int, int, int, HIP_vector_type<unsigned int, 3u>, HIP_vector_type<unsigned int, 3u>, HIP_vector_type<unsigned int, 3u>, HIP_vector_type<unsigned int, 3u>)	22	0	0	0	0	0
void flash_attn_tile<112, 112, 64, 1, false>(char const*, char const*, char const*, char const*, char const*, int const*, float*, HIP_vector_type<float, 2u>*, float, float, float, float, unsigned int, float, int, HIP_vector_type<unsigned int, 3u>, int, int, int, int, int, int, int, int, int, int, int, long, int, int, long, int, int, int, int, int, long)	230	0	0	0	30784	32
void flash_attn_mask_to_KV_max<64>(__half2 const*, int*, int, long, long)	16	0	0	176	128	0
void flash_attn_stream_k_fixup_uniform<112, 64, 1>(float*, HIP_vector_type<float, 2u> const*, int, int, int, int, int, int, HIP_vector_type<unsigned int, 3u>, HIP_vector_type<unsigned int, 3u>, HIP_vector_type<unsigned int, 3u>)	17	0	0	0	0	0
void flash_attn_stream_k_fixup_general<112, 64, 1>(float*, HIP_vector_type<float, 2u> const*, int, int, int, int, HIP_vector_type<unsigned int, 3u>, HIP_vector_type<unsigned int, 3u>, HIP_vector_type<unsigned int, 3u>, HIP_vector_type<unsigned int, 3u>)	22	0	0	0	0	0
void flash_attn_tile<112, 112, 32, 1, false>(char const*, char const*, char const*, char const*, char const*, int const*, float*, HIP_vector_type<float, 2u>*, float, float, float, float, unsigned int, float, int, HIP_vector_type<unsigned int, 3u>, int, int, int, int, int, int, int, int, int, int, int, long, int, int, long, int, int, int, int, int, long)	164	0	0	0	13376	32
void flash_attn_stream_k_fixup_uniform<112, 32, 1>(float*, HIP_vector_type<float, 2u> const*, int, int, int, int, int, int, HIP_vector_type<unsigned int, 3u>, HIP_vector_type<unsigned int, 3u>, HIP_vector_type<unsigned int, 3u>)	17	0	0	0	0	0
void flash_attn_stream_k_fixup_general<112, 32, 1>(float*, HIP_vector_type<float, 2u> const*, int, int, int, int, HIP_vector_type<unsigned int, 3u>, HIP_vector_type<unsigned int, 3u>, HIP_vector_type<unsigned int, 3u>, HIP_vector_type<unsigned int, 3u>)	22	0	0	0	0	0
void flash_attn_tile<112, 112, 16, 1, false>(char const*, char const*, char const*, char const*, char const*, int const*, float*, HIP_vector_type<float, 2u>*, float, float, float, float, unsigned int, float, int, HIP_vector_type<unsigned int, 3u>, int, int, int, int, int, int, int, int, int, int, int, long, int, int, long, int, int, int, int, int, long)	132	0	0	0	8768	32
void flash_attn_stream_k_fixup_uniform<112, 16, 1>(float*, HIP_vector_type<float, 2u> const*, int, int, int, int, int, int, HIP_vector_type<unsigned int, 3u>, HIP_vector_type<unsigned int, 3u>, HIP_vector_type<unsigned int, 3u>)	17	0	0	0	0	0
void flash_attn_stream_k_fixup_general<112, 16, 1>(float*, HIP_vector_type<float, 2u> const*, int, int, int, int, HIP_vector_type<unsigned int, 3u>, HIP_vector_type<unsigned int, 3u>, HIP_vector_type<unsigned int, 3u>, HIP_vector_type<unsigned int, 3u>)	22	0	0	0	0	0
void flash_attn_tile<112, 112, 8, 1, false>(char const*, char const*, char const*, char const*, char const*, int const*, float*, HIP_vector_type<float, 2u>*, float, float, float, float, unsigned int, float, int, HIP_vector_type<unsigned int, 3u>, int, int, int, int, int, int, int, int, int, int, int, long, int, int, long, int, int, int, int, int, long)	100	0	0	0	6464	32
void flash_attn_stream_k_fixup_uniform<112, 8, 1>(float*, HIP_vector_type<float, 2u> const*, int, int, int, int, int, int, HIP_vector_type<unsigned int, 3u>, HIP_vector_type<unsigned int, 3u>, HIP_vector_type<unsigned int, 3u>)	17	0	0	0	0	0
void flash_attn_stream_k_fixup_general<112, 8, 1>(float*, HIP_vector_type<float, 2u> const*, int, int, int, int, HIP_vector_type<unsigned int, 3u>, HIP_vector_type<unsigned int, 3u>, HIP_vector_type<unsigned int, 3u>, HIP_vector_type<unsigned int, 3u>)	22	0	0	0	0	0
void flash_attn_tile<112, 112, 4, 1, false>(char const*, char const*, char const*, char const*, char const*, int const*, float*, HIP_vector_type<float, 2u>*, float, float, float, float, unsigned int, float, int, HIP_vector_type<unsigned int, 3u>, int, int, int, int, int, int, int, int, int, int, int, long, int, int, long, int, int, int, int, int, long)	99	0	0	0	5312	32
void flash_attn_stream_k_fixup_uniform<112, 4, 1>(float*, HIP_vector_type<float, 2u> const*, int, int, int, int, int, int, HIP_vector_type<unsigned int, 3u>, HIP_vector_type<unsigned int, 3u>, HIP_vector_type<unsigned int, 3u>)	17	0	0	0	0	0
void flash_attn_stream_k_fixup_general<112, 4, 1>(float*, HIP_vector_type<float, 2u> const*, int, int, int, int, HIP_vector_type<unsigned int, 3u>, HIP_vector_type<unsigned int, 3u>, HIP_vector_type<unsigned int, 3u>, HIP_vector_type<unsigned int, 3u>)	22	0	0	0	0	0
void flash_attn_tile<112, 112, 2, 1, false>(char const*, char const*, char const*, char const*, char const*, int const*, float*, HIP_vector_type<float, 2u>*, float, float, float, float, unsigned int, float, int, HIP_vector_type<unsigned int, 3u>, int, int, int, int, int, int, int, int, int, int, int, long, int, int, long, int, int, int, int, int, long)	113	0	0	0	4736	32
void flash_attn_stream_k_fixup_uniform<112, 2, 1>(float*, HIP_vector_type<float, 2u> const*, int, int, int, int, int, int, HIP_vector_type<unsigned int, 3u>, HIP_vector_type<unsigned int, 3u>, HIP_vector_type<unsigned int, 3u>)	17	0	0	0	0	0
void flash_attn_stream_k_fixup_general<112, 2, 1>(float*, HIP_vector_type<float, 2u> const*, int, int, int, int, HIP_vector_type<unsigned int, 3u>, HIP_vector_type<unsigned int, 3u>, HIP_vector_type<unsigned int, 3u>, HIP_vector_type<unsigned int, 3u>)	22	0	0	0	0	0
void flash_attn_tile<112, 112, 8, 8, true>(char const*, char const*, char const*, char const*, char const*, int const*, float*, HIP_vector_type<float, 2u>*, float, float, float, float, unsigned int, float, int, HIP_vector_type<unsigned int, 3u>, int, int, int, int, int, int, int, int, int, int, int, long, int, int, long, int, int, int, int, int, long)	37	0	0	0	0	16
void flash_attn_tile<112, 112, 4, 8, true>(char const*, char const*, char const*, char const*, char const*, int const*, float*, HIP_vector_type<float, 2u>*, float, float, float, float, unsigned int, float, int, HIP_vector_type<unsigned int, 3u>, int, int, int, int, int, int, int, int, int, int, int, long, int, int, long, int, int, int, int, int, long)	37	0	0	0	0	16
void flash_attn_tile<112, 112, 2, 8, true>(char const*, char const*, char const*, char const*, char const*, int const*, float*, HIP_vector_type<float, 2u>*, float, float, float, float, unsigned int, float, int, HIP_vector_type<unsigned int, 3u>, int, int, int, int, int, int, int, int, int, int, int, long, int, int, long, int, int, int, int, int, long)	37	0	0	0	0	16
void flash_attn_tile<112, 112, 1, 8, true>(char const*, char const*, char const*, char const*, char const*, int const*, float*, HIP_vector_type<float, 2u>*, float, float, float, float, unsigned int, float, int, HIP_vector_type<unsigned int, 3u>, int, int, int, int, int, int, int, int, int, int, int, long, int, int, long, int, int, int, int, int, long)	37	0	0	0	0	16
void flash_attn_tile<112, 112, 16, 4, true>(char const*, char const*, char const*, char const*, char const*, int const*, float*, HIP_vector_type<float, 2u>*, float, float, float, float, unsigned int, float, int, HIP_vector_type<unsigned int, 3u>, int, int, int, int, int, int, int, int, int, int, int, long, int, int, long, int, int, int, int, int, long)	37	0	0	0	0	16
void flash_attn_tile<112, 112, 8, 4, true>(char const*, char const*, char const*, char const*, char const*, int const*, float*, HIP_vector_type<float, 2u>*, float, float, float, float, unsigned int, float, int, HIP_vector_type<unsigned int, 3u>, int, int, int, int, int, int, int, int, int, int, int, long, int, int, long, int, int, int, int, int, long)	37	0	0	0	0	16
void flash_attn_tile<112, 112, 4, 4, true>(char const*, char const*, char const*, char const*, char const*, int const*, float*, HIP_vector_type<float, 2u>*, float, float, float, float, unsigned int, float, int, HIP_vector_type<unsigned int, 3u>, int, int, int, int, int, int, int, int, int, int, int, long, int, int, long, int, int, int, int, int, long)	37	0	0	0	0	16
void flash_attn_tile<112, 112, 2, 4, true>(char const*, char const*, char const*, char const*, char const*, int const*, float*, HIP_vector_type<float, 2u>*, float, float, float, float, unsigned int, float, int, HIP_vector_type<unsigned int, 3u>, int, int, int, int, int, int, int, int, int, int, int, long, int, int, long, int, int, int, int, int, long)	37	0	0	0	0	16
void flash_attn_tile<112, 112, 1, 4, true>(char const*, char const*, char const*, char const*, char const*, int const*, float*, HIP_vector_type<float, 2u>*, float, float, float, float, unsigned int, float, int, HIP_vector_type<unsigned int, 3u>, int, int, int, int, int, int, int, int, int, int, int, long, int, int, long, int, int, int, int, int, long)	37	0	0	0	0	16
void flash_attn_tile<112, 112, 32, 2, true>(char const*, char const*, char const*, char const*, char const*, int const*, float*, HIP_vector_type<float, 2u>*, float, float, float, float, unsigned int, float, int, HIP_vector_type<unsigned int, 3u>, int, int, int, int, int, int, int, int, int, int, int, long, int, int, long, int, int, int, int, int, long)	37	0	0	0	0	16
void flash_attn_tile<112, 112, 16, 2, true>(char const*, char const*, char const*, char const*, char const*, int const*, float*, HIP_vector_type<float, 2u>*, float, float, float, float, unsigned int, float, int, HIP_vector_type<unsigned int, 3u>, int, int, int, int, int, int, int, int, int, int, int, long, int, int, long, int, int, int, int, int, long)	37	0	0	0	0	16
void flash_attn_tile<112, 112, 8, 2, true>(char const*, char const*, char const*, char const*, char const*, int const*, float*, HIP_vector_type<float, 2u>*, float, float, float, float, unsigned int, float, int, HIP_vector_type<unsigned int, 3u>, int, int, int, int, int, int, int, int, int, int, int, long, int, int, long, int, int, int, int, int, long)	37	0	0	0	0	16
void flash_attn_tile<112, 112, 4, 2, true>(char const*, char const*, char const*, char const*, char const*, int const*, float*, HIP_vector_type<float, 2u>*, float, float, float, float, unsigned int, float, int, HIP_vector_type<unsigned int, 3u>, int, int, int, int, int, int, int, int, int, int, int, long, int, int, long, int, int, int, int, int, long)	37	0	0	0	0	16
void flash_attn_tile<112, 112, 2, 2, true>(char const*, char const*, char const*, char const*, char const*, int const*, float*, HIP_vector_type<float, 2u>*, float, float, float, float, unsigned int, float, int, HIP_vector_type<unsigned int, 3u>, int, int, int, int, int, int, int, int, int, int, int, long, int, int, long, int, int, int, int, int, long)	37	0	0	0	0	16
void flash_attn_tile<112, 112, 1, 2, true>(char const*, char const*, char const*, char const*, char const*, int const*, float*, HIP_vector_type<float, 2u>*, float, float, float, float, unsigned int, float, int, HIP_vector_type<unsigned int, 3u>, int, int, int, int, int, int, int, int, int, int, int, long, int, int, long, int, int, int, int, int, long)	37	0	0	0	0	16
void flash_attn_tile<112, 112, 64, 1, true>(char const*, char const*, char const*, char const*, char const*, int const*, float*, HIP_vector_type<float, 2u>*, float, float, float, float, unsigned int, float, int, HIP_vector_type<unsigned int, 3u>, int, int, int, int, int, int, int, int, int, int, int, long, int, int, long, int, int, int, int, int, long)	37	0	0	0	0	16
void flash_attn_tile<112, 112, 32, 1, true>(char const*, char const*, char const*, char const*, char const*, int const*, float*, HIP_vector_type<float, 2u>*, float, float, float, float, unsigned int, float, int, HIP_vector_type<unsigned int, 3u>, int, int, int, int, int, int, int, int, int, int, int, long, int, int, long, int, int, int, int, int, long)	37	0	0	0	0	16
void flash_attn_tile<112, 112, 16, 1, true>(char const*, char const*, char const*, char const*, char const*, int const*, float*, HIP_vector_type<float, 2u>*, float, float, float, float, unsigned int, float, int, HIP_vector_type<unsigned int, 3u>, int, int, int, int, int, int, int, int, int, int, int, long, int, int, long, int, int, int, int, int, long)	37	0	0	0	0	16
void flash_attn_tile<112, 112, 8, 1, true>(char const*, char const*, char const*, char const*, char const*, int const*, float*, HIP_vector_type<float, 2u>*, float, float, float, float, unsigned int, float, int, HIP_vector_type<unsigned int, 3u>, int, int, int, int, int, int, int, int, int, int, int, long, int, int, long, int, int, int, int, int, long)	37	0	0	0	0	16
void flash_attn_tile<112, 112, 4, 1, true>(char const*, char const*, char const*, char const*, char const*, int const*, float*, HIP_vector_type<float, 2u>*, float, float, float, float, unsigned int, float, int, HIP_vector_type<unsigned int, 3u>, int, int, int, int, int, int, int, int, int, int, int, long, int, int, long, int, int, int, int, int, long)	37	0	0	0	0	16
void flash_attn_tile<112, 112, 2, 1, true>(char const*, char const*, char const*, char const*, char const*, int const*, float*, HIP_vector_type<float, 2u>*, float, float, float, float, unsigned int, float, int, HIP_vector_type<unsigned int, 3u>, int, int, int, int, int, int, int, int, int, int, int, long, int, int, long, int, int, int, int, int, long)	37	0	0	0	0	16
void flash_attn_tile<128, 128, 8, 8, false>(char const*, char const*, char const*, char const*, char const*, int const*, float*, HIP_vector_type<float, 2u>*, float, float, float, float, unsigned int, float, int, HIP_vector_type<unsigned int, 3u>, int, int, int, int, int, int, int, int, int, int, int, long, int, int, long, int, int, int, int, int, long)	37	0	0	0	0	16
void flash_attn_mask_to_KV_max<8>(__half2 const*, int*, int, long, long)	18	0	0	0	128	0
void flash_attn_stream_k_fixup_uniform<128, 8, 8>(float*, HIP_vector_type<float, 2u> const*, int, int, int, int, int, int, HIP_vector_type<unsigned int, 3u>, HIP_vector_type<unsigned int, 3u>, HIP_vector_type<unsigned int, 3u>)	17	0	0	0	0	0
void flash_attn_stream_k_fixup_general<128, 8, 8>(float*, HIP_vector_type<float, 2u> const*, int, int, int, int, HIP_vector_type<unsigned int, 3u>, HIP_vector_type<unsigned int, 3u>, HIP_vector_type<unsigned int, 3u>, HIP_vector_type<unsigned int, 3u>)	22	0	0	0	0	0
void flash_attn_combine_results<128>(float const*, HIP_vector_type<float, 2u> const*, float*, int)	51	0	0	0	0	0
void flash_attn_tile<128, 128, 4, 8, false>(char const*, char const*, char const*, char const*, char const*, int const*, float*, HIP_vector_type<float, 2u>*, float, float, float, float, unsigned int, float, int, HIP_vector_type<unsigned int, 3u>, int, int, int, int, int, int, int, int, int, int, int, long, int, int, long, int, int, int, int, int, long)	37	0	0	0	0	16
void flash_attn_mask_to_KV_max<4>(__half2 const*, int*, int, long, long)	18	0	0	0	128	0
void flash_attn_stream_k_fixup_uniform<128, 4, 8>(float*, HIP_vector_type<float, 2u> const*, int, int, int, int, int, int, HIP_vector_type<unsigned int, 3u>, HIP_vector_type<unsigned int, 3u>, HIP_vector_type<unsigned int, 3u>)	17	0	0	0	0	0
void flash_attn_stream_k_fixup_general<128, 4, 8>(float*, HIP_vector_type<float, 2u> const*, int, int, int, int, HIP_vector_type<unsigned int, 3u>, HIP_vector_type<unsigned int, 3u>, HIP_vector_type<unsigned int, 3u>, HIP_vector_type<unsigned int, 3u>)	22	0	0	0	0	0
void flash_attn_tile<128, 128, 2, 8, false>(char const*, char const*, char const*, char const*, char const*, int const*, float*, HIP_vector_type<float, 2u>*, float, float, float, float, unsigned int, float, int, HIP_vector_type<unsigned int, 3u>, int, int, int, int, int, int, int, int, int, int, int, long, int, int, long, int, int, int, int, int, long)	37	0	0	0	0	16
void flash_attn_mask_to_KV_max<2>(__half2 const*, int*, int, long, long)	18	0	0	0	128	0
void flash_attn_stream_k_fixup_uniform<128, 2, 8>(float*, HIP_vector_type<float, 2u> const*, int, int, int, int, int, int, HIP_vector_type<unsigned int, 3u>, HIP_vector_type<unsigned int, 3u>, HIP_vector_type<unsigned int, 3u>)	17	0	0	0	0	0
void flash_attn_stream_k_fixup_general<128, 2, 8>(float*, HIP_vector_type<float, 2u> const*, int, int, int, int, HIP_vector_type<unsigned int, 3u>, HIP_vector_type<unsigned int, 3u>, HIP_vector_type<unsigned int, 3u>, HIP_vector_type<unsigned int, 3u>)	22	0	0	0	0	0
void flash_attn_tile<128, 128, 1, 8, false>(char const*, char const*, char const*, char const*, char const*, int const*, float*, HIP_vector_type<float, 2u>*, float, float, float, float, unsigned int, float, int, HIP_vector_type<unsigned int, 3u>, int, int, int, int, int, int, int, int, int, int, int, long, int, int, long, int, int, int, int, int, long)	37	0	0	0	0	16
void flash_attn_mask_to_KV_max<1>(__half2 const*, int*, int, long, long)	18	0	0	0	128	0
void flash_attn_stream_k_fixup_uniform<128, 1, 8>(float*, HIP_vector_type<float, 2u> const*, int, int, int, int, int, int, HIP_vector_type<unsigned int, 3u>, HIP_vector_type<unsigned int, 3u>, HIP_vector_type<unsigned int, 3u>)	17	0	0	0	0	0
void flash_attn_stream_k_fixup_general<128, 1, 8>(float*, HIP_vector_type<float, 2u> const*, int, int, int, int, HIP_vector_type<unsigned int, 3u>, HIP_vector_type<unsigned int, 3u>, HIP_vector_type<unsigned int, 3u>, HIP_vector_type<unsigned int, 3u>)	22	0	0	0	0	0
void flash_attn_tile<128, 128, 16, 4, false>(char const*, char const*, char const*, char const*, char const*, int const*, float*, HIP_vector_type<float, 2u>*, float, float, float, float, unsigned int, float, int, HIP_vector_type<unsigned int, 3u>, int, int, int, int, int, int, int, int, int, int, int, long, int, int, long, int, int, int, int, int, long)	37	0	0	0	0	16
void flash_attn_mask_to_KV_max<16>(__half2 const*, int*, int, long, long)	13	0	0	0	128	0
void flash_attn_stream_k_fixup_uniform<128, 16, 4>(float*, HIP_vector_type<float, 2u> const*, int, int, int, int, int, int, HIP_vector_type<unsigned int, 3u>, HIP_vector_type<unsigned int, 3u>, HIP_vector_type<unsigned int, 3u>)	17	0	0	0	0	0
void flash_attn_stream_k_fixup_general<128, 16, 4>(float*, HIP_vector_type<float, 2u> const*, int, int, int, int, HIP_vector_type<unsigned int, 3u>, HIP_vector_type<unsigned int, 3u>, HIP_vector_type<unsigned int, 3u>, HIP_vector_type<unsigned int, 3u>)	22	0	0	0	0	0
void flash_attn_tile<128, 128, 8, 4, false>(char const*, char const*, char const*, char const*, char const*, int const*, float*, HIP_vector_type<float, 2u>*, float, float, float, float, unsigned int, float, int, HIP_vector_type<unsigned int, 3u>, int, int, int, int, int, int, int, int, int, int, int, long, int, int, long, int, int, int, int, int, long)	37	0	0	0	0	16
void flash_attn_stream_k_fixup_uniform<128, 8, 4>(float*, HIP_vector_type<float, 2u> const*, int, int, int, int, int, int, HIP_vector_type<unsigned int, 3u>, HIP_vector_type<unsigned int, 3u>, HIP_vector_type<unsigned int, 3u>)	17	0	0	0	0	0
void flash_attn_stream_k_fixup_general<128, 8, 4>(float*, HIP_vector_type<float, 2u> const*, int, int, int, int, HIP_vector_type<unsigned int, 3u>, HIP_vector_type<unsigned int, 3u>, HIP_vector_type<unsigned int, 3u>, HIP_vector_type<unsigned int, 3u>)	22	0	0	0	0	0
void flash_attn_tile<128, 128, 4, 4, false>(char const*, char const*, char const*, char const*, char const*, int const*, float*, HIP_vector_type<float, 2u>*, float, float, float, float, unsigned int, float, int, HIP_vector_type<unsigned int, 3u>, int, int, int, int, int, int, int, int, int, int, int, long, int, int, long, int, int, int, int, int, long)	37	0	0	0	0	16
void flash_attn_stream_k_fixup_uniform<128, 4, 4>(float*, HIP_vector_type<float, 2u> const*, int, int, int, int, int, int, HIP_vector_type<unsigned int, 3u>, HIP_vector_type<unsigned int, 3u>, HIP_vector_type<unsigned int, 3u>)	17	0	0	0	0	0
void flash_attn_stream_k_fixup_general<128, 4, 4>(float*, HIP_vector_type<float, 2u> const*, int, int, int, int, HIP_vector_type<unsigned int, 3u>, HIP_vector_type<unsigned int, 3u>, HIP_vector_type<unsigned int, 3u>, HIP_vector_type<unsigned int, 3u>)	22	0	0	0	0	0
void flash_attn_tile<128, 128, 2, 4, false>(char const*, char const*, char const*, char const*, char const*, int const*, float*, HIP_vector_type<float, 2u>*, float, float, float, float, unsigned int, float, int, HIP_vector_type<unsigned int, 3u>, int, int, int, int, int, int, int, int, int, int, int, long, int, int, long, int, int, int, int, int, long)	37	0	0	0	0	16
void flash_attn_stream_k_fixup_uniform<128, 2, 4>(float*, HIP_vector_type<float, 2u> const*, int, int, int, int, int, int, HIP_vector_type<unsigned int, 3u>, HIP_vector_type<unsigned int, 3u>, HIP_vector_type<unsigned int, 3u>)	17	0	0	0	0	0
void flash_attn_stream_k_fixup_general<128, 2, 4>(float*, HIP_vector_type<float, 2u> const*, int, int, int, int, HIP_vector_type<unsigned int, 3u>, HIP_vector_type<unsigned int, 3u>, HIP_vector_type<unsigned int, 3u>, HIP_vector_type<unsigned int, 3u>)	22	0	0	0	0	0
void flash_attn_tile<128, 128, 1, 4, false>(char const*, char const*, char const*, char const*, char const*, int const*, float*, HIP_vector_type<float, 2u>*, float, float, float, float, unsigned int, float, int, HIP_vector_type<unsigned int, 3u>, int, int, int, int, int, int, int, int, int, int, int, long, int, int, long, int, int, int, int, int, long)	37	0	0	0	0	16
void flash_attn_stream_k_fixup_uniform<128, 1, 4>(float*, HIP_vector_type<float, 2u> const*, int, int, int, int, int, int, HIP_vector_type<unsigned int, 3u>, HIP_vector_type<unsigned int, 3u>, HIP_vector_type<unsigned int, 3u>)	17	0	0	0	0	0
void flash_attn_stream_k_fixup_general<128, 1, 4>(float*, HIP_vector_type<float, 2u> const*, int, int, int, int, HIP_vector_type<unsigned int, 3u>, HIP_vector_type<unsigned int, 3u>, HIP_vector_type<unsigned int, 3u>, HIP_vector_type<unsigned int, 3u>)	22	0	0	0	0	0
void flash_attn_tile<128, 128, 32, 2, false>(char const*, char const*, char const*, char const*, char const*, int const*, float*, HIP_vector_type<float, 2u>*, float, float, float, float, unsigned int, float, int, HIP_vector_type<unsigned int, 3u>, int, int, int, int, int, int, int, int, int, int, int, long, int, int, long, int, int, int, int, int, long)	37	0	0	0	0	16
void flash_attn_mask_to_KV_max<32>(__half2 const*, int*, int, long, long)	14	0	0	48	128	0
void flash_attn_stream_k_fixup_uniform<128, 32, 2>(float*, HIP_vector_type<float, 2u> const*, int, int, int, int, int, int, HIP_vector_type<unsigned int, 3u>, HIP_vector_type<unsigned int, 3u>, HIP_vector_type<unsigned int, 3u>)	17	0	0	0	0	0
void flash_attn_stream_k_fixup_general<128, 32, 2>(float*, HIP_vector_type<float, 2u> const*, int, int, int, int, HIP_vector_type<unsigned int, 3u>, HIP_vector_type<unsigned int, 3u>, HIP_vector_type<unsigned int, 3u>, HIP_vector_type<unsigned int, 3u>)	22	0	0	0	0	0
void flash_attn_tile<128, 128, 16, 2, false>(char const*, char const*, char const*, char const*, char const*, int const*, float*, HIP_vector_type<float, 2u>*, float, float, float, float, unsigned int, float, int, HIP_vector_type<unsigned int, 3u>, int, int, int, int, int, int, int, int, int, int, int, long, int, int, long, int, int, int, int, int, long)	37	0	0	0	0	16
void flash_attn_stream_k_fixup_uniform<128, 16, 2>(float*, HIP_vector_type<float, 2u> const*, int, int, int, int, int, int, HIP_vector_type<unsigned int, 3u>, HIP_vector_type<unsigned int, 3u>, HIP_vector_type<unsigned int, 3u>)	17	0	0	0	0	0
void flash_attn_stream_k_fixup_general<128, 16, 2>(float*, HIP_vector_type<float, 2u> const*, int, int, int, int, HIP_vector_type<unsigned int, 3u>, HIP_vector_type<unsigned int, 3u>, HIP_vector_type<unsigned int, 3u>, HIP_vector_type<unsigned int, 3u>)	22	0	0	0	0	0
void flash_attn_tile<128, 128, 8, 2, false>(char const*, char const*, char const*, char const*, char const*, int const*, float*, HIP_vector_type<float, 2u>*, float, float, float, float, unsigned int, float, int, HIP_vector_type<unsigned int, 3u>, int, int, int, int, int, int, int, int, int, int, int, long, int, int, long, int, int, int, int, int, long)	37	0	0	0	0	16
void flash_attn_stream_k_fixup_uniform<128, 8, 2>(float*, HIP_vector_type<float, 2u> const*, int, int, int, int, int, int, HIP_vector_type<unsigned int, 3u>, HIP_vector_type<unsigned int, 3u>, HIP_vector_type<unsigned int, 3u>)	17	0	0	0	0	0
void flash_attn_stream_k_fixup_general<128, 8, 2>(float*, HIP_vector_type<float, 2u> const*, int, int, int, int, HIP_vector_type<unsigned int, 3u>, HIP_vector_type<unsigned int, 3u>, HIP_vector_type<unsigned int, 3u>, HIP_vector_type<unsigned int, 3u>)	22	0	0	0	0	0
void flash_attn_tile<128, 128, 4, 2, false>(char const*, char const*, char const*, char const*, char const*, int const*, float*, HIP_vector_type<float, 2u>*, float, float, float, float, unsigned int, float, int, HIP_vector_type<unsigned int, 3u>, int, int, int, int, int, int, int, int, int, int, int, long, int, int, long, int, int, int, int, int, long)	37	0	0	0	0	16
void flash_attn_stream_k_fixup_uniform<128, 4, 2>(float*, HIP_vector_type<float, 2u> const*, int, int, int, int, int, int, HIP_vector_type<unsigned int, 3u>, HIP_vector_type<unsigned int, 3u>, HIP_vector_type<unsigned int, 3u>)	17	0	0	0	0	0
void flash_attn_stream_k_fixup_general<128, 4, 2>(float*, HIP_vector_type<float, 2u> const*, int, int, int, int, HIP_vector_type<unsigned int, 3u>, HIP_vector_type<unsigned int, 3u>, HIP_vector_type<unsigned int, 3u>, HIP_vector_type<unsigned int, 3u>)	22	0	0	0	0	0
void flash_attn_tile<128, 128, 2, 2, false>(char const*, char const*, char const*, char const*, char const*, int const*, float*, HIP_vector_type<float, 2u>*, float, float, float, float, unsigned int, float, int, HIP_vector_type<unsigned int, 3u>, int, int, int, int, int, int, int, int, int, int, int, long, int, int, long, int, int, int, int, int, long)	37	0	0	0	0	16
void flash_attn_stream_k_fixup_uniform<128, 2, 2>(float*, HIP_vector_type<float, 2u> const*, int, int, int, int, int, int, HIP_vector_type<unsigned int, 3u>, HIP_vector_type<unsigned int, 3u>, HIP_vector_type<unsigned int, 3u>)	17	0	0	0	0	0
void flash_attn_stream_k_fixup_general<128, 2, 2>(float*, HIP_vector_type<float, 2u> const*, int, int, int, int, HIP_vector_type<unsigned int, 3u>, HIP_vector_type<unsigned int, 3u>, HIP_vector_type<unsigned int, 3u>, HIP_vector_type<unsigned int, 3u>)	22	0	0	0	0	0
void flash_attn_tile<128, 128, 1, 2, false>(char const*, char const*, char const*, char const*, char const*, int const*, float*, HIP_vector_type<float, 2u>*, float, float, float, float, unsigned int, float, int, HIP_vector_type<unsigned int, 3u>, int, int, int, int, int, int, int, int, int, int, int, long, int, int, long, int, int, int, int, int, long)	37	0	0	0	0	16
void flash_attn_stream_k_fixup_uniform<128, 1, 2>(float*, HIP_vector_type<float, 2u> const*, int, int, int, int, int, int, HIP_vector_type<unsigned int, 3u>, HIP_vector_type<unsigned int, 3u>, HIP_vector_type<unsigned int, 3u>)	17	0	0	0	0	0
void flash_attn_stream_k_fixup_general<128, 1, 2>(float*, HIP_vector_type<float, 2u> const*, int, int, int, int, HIP_vector_type<unsigned int, 3u>, HIP_vector_type<unsigned int, 3u>, HIP_vector_type<unsigned int, 3u>, HIP_vector_type<unsigned int, 3u>)	22	0	0	0	0	0
void flash_attn_tile<128, 128, 64, 1, false>(char const*, char const*, char const*, char const*, char const*, int const*, float*, HIP_vector_type<float, 2u>*, float, float, float, float, unsigned int, float, int, HIP_vector_type<unsigned int, 3u>, int, int, int, int, int, int, int, int, int, int, int, long, int, int, long, int, int, int, int, int, long)	256	0	10	0	29696	80
void flash_attn_mask_to_KV_max<64>(__half2 const*, int*, int, long, long)	16	0	0	176	128	0
void flash_attn_stream_k_fixup_uniform<128, 64, 1>(float*, HIP_vector_type<float, 2u> const*, int, int, int, int, int, int, HIP_vector_type<unsigned int, 3u>, HIP_vector_type<unsigned int, 3u>, HIP_vector_type<unsigned int, 3u>)	17	0	0	0	0	0
void flash_attn_stream_k_fixup_general<128, 64, 1>(float*, HIP_vector_type<float, 2u> const*, int, int, int, int, HIP_vector_type<unsigned int, 3u>, HIP_vector_type<unsigned int, 3u>, HIP_vector_type<unsigned int, 3u>, HIP_vector_type<unsigned int, 3u>)	22	0	0	0	0	0
void flash_attn_tile<128, 128, 32, 1, false>(char const*, char const*, char const*, char const*, char const*, int const*, float*, HIP_vector_type<float, 2u>*, float, float, float, float, unsigned int, float, int, HIP_vector_type<unsigned int, 3u>, int, int, int, int, int, int, int, int, int, int, int, long, int, int, long, int, int, int, int, int, long)	170	0	0	0	21504	32
void flash_attn_stream_k_fixup_uniform<128, 32, 1>(float*, HIP_vector_type<float, 2u> const*, int, int, int, int, int, int, HIP_vector_type<unsigned int, 3u>, HIP_vector_type<unsigned int, 3u>, HIP_vector_type<unsigned int, 3u>)	17	0	0	0	0	0
void flash_attn_stream_k_fixup_general<128, 32, 1>(float*, HIP_vector_type<float, 2u> const*, int, int, int, int, HIP_vector_type<unsigned int, 3u>, HIP_vector_type<unsigned int, 3u>, HIP_vector_type<unsigned int, 3u>, HIP_vector_type<unsigned int, 3u>)	22	0	0	0	0	0
void flash_attn_tile<128, 128, 16, 1, false>(char const*, char const*, char const*, char const*, char const*, int const*, float*, HIP_vector_type<float, 2u>*, float, float, float, float, unsigned int, float, int, HIP_vector_type<unsigned int, 3u>, int, int, int, int, int, int, int, int, int, int, int, long, int, int, long, int, int, int, int, int, long)	132	0	0	0	31744	0
void flash_attn_stream_k_fixup_uniform<128, 16, 1>(float*, HIP_vector_type<float, 2u> const*, int, int, int, int, int, int, HIP_vector_type<unsigned int, 3u>, HIP_vector_type<unsigned int, 3u>, HIP_vector_type<unsigned int, 3u>)	17	0	0	0	0	0
void flash_attn_stream_k_fixup_general<128, 16, 1>(float*, HIP_vector_type<float, 2u> const*, int, int, int, int, HIP_vector_type<unsigned int, 3u>, HIP_vector_type<unsigned int, 3u>, HIP_vector_type<unsigned int, 3u>, HIP_vector_type<unsigned int, 3u>)	22	0	0	0	0	0
void flash_attn_tile<128, 128, 8, 1, false>(char const*, char const*, char const*, char const*, char const*, int const*, float*, HIP_vector_type<float, 2u>*, float, float, float, float, unsigned int, float, int, HIP_vector_type<unsigned int, 3u>, int, int, int, int, int, int, int, int, int, int, int, long, int, int, long, int, int, int, int, int, long)	88	0	0	0	20480	32
void flash_attn_stream_k_fixup_uniform<128, 8, 1>(float*, HIP_vector_type<float, 2u> const*, int, int, int, int, int, int, HIP_vector_type<unsigned int, 3u>, HIP_vector_type<unsigned int, 3u>, HIP_vector_type<unsigned int, 3u>)	17	0	0	0	0	0
void flash_attn_stream_k_fixup_general<128, 8, 1>(float*, HIP_vector_type<float, 2u> const*, int, int, int, int, HIP_vector_type<unsigned int, 3u>, HIP_vector_type<unsigned int, 3u>, HIP_vector_type<unsigned int, 3u>, HIP_vector_type<unsigned int, 3u>)	22	0	0	0	0	0
void flash_attn_tile<128, 128, 4, 1, false>(char const*, char const*, char const*, char const*, char const*, int const*, float*, HIP_vector_type<float, 2u>*, float, float, float, float, unsigned int, float, int, HIP_vector_type<unsigned int, 3u>, int, int, int, int, int, int, int, int, int, int, int, long, int, int, long, int, int, int, int, int, long)	128	0	0	0	18944	32
void flash_attn_stream_k_fixup_uniform<128, 4, 1>(float*, HIP_vector_type<float, 2u> const*, int, int, int, int, int, int, HIP_vector_type<unsigned int, 3u>, HIP_vector_type<unsigned int, 3u>, HIP_vector_type<unsigned int, 3u>)	17	0	0	0	0	0
void flash_attn_stream_k_fixup_general<128, 4, 1>(float*, HIP_vector_type<float, 2u> const*, int, int, int, int, HIP_vector_type<unsigned int, 3u>, HIP_vector_type<unsigned int, 3u>, HIP_vector_type<unsigned int, 3u>, HIP_vector_type<unsigned int, 3u>)	22	0	0	0	0	0
void flash_attn_tile<128, 128, 2, 1, false>(char const*, char const*, char const*, char const*, char const*, int const*, float*, HIP_vector_type<float, 2u>*, float, float, float, float, unsigned int, float, int, HIP_vector_type<unsigned int, 3u>, int, int, int, int, int, int, int, int, int, int, int, long, int, int, long, int, int, int, int, int, long)	134	0	0	0	19520	32
void flash_attn_stream_k_fixup_uniform<128, 2, 1>(float*, HIP_vector_type<float, 2u> const*, int, int, int, int, int, int, HIP_vector_type<unsigned int, 3u>, HIP_vector_type<unsigned int, 3u>, HIP_vector_type<unsigned int, 3u>)	17	0	0	0	0	0
void flash_attn_stream_k_fixup_general<128, 2, 1>(float*, HIP_vector_type<float, 2u> const*, int, int, int, int, HIP_vector_type<unsigned int, 3u>, HIP_vector_type<unsigned int, 3u>, HIP_vector_type<unsigned int, 3u>, HIP_vector_type<unsigned int, 3u>)	22	0	0	0	0	0
void flash_attn_tile<128, 128, 8, 8, true>(char const*, char const*, char const*, char const*, char const*, int const*, float*, HIP_vector_type<float, 2u>*, float, float, float, float, unsigned int, float, int, HIP_vector_type<unsigned int, 3u>, int, int, int, int, int, int, int, int, int, int, int, long, int, int, long, int, int, int, int, int, long)	37	0	0	0	0	16
void flash_attn_tile<128, 128, 4, 8, true>(char const*, char const*, char const*, char const*, char const*, int const*, float*, HIP_vector_type<float, 2u>*, float, float, float, float, unsigned int, float, int, HIP_vector_type<unsigned int, 3u>, int, int, int, int, int, int, int, int, int, int, int, long, int, int, long, int, int, int, int, int, long)	37	0	0	0	0	16
void flash_attn_tile<128, 128, 2, 8, true>(char const*, char const*, char const*, char const*, char const*, int const*, float*, HIP_vector_type<float, 2u>*, float, float, float, float, unsigned int, float, int, HIP_vector_type<unsigned int, 3u>, int, int, int, int, int, int, int, int, int, int, int, long, int, int, long, int, int, int, int, int, long)	37	0	0	0	0	16
void flash_attn_tile<128, 128, 1, 8, true>(char const*, char const*, char const*, char const*, char const*, int const*, float*, HIP_vector_type<float, 2u>*, float, float, float, float, unsigned int, float, int, HIP_vector_type<unsigned int, 3u>, int, int, int, int, int, int, int, int, int, int, int, long, int, int, long, int, int, int, int, int, long)	37	0	0	0	0	16
void flash_attn_tile<128, 128, 16, 4, true>(char const*, char const*, char const*, char const*, char const*, int const*, float*, HIP_vector_type<float, 2u>*, float, float, float, float, unsigned int, float, int, HIP_vector_type<unsigned int, 3u>, int, int, int, int, int, int, int, int, int, int, int, long, int, int, long, int, int, int, int, int, long)	37	0	0	0	0	16
void flash_attn_tile<128, 128, 8, 4, true>(char const*, char const*, char const*, char const*, char const*, int const*, float*, HIP_vector_type<float, 2u>*, float, float, float, float, unsigned int, float, int, HIP_vector_type<unsigned int, 3u>, int, int, int, int, int, int, int, int, int, int, int, long, int, int, long, int, int, int, int, int, long)	37	0	0	0	0	16
void flash_attn_tile<128, 128, 4, 4, true>(char const*, char const*, char const*, char const*, char const*, int const*, float*, HIP_vector_type<float, 2u>*, float, float, float, float, unsigned int, float, int, HIP_vector_type<unsigned int, 3u>, int, int, int, int, int, int, int, int, int, int, int, long, int, int, long, int, int, int, int, int, long)	37	0	0	0	0	16
void flash_attn_tile<128, 128, 2, 4, true>(char const*, char const*, char const*, char const*, char const*, int const*, float*, HIP_vector_type<float, 2u>*, float, float, float, float, unsigned int, float, int, HIP_vector_type<unsigned int, 3u>, int, int, int, int, int, int, int, int, int, int, int, long, int, int, long, int, int, int, int, int, long)	37	0	0	0	0	16
void flash_attn_tile<128, 128, 1, 4, true>(char const*, char const*, char const*, char const*, char const*, int const*, float*, HIP_vector_type<float, 2u>*, float, float, float, float, unsigned int, float, int, HIP_vector_type<unsigned int, 3u>, int, int, int, int, int, int, int, int, int, int, int, long, int, int, long, int, int, int, int, int, long)	37	0	0	0	0	16
void flash_attn_tile<128, 128, 32, 2, true>(char const*, char const*, char const*, char const*, char const*, int const*, float*, HIP_vector_type<float, 2u>*, float, float, float, float, unsigned int, float, int, HIP_vector_type<unsigned int, 3u>, int, int, int, int, int, int, int, int, int, int, int, long, int, int, long, int, int, int, int, int, long)	37	0	0	0	0	16
void flash_attn_tile<128, 128, 16, 2, true>(char const*, char const*, char const*, char const*, char const*, int const*, float*, HIP_vector_type<float, 2u>*, float, float, float, float, unsigned int, float, int, HIP_vector_type<unsigned int, 3u>, int, int, int, int, int, int, int, int, int, int, int, long, int, int, long, int, int, int, int, int, long)	37	0	0	0	0	16
void flash_attn_tile<128, 128, 8, 2, true>(char const*, char const*, char const*, char const*, char const*, int const*, float*, HIP_vector_type<float, 2u>*, float, float, float, float, unsigned int, float, int, HIP_vector_type<unsigned int, 3u>, int, int, int, int, int, int, int, int, int, int, int, long, int, int, long, int, int, int, int, int, long)	37	0	0	0	0	16
void flash_attn_tile<128, 128, 4, 2, true>(char const*, char const*, char const*, char const*, char const*, int const*, float*, HIP_vector_type<float, 2u>*, float, float, float, float, unsigned int, float, int, HIP_vector_type<unsigned int, 3u>, int, int, int, int, int, int, int, int, int, int, int, long, int, int, long, int, int, int, int, int, long)	37	0	0	0	0	16
void flash_attn_tile<128, 128, 2, 2, true>(char const*, char const*, char const*, char const*, char const*, int const*, float*, HIP_vector_type<float, 2u>*, float, float, float, float, unsigned int, float, int, HIP_vector_type<unsigned int, 3u>, int, int, int, int, int, int, int, int, int, int, int, long, int, int, long, int, int, int, int, int, long)	37	0	0	0	0	16
void flash_attn_tile<128, 128, 1, 2, true>(char const*, char const*, char const*, char const*, char const*, int const*, float*, HIP_vector_type<float, 2u>*, float, float, float, float, unsigned int, float, int, HIP_vector_type<unsigned int, 3u>, int, int, int, int, int, int, int, int, int, int, int, long, int, int, long, int, int, int, int, int, long)	37	0	0	0	0	16
void flash_attn_tile<128, 128, 64, 1, true>(char const*, char const*, char const*, char const*, char const*, int const*, float*, HIP_vector_type<float, 2u>*, float, float, float, float, unsigned int, float, int, HIP_vector_type<unsigned int, 3u>, int, int, int, int, int, int, int, int, int, int, int, long, int, int, long, int, int, int, int, int, long)	256	0	10	0	29696	80
void flash_attn_tile<128, 128, 32, 1, true>(char const*, char const*, char const*, char const*, char const*, int const*, float*, HIP_vector_type<float, 2u>*, float, float, float, float, unsigned int, float, int, HIP_vector_type<unsigned int, 3u>, int, int, int, int, int, int, int, int, int, int, int, long, int, int, long, int, int, int, int, int, long)	190	0	0	0	21504	32
void flash_attn_tile<128, 128, 16, 1, true>(char const*, char const*, char const*, char const*, char const*, int const*, float*, HIP_vector_type<float, 2u>*, float, float, float, float, unsigned int, float, int, HIP_vector_type<unsigned int, 3u>, int, int, int, int, int, int, int, int, int, int, int, long, int, int, long, int, int, int, int, int, long)	135	0	0	0	31744	0
void flash_attn_tile<128, 128, 8, 1, true>(char const*, char const*, char const*, char const*, char const*, int const*, float*, HIP_vector_type<float, 2u>*, float, float, float, float, unsigned int, float, int, HIP_vector_type<unsigned int, 3u>, int, int, int, int, int, int, int, int, int, int, int, long, int, int, long, int, int, int, int, int, long)	92	0	0	0	20480	32
void flash_attn_tile<128, 128, 4, 1, true>(char const*, char const*, char const*, char const*, char const*, int const*, float*, HIP_vector_type<float, 2u>*, float, float, float, float, unsigned int, float, int, HIP_vector_type<unsigned int, 3u>, int, int, int, int, int, int, int, int, int, int, int, long, int, int, long, int, int, int, int, int, long)	130	0	0	0	18944	32
void flash_attn_tile<128, 128, 2, 1, true>(char const*, char const*, char const*, char const*, char const*, int const*, float*, HIP_vector_type<float, 2u>*, float, float, float, float, unsigned int, float, int, HIP_vector_type<unsigned int, 3u>, int, int, int, int, int, int, int, int, int, int, int, long, int, int, long, int, int, int, int, int, long)	137	0	0	0	19520	32
void flash_attn_tile<192, 128, 2, 16, false>(char const*, char const*, char const*, char const*, char const*, int const*, float*, HIP_vector_type<float, 2u>*, float, float, float, float, unsigned int, float, int, HIP_vector_type<unsigned int, 3u>, int, int, int, int, int, int, int, int, int, int, int, long, int, int, long, int, int, int, int, int, long)	140	0	0	0	18944	0
void flash_attn_mask_to_KV_max<2>(__half2 const*, int*, int, long, long)	18	0	0	0	128	0
void flash_attn_stream_k_fixup_uniform<128, 2, 16>(float*, HIP_vector_type<float, 2u> const*, int, int, int, int, int, int, HIP_vector_type<unsigned int, 3u>, HIP_vector_type<unsigned int, 3u>, HIP_vector_type<unsigned int, 3u>)	17	0	0	0	0	0
void flash_attn_stream_k_fixup_general<128, 2, 16>(float*, HIP_vector_type<float, 2u> const*, int, int, int, int, HIP_vector_type<unsigned int, 3u>, HIP_vector_type<unsigned int, 3u>, HIP_vector_type<unsigned int, 3u>, HIP_vector_type<unsigned int, 3u>)	22	0	0	0	0	0
void flash_attn_combine_results<128>(float const*, HIP_vector_type<float, 2u> const*, float*, int)	51	0	0	0	0	0
void flash_attn_tile<192, 128, 1, 16, false>(char const*, char const*, char const*, char const*, char const*, int const*, float*, HIP_vector_type<float, 2u>*, float, float, float, float, unsigned int, float, int, HIP_vector_type<unsigned int, 3u>, int, int, int, int, int, int, int, int, int, int, int, long, int, int, long, int, int, int, int, int, long)	90	0	0	0	11776	0
void flash_attn_mask_to_KV_max<1>(__half2 const*, int*, int, long, long)	18	0	0	0	128	0
void flash_attn_stream_k_fixup_uniform<128, 1, 16>(float*, HIP_vector_type<float, 2u> const*, int, int, int, int, int, int, HIP_vector_type<unsigned int, 3u>, HIP_vector_type<unsigned int, 3u>, HIP_vector_type<unsigned int, 3u>)	17	0	0	0	0	0
void flash_attn_stream_k_fixup_general<128, 1, 16>(float*, HIP_vector_type<float, 2u> const*, int, int, int, int, HIP_vector_type<unsigned int, 3u>, HIP_vector_type<unsigned int, 3u>, HIP_vector_type<unsigned int, 3u>, HIP_vector_type<unsigned int, 3u>)	22	0	0	0	0	0
void flash_attn_tile<192, 128, 4, 8, false>(char const*, char const*, char const*, char const*, char const*, int const*, float*, HIP_vector_type<float, 2u>*, float, float, float, float, unsigned int, float, int, HIP_vector_type<unsigned int, 3u>, int, int, int, int, int, int, int, int, int, int, int, long, int, int, long, int, int, int, int, int, long)	140	0	0	0	18944	0
void flash_attn_mask_to_KV_max<4>(__half2 const*, int*, int, long, long)	18	0	0	0	128	0
void flash_attn_stream_k_fixup_uniform<128, 4, 8>(float*, HIP_vector_type<float, 2u> const*, int, int, int, int, int, int, HIP_vector_type<unsigned int, 3u>, HIP_vector_type<unsigned int, 3u>, HIP_vector_type<unsigned int, 3u>)	17	0	0	0	0	0
void flash_attn_stream_k_fixup_general<128, 4, 8>(float*, HIP_vector_type<float, 2u> const*, int, int, int, int, HIP_vector_type<unsigned int, 3u>, HIP_vector_type<unsigned int, 3u>, HIP_vector_type<unsigned int, 3u>, HIP_vector_type<unsigned int, 3u>)	22	0	0	0	0	0
void flash_attn_tile<192, 128, 2, 8, false>(char const*, char const*, char const*, char const*, char const*, int const*, float*, HIP_vector_type<float, 2u>*, float, float, float, float, unsigned int, float, int, HIP_vector_type<unsigned int, 3u>, int, int, int, int, int, int, int, int, int, int, int, long, int, int, long, int, int, int, int, int, long)	90	0	0	0	11776	0
void flash_attn_stream_k_fixup_uniform<128, 2, 8>(float*, HIP_vector_type<float, 2u> const*, int, int, int, int, int, int, HIP_vector_type<unsigned int, 3u>, HIP_vector_type<unsigned int, 3u>, HIP_vector_type<unsigned int, 3u>)	17	0	0	0	0	0
void flash_attn_stream_k_fixup_general<128, 2, 8>(float*, HIP_vector_type<float, 2u> const*, int, int, int, int, HIP_vector_type<unsigned int, 3u>, HIP_vector_type<unsigned int, 3u>, HIP_vector_type<unsigned int, 3u>, HIP_vector_type<unsigned int, 3u>)	22	0	0	0	0	0
void flash_attn_tile<192, 128, 1, 8, false>(char const*, char const*, char const*, char const*, char const*, int const*, float*, HIP_vector_type<float, 2u>*, float, float, float, float, unsigned int, float, int, HIP_vector_type<unsigned int, 3u>, int, int, int, int, int, int, int, int, int, int, int, long, int, int, long, int, int, int, int, int, long)	124	0	0	0	13312	0
void flash_attn_stream_k_fixup_uniform<128, 1, 8>(float*, HIP_vector_type<float, 2u> const*, int, int, int, int, int, int, HIP_vector_type<unsigned int, 3u>, HIP_vector_type<unsigned int, 3u>, HIP_vector_type<unsigned int, 3u>)	17	0	0	0	0	0
void flash_attn_stream_k_fixup_general<128, 1, 8>(float*, HIP_vector_type<float, 2u> const*, int, int, int, int, HIP_vector_type<unsigned int, 3u>, HIP_vector_type<unsigned int, 3u>, HIP_vector_type<unsigned int, 3u>, HIP_vector_type<unsigned int, 3u>)	22	0	0	0	0	0
void flash_attn_tile<192, 128, 2, 16, true>(char const*, char const*, char const*, char const*, char const*, int const*, float*, HIP_vector_type<float, 2u>*, float, float, float, float, unsigned int, float, int, HIP_vector_type<unsigned int, 3u>, int, int, int, int, int, int, int, int, int, int, int, long, int, int, long, int, int, int, int, int, long)	114	0	0	0	18944	0
void flash_attn_tile<192, 128, 1, 16, true>(char const*, char const*, char const*, char const*, char const*, int const*, float*, HIP_vector_type<float, 2u>*, float, float, float, float, unsigned int, float, int, HIP_vector_type<unsigned int, 3u>, int, int, int, int, int, int, int, int, int, int, int, long, int, int, long, int, int, int, int, int, long)	119	0	0	0	11776	0
void flash_attn_tile<192, 128, 4, 8, true>(char const*, char const*, char const*, char const*, char const*, int const*, float*, HIP_vector_type<float, 2u>*, float, float, float, float, unsigned int, float, int, HIP_vector_type<unsigned int, 3u>, int, int, int, int, int, int, int, int, int, int, int, long, int, int, long, int, int, int, int, int, long)	114	0	0	0	18944	0
void flash_attn_tile<192, 128, 2, 8, true>(char const*, char const*, char const*, char const*, char const*, int const*, float*, HIP_vector_type<float, 2u>*, float, float, float, float, unsigned int, float, int, HIP_vector_type<unsigned int, 3u>, int, int, int, int, int, int, int, int, int, int, int, long, int, int, long, int, int, int, int, int, long)	119	0	0	0	11776	0
void flash_attn_tile<192, 128, 1, 8, true>(char const*, char const*, char const*, char const*, char const*, int const*, float*, HIP_vector_type<float, 2u>*, float, float, float, float, unsigned int, float, int, HIP_vector_type<unsigned int, 3u>, int, int, int, int, int, int, int, int, int, int, int, long, int, int, long, int, int, int, int, int, long)	69	0	0	0	13312	0
void flash_attn_tile<256, 256, 4, 8, false>(char const*, char const*, char const*, char const*, char const*, int const*, float*, HIP_vector_type<float, 2u>*, float, float, float, float, unsigned int, float, int, HIP_vector_type<unsigned int, 3u>, int, int, int, int, int, int, int, int, int, int, int, long, int, int, long, int, int, int, int, int, long)	37	0	0	0	0	16
void flash_attn_mask_to_KV_max<4>(__half2 const*, int*, int, long, long)	18	0	0	0	128	0
void flash_attn_stream_k_fixup_uniform<256, 4, 8>(float*, HIP_vector_type<float, 2u> const*, int, int, int, int, int, int, HIP_vector_type<unsigned int, 3u>, HIP_vector_type<unsigned int, 3u>, HIP_vector_type<unsigned int, 3u>)	17	0	0	0	0	0
void flash_attn_stream_k_fixup_general<256, 4, 8>(float*, HIP_vector_type<float, 2u> const*, int, int, int, int, HIP_vector_type<unsigned int, 3u>, HIP_vector_type<unsigned int, 3u>, HIP_vector_type<unsigned int, 3u>, HIP_vector_type<unsigned int, 3u>)	22	0	0	0	0	0
void flash_attn_combine_results<256>(float const*, HIP_vector_type<float, 2u> const*, float*, int)	51	0	0	0	0	0
void flash_attn_tile<256, 256, 2, 8, false>(char const*, char const*, char const*, char const*, char const*, int const*, float*, HIP_vector_type<float, 2u>*, float, float, float, float, unsigned int, float, int, HIP_vector_type<unsigned int, 3u>, int, int, int, int, int, int, int, int, int, int, int, long, int, int, long, int, int, int, int, int, long)	37	0	0	0	0	16
void flash_attn_mask_to_KV_max<2>(__half2 const*, int*, int, long, long)	18	0	0	0	128	0
void flash_attn_stream_k_fixup_uniform<256, 2, 8>(float*, HIP_vector_type<float, 2u> const*, int, int, int, int, int, int, HIP_vector_type<unsigned int, 3u>, HIP_vector_type<unsigned int, 3u>, HIP_vector_type<unsigned int, 3u>)	17	0	0	0	0	0
void flash_attn_stream_k_fixup_general<256, 2, 8>(float*, HIP_vector_type<float, 2u> const*, int, int, int, int, HIP_vector_type<unsigned int, 3u>, HIP_vector_type<unsigned int, 3u>, HIP_vector_type<unsigned int, 3u>, HIP_vector_type<unsigned int, 3u>)	22	0	0	0	0	0
void flash_attn_tile<256, 256, 1, 8, false>(char const*, char const*, char const*, char const*, char const*, int const*, float*, HIP_vector_type<float, 2u>*, float, float, float, float, unsigned int, float, int, HIP_vector_type<unsigned int, 3u>, int, int, int, int, int, int, int, int, int, int, int, long, int, int, long, int, int, int, int, int, long)	37	0	0	0	0	16
void flash_attn_mask_to_KV_max<1>(__half2 const*, int*, int, long, long)	18	0	0	0	128	0
void flash_attn_stream_k_fixup_uniform<256, 1, 8>(float*, HIP_vector_type<float, 2u> const*, int, int, int, int, int, int, HIP_vector_type<unsigned int, 3u>, HIP_vector_type<unsigned int, 3u>, HIP_vector_type<unsigned int, 3u>)	17	0	0	0	0	0
void flash_attn_stream_k_fixup_general<256, 1, 8>(float*, HIP_vector_type<float, 2u> const*, int, int, int, int, HIP_vector_type<unsigned int, 3u>, HIP_vector_type<unsigned int, 3u>, HIP_vector_type<unsigned int, 3u>, HIP_vector_type<unsigned int, 3u>)	22	0	0	0	0	0
void flash_attn_tile<256, 256, 8, 4, false>(char const*, char const*, char const*, char const*, char const*, int const*, float*, HIP_vector_type<float, 2u>*, float, float, float, float, unsigned int, float, int, HIP_vector_type<unsigned int, 3u>, int, int, int, int, int, int, int, int, int, int, int, long, int, int, long, int, int, int, int, int, long)	37	0	0	0	0	16
void flash_attn_mask_to_KV_max<8>(__half2 const*, int*, int, long, long)	18	0	0	0	128	0
void flash_attn_stream_k_fixup_uniform<256, 8, 4>(float*, HIP_vector_type<float, 2u> const*, int, int, int, int, int, int, HIP_vector_type<unsigned int, 3u>, HIP_vector_type<unsigned int, 3u>, HIP_vector_type<unsigned int, 3u>)	17	0	0	0	0	0
void flash_attn_stream_k_fixup_general<256, 8, 4>(float*, HIP_vector_type<float, 2u> const*, int, int, int, int, HIP_vector_type<unsigned int, 3u>, HIP_vector_type<unsigned int, 3u>, HIP_vector_type<unsigned int, 3u>, HIP_vector_type<unsigned int, 3u>)	22	0	0	0	0	0
void flash_attn_tile<256, 256, 4, 4, false>(char const*, char const*, char const*, char const*, char const*, int const*, float*, HIP_vector_type<float, 2u>*, float, float, float, float, unsigned int, float, int, HIP_vector_type<unsigned int, 3u>, int, int, int, int, int, int, int, int, int, int, int, long, int, int, long, int, int, int, int, int, long)	37	0	0	0	0	16
void flash_attn_stream_k_fixup_uniform<256, 4, 4>(float*, HIP_vector_type<float, 2u> const*, int, int, int, int, int, int, HIP_vector_type<unsigned int, 3u>, HIP_vector_type<unsigned int, 3u>, HIP_vector_type<unsigned int, 3u>)	17	0	0	0	0	0
void flash_attn_stream_k_fixup_general<256, 4, 4>(float*, HIP_vector_type<float, 2u> const*, int, int, int, int, HIP_vector_type<unsigned int, 3u>, HIP_vector_type<unsigned int, 3u>, HIP_vector_type<unsigned int, 3u>, HIP_vector_type<unsigned int, 3u>)	22	0	0	0	0	0
void flash_attn_tile<256, 256, 2, 4, false>(char const*, char const*, char const*, char const*, char const*, int const*, float*, HIP_vector_type<float, 2u>*, float, float, float, float, unsigned int, float, int, HIP_vector_type<unsigned int, 3u>, int, int, int, int, int, int, int, int, int, int, int, long, int, int, long, int, int, int, int, int, long)	37	0	0	0	0	16
void flash_attn_stream_k_fixup_uniform<256, 2, 4>(float*, HIP_vector_type<float, 2u> const*, int, int, int, int, int, int, HIP_vector_type<unsigned int, 3u>, HIP_vector_type<unsigned int, 3u>, HIP_vector_type<unsigned int, 3u>)	17	0	0	0	0	0
void flash_attn_stream_k_fixup_general<256, 2, 4>(float*, HIP_vector_type<float, 2u> const*, int, int, int, int, HIP_vector_type<unsigned int, 3u>, HIP_vector_type<unsigned int, 3u>, HIP_vector_type<unsigned int, 3u>, HIP_vector_type<unsigned int, 3u>)	22	0	0	0	0	0
void flash_attn_tile<256, 256, 1, 4, false>(char const*, char const*, char const*, char const*, char const*, int const*, float*, HIP_vector_type<float, 2u>*, float, float, float, float, unsigned int, float, int, HIP_vector_type<unsigned int, 3u>, int, int, int, int, int, int, int, int, int, int, int, long, int, int, long, int, int, int, int, int, long)	37	0	0	0	0	16
void flash_attn_stream_k_fixup_uniform<256, 1, 4>(float*, HIP_vector_type<float, 2u> const*, int, int, int, int, int, int, HIP_vector_type<unsigned int, 3u>, HIP_vector_type<unsigned int, 3u>, HIP_vector_type<unsigned int, 3u>)	17	0	0	0	0	0
void flash_attn_stream_k_fixup_general<256, 1, 4>(float*, HIP_vector_type<float, 2u> const*, int, int, int, int, HIP_vector_type<unsigned int, 3u>, HIP_vector_type<unsigned int, 3u>, HIP_vector_type<unsigned int, 3u>, HIP_vector_type<unsigned int, 3u>)	22	0	0	0	0	0
void flash_attn_tile<256, 256, 16, 2, false>(char const*, char const*, char const*, char const*, char const*, int const*, float*, HIP_vector_type<float, 2u>*, float, float, float, float, unsigned int, float, int, HIP_vector_type<unsigned int, 3u>, int, int, int, int, int, int, int, int, int, int, int, long, int, int, long, int, int, int, int, int, long)	37	0	0	0	0	16
void flash_attn_mask_to_KV_max<16>(__half2 const*, int*, int, long, long)	13	0	0	0	128	0
void flash_attn_stream_k_fixup_uniform<256, 16, 2>(float*, HIP_vector_type<float, 2u> const*, int, int, int, int, int, int, HIP_vector_type<unsigned int, 3u>, HIP_vector_type<unsigned int, 3u>, HIP_vector_type<unsigned int, 3u>)	17	0	0	0	0	0
void flash_attn_stream_k_fixup_general<256, 16, 2>(float*, HIP_vector_type<float, 2u> const*, int, int, int, int, HIP_vector_type<unsigned int, 3u>, HIP_vector_type<unsigned int, 3u>, HIP_vector_type<unsigned int, 3u>, HIP_vector_type<unsigned int, 3u>)	22	0	0	0	0	0
void flash_attn_tile<256, 256, 8, 2, false>(char const*, char const*, char const*, char const*, char const*, int const*, float*, HIP_vector_type<float, 2u>*, float, float, float, float, unsigned int, float, int, HIP_vector_type<unsigned int, 3u>, int, int, int, int, int, int, int, int, int, int, int, long, int, int, long, int, int, int, int, int, long)	37	0	0	0	0	16
void flash_attn_stream_k_fixup_uniform<256, 8, 2>(float*, HIP_vector_type<float, 2u> const*, int, int, int, int, int, int, HIP_vector_type<unsigned int, 3u>, HIP_vector_type<unsigned int, 3u>, HIP_vector_type<unsigned int, 3u>)	17	0	0	0	0	0
void flash_attn_stream_k_fixup_general<256, 8, 2>(float*, HIP_vector_type<float, 2u> const*, int, int, int, int, HIP_vector_type<unsigned int, 3u>, HIP_vector_type<unsigned int, 3u>, HIP_vector_type<unsigned int, 3u>, HIP_vector_type<unsigned int, 3u>)	22	0	0	0	0	0
void flash_attn_tile<256, 256, 4, 2, false>(char const*, char const*, char const*, char const*, char const*, int const*, float*, HIP_vector_type<float, 2u>*, float, float, float, float, unsigned int, float, int, HIP_vector_type<unsigned int, 3u>, int, int, int, int, int, int, int, int, int, int, int, long, int, int, long, int, int, int, int, int, long)	37	0	0	0	0	16
void flash_attn_stream_k_fixup_uniform<256, 4, 2>(float*, HIP_vector_type<float, 2u> const*, int, int, int, int, int, int, HIP_vector_type<unsigned int, 3u>, HIP_vector_type<unsigned int, 3u>, HIP_vector_type<unsigned int, 3u>)	17	0	0	0	0	0
void flash_attn_stream_k_fixup_general<256, 4, 2>(float*, HIP_vector_type<float, 2u> const*, int, int, int, int, HIP_vector_type<unsigned int, 3u>, HIP_vector_type<unsigned int, 3u>, HIP_vector_type<unsigned int, 3u>, HIP_vector_type<unsigned int, 3u>)	22	0	0	0	0	0
void flash_attn_tile<256, 256, 2, 2, false>(char const*, char const*, char const*, char const*, char const*, int const*, float*, HIP_vector_type<float, 2u>*, float, float, float, float, unsigned int, float, int, HIP_vector_type<unsigned int, 3u>, int, int, int, int, int, int, int, int, int, int, int, long, int, int, long, int, int, int, int, int, long)	37	0	0	0	0	16
void flash_attn_stream_k_fixup_uniform<256, 2, 2>(float*, HIP_vector_type<float, 2u> const*, int, int, int, int, int, int, HIP_vector_type<unsigned int, 3u>, HIP_vector_type<unsigned int, 3u>, HIP_vector_type<unsigned int, 3u>)	17	0	0	0	0	0
void flash_attn_stream_k_fixup_general<256, 2, 2>(float*, HIP_vector_type<float, 2u> const*, int, int, int, int, HIP_vector_type<unsigned int, 3u>, HIP_vector_type<unsigned int, 3u>, HIP_vector_type<unsigned int, 3u>, HIP_vector_type<unsigned int, 3u>)	22	0	0	0	0	0
void flash_attn_tile<256, 256, 1, 2, false>(char const*, char const*, char const*, char const*, char const*, int const*, float*, HIP_vector_type<float, 2u>*, float, float, float, float, unsigned int, float, int, HIP_vector_type<unsigned int, 3u>, int, int, int, int, int, int, int, int, int, int, int, long, int, int, long, int, int, int, int, int, long)	37	0	0	0	0	16
void flash_attn_stream_k_fixup_uniform<256, 1, 2>(float*, HIP_vector_type<float, 2u> const*, int, int, int, int, int, int, HIP_vector_type<unsigned int, 3u>, HIP_vector_type<unsigned int, 3u>, HIP_vector_type<unsigned int, 3u>)	17	0	0	0	0	0
void flash_attn_stream_k_fixup_general<256, 1, 2>(float*, HIP_vector_type<float, 2u> const*, int, int, int, int, HIP_vector_type<unsigned int, 3u>, HIP_vector_type<unsigned int, 3u>, HIP_vector_type<unsigned int, 3u>, HIP_vector_type<unsigned int, 3u>)	22	0	0	0	0	0
void flash_attn_tile<256, 256, 32, 1, false>(char const*, char const*, char const*, char const*, char const*, int const*, float*, HIP_vector_type<float, 2u>*, float, float, float, float, unsigned int, float, int, HIP_vector_type<unsigned int, 3u>, int, int, int, int, int, int, int, int, int, int, int, long, int, int, long, int, int, int, int, int, long)	242	0	0	0	31232	32
void flash_attn_mask_to_KV_max<32>(__half2 const*, int*, int, long, long)	14	0	0	48	128	0
void flash_attn_stream_k_fixup_uniform<256, 32, 1>(float*, HIP_vector_type<float, 2u> const*, int, int, int, int, int, int, HIP_vector_type<unsigned int, 3u>, HIP_vector_type<unsigned int, 3u>, HIP_vector_type<unsigned int, 3u>)	17	0	0	0	0	0
void flash_attn_stream_k_fixup_general<256, 32, 1>(float*, HIP_vector_type<float, 2u> const*, int, int, int, int, HIP_vector_type<unsigned int, 3u>, HIP_vector_type<unsigned int, 3u>, HIP_vector_type<unsigned int, 3u>, HIP_vector_type<unsigned int, 3u>)	22	0	0	0	0	0
void flash_attn_tile<256, 256, 16, 1, false>(char const*, char const*, char const*, char const*, char const*, int const*, float*, HIP_vector_type<float, 2u>*, float, float, float, float, unsigned int, float, int, HIP_vector_type<unsigned int, 3u>, int, int, int, int, int, int, int, int, int, int, int, long, int, int, long, int, int, int, int, int, long)	138	0	0	0	17920	32
void flash_attn_stream_k_fixup_uniform<256, 16, 1>(float*, HIP_vector_type<float, 2u> const*, int, int, int, int, int, int, HIP_vector_type<unsigned int, 3u>, HIP_vector_type<unsigned int, 3u>, HIP_vector_type<unsigned int, 3u>)	17	0	0	0	0	0
void flash_attn_stream_k_fixup_general<256, 16, 1>(float*, HIP_vector_type<float, 2u> const*, int, int, int, int, HIP_vector_type<unsigned int, 3u>, HIP_vector_type<unsigned int, 3u>, HIP_vector_type<unsigned int, 3u>, HIP_vector_type<unsigned int, 3u>)	22	0	0	0	0	0
void flash_attn_tile<256, 256, 8, 1, false>(char const*, char const*, char const*, char const*, char const*, int const*, float*, HIP_vector_type<float, 2u>*, float, float, float, float, unsigned int, float, int, HIP_vector_type<unsigned int, 3u>, int, int, int, int, int, int, int, int, int, int, int, long, int, int, long, int, int, int, int, int, long)	184	0	0	0	30720	0
void flash_attn_stream_k_fixup_uniform<256, 8, 1>(float*, HIP_vector_type<float, 2u> const*, int, int, int, int, int, int, HIP_vector_type<unsigned int, 3u>, HIP_vector_type<unsigned int, 3u>, HIP_vector_type<unsigned int, 3u>)	17	0	0	0	0	0
void flash_attn_stream_k_fixup_general<256, 8, 1>(float*, HIP_vector_type<float, 2u> const*, int, int, int, int, HIP_vector_type<unsigned int, 3u>, HIP_vector_type<unsigned int, 3u>, HIP_vector_type<unsigned int, 3u>, HIP_vector_type<unsigned int, 3u>)	22	0	0	0	0	0
void flash_attn_tile<256, 256, 4, 1, false>(char const*, char const*, char const*, char const*, char const*, int const*, float*, HIP_vector_type<float, 2u>*, float, float, float, float, unsigned int, float, int, HIP_vector_type<unsigned int, 3u>, int, int, int, int, int, int, int, int, int, int, int, long, int, int, long, int, int, int, int, int, long)	164	0	0	0	20032	32
void flash_attn_stream_k_fixup_uniform<256, 4, 1>(float*, HIP_vector_type<float, 2u> const*, int, int, int, int, int, int, HIP_vector_type<unsigned int, 3u>, HIP_vector_type<unsigned int, 3u>, HIP_vector_type<unsigned int, 3u>)	17	0	0	0	0	0
void flash_attn_stream_k_fixup_general<256, 4, 1>(float*, HIP_vector_type<float, 2u> const*, int, int, int, int, HIP_vector_type<unsigned int, 3u>, HIP_vector_type<unsigned int, 3u>, HIP_vector_type<unsigned int, 3u>, HIP_vector_type<unsigned int, 3u>)	22	0	0	0	0	0
void flash_attn_tile<256, 256, 2, 1, false>(char const*, char const*, char const*, char const*, char const*, int const*, float*, HIP_vector_type<float, 2u>*, float, float, float, float, unsigned int, float, int, HIP_vector_type<unsigned int, 3u>, int, int, int, int, int, int, int, int, int, int, int, long, int, int, long, int, int, int, int, int, long)	162	0	0	0	20032	32
void flash_attn_stream_k_fixup_uniform<256, 2, 1>(float*, HIP_vector_type<float, 2u> const*, int, int, int, int, int, int, HIP_vector_type<unsigned int, 3u>, HIP_vector_type<unsigned int, 3u>, HIP_vector_type<unsigned int, 3u>)	17	0	0	0	0	0
void flash_attn_stream_k_fixup_general<256, 2, 1>(float*, HIP_vector_type<float, 2u> const*, int, int, int, int, HIP_vector_type<unsigned int, 3u>, HIP_vector_type<unsigned int, 3u>, HIP_vector_type<unsigned int, 3u>, HIP_vector_type<unsigned int, 3u>)	22	0	0	0	0	0
void flash_attn_tile<256, 256, 4, 8, true>(char const*, char const*, char const*, char const*, char const*, int const*, float*, HIP_vector_type<float, 2u>*, float, float, float, float, unsigned int, float, int, HIP_vector_type<unsigned int, 3u>, int, int, int, int, int, int, int, int, int, int, int, long, int, int, long, int, int, int, int, int, long)	37	0	0	0	0	16
void flash_attn_tile<256, 256, 2, 8, true>(char const*, char const*, char const*, char const*, char const*, int const*, float*, HIP_vector_type<float, 2u>*, float, float, float, float, unsigned int, float, int, HIP_vector_type<unsigned int, 3u>, int, int, int, int, int, int, int, int, int, int, int, long, int, int, long, int, int, int, int, int, long)	37	0	0	0	0	16
void flash_attn_tile<256, 256, 1, 8, true>(char const*, char const*, char const*, char const*, char const*, int const*, float*, HIP_vector_type<float, 2u>*, float, float, float, float, unsigned int, float, int, HIP_vector_type<unsigned int, 3u>, int, int, int, int, int, int, int, int, int, int, int, long, int, int, long, int, int, int, int, int, long)	37	0	0	0	0	16
void flash_attn_tile<256, 256, 8, 4, true>(char const*, char const*, char const*, char const*, char const*, int const*, float*, HIP_vector_type<float, 2u>*, float, float, float, float, unsigned int, float, int, HIP_vector_type<unsigned int, 3u>, int, int, int, int, int, int, int, int, int, int, int, long, int, int, long, int, int, int, int, int, long)	37	0	0	0	0	16
void flash_attn_tile<256, 256, 4, 4, true>(char const*, char const*, char const*, char const*, char const*, int const*, float*, HIP_vector_type<float, 2u>*, float, float, float, float, unsigned int, float, int, HIP_vector_type<unsigned int, 3u>, int, int, int, int, int, int, int, int, int, int, int, long, int, int, long, int, int, int, int, int, long)	37	0	0	0	0	16
void flash_attn_tile<256, 256, 2, 4, true>(char const*, char const*, char const*, char const*, char const*, int const*, float*, HIP_vector_type<float, 2u>*, float, float, float, float, unsigned int, float, int, HIP_vector_type<unsigned int, 3u>, int, int, int, int, int, int, int, int, int, int, int, long, int, int, long, int, int, int, int, int, long)	37	0	0	0	0	16
void flash_attn_tile<256, 256, 1, 4, true>(char const*, char const*, char const*, char const*, char const*, int const*, float*, HIP_vector_type<float, 2u>*, float, float, float, float, unsigned int, float, int, HIP_vector_type<unsigned int, 3u>, int, int, int, int, int, int, int, int, int, int, int, long, int, int, long, int, int, int, int, int, long)	37	0	0	0	0	16
void flash_attn_tile<256, 256, 16, 2, true>(char const*, char const*, char const*, char const*, char const*, int const*, float*, HIP_vector_type<float, 2u>*, float, float, float, float, unsigned int, float, int, HIP_vector_type<unsigned int, 3u>, int, int, int, int, int, int, int, int, int, int, int, long, int, int, long, int, int, int, int, int, long)	37	0	0	0	0	16
void flash_attn_tile<256, 256, 8, 2, true>(char const*, char const*, char const*, char const*, char const*, int const*, float*, HIP_vector_type<float, 2u>*, float, float, float, float, unsigned int, float, int, HIP_vector_type<unsigned int, 3u>, int, int, int, int, int, int, int, int, int, int, int, long, int, int, long, int, int, int, int, int, long)	37	0	0	0	0	16
void flash_attn_tile<256, 256, 4, 2, true>(char const*, char const*, char const*, char const*, char const*, int const*, float*, HIP_vector_type<float, 2u>*, float, float, float, float, unsigned int, float, int, HIP_vector_type<unsigned int, 3u>, int, int, int, int, int, int, int, int, int, int, int, long, int, int, long, int, int, int, int, int, long)	37	0	0	0	0	16
void flash_attn_tile<256, 256, 2, 2, true>(char const*, char const*, char const*, char const*, char const*, int const*, float*, HIP_vector_type<float, 2u>*, float, float, float, float, unsigned int, float, int, HIP_vector_type<unsigned int, 3u>, int, int, int, int, int, int, int, int, int, int, int, long, int, int, long, int, int, int, int, int, long)	37	0	0	0	0	16
void flash_attn_tile<256, 256, 1, 2, true>(char const*, char const*, char const*, char const*, char const*, int const*, float*, HIP_vector_type<float, 2u>*, float, float, float, float, unsigned int, float, int, HIP_vector_type<unsigned int, 3u>, int, int, int, int, int, int, int, int, int, int, int, long, int, int, long, int, int, int, int, int, long)	37	0	0	0	0	16
void flash_attn_tile<256, 256, 32, 1, true>(char const*, char const*, char const*, char const*, char const*, int const*, float*, HIP_vector_type<float, 2u>*, float, float, float, float, unsigned int, float, int, HIP_vector_type<unsigned int, 3u>, int, int, int, int, int, int, int, int, int, int, int, long, int, int, long, int, int, int, int, int, long)	245	0	0	0	31232	32
void flash_attn_tile<256, 256, 16, 1, true>(char const*, char const*, char const*, char const*, char const*, int const*, float*, HIP_vector_type<float, 2u>*, float, float, float, float, unsigned int, float, int, HIP_vector_type<unsigned int, 3u>, int, int, int, int, int, int, int, int, int, int, int, long, int, int, long, int, int, int, int, int, long)	141	0	0	0	17920	32
void flash_attn_tile<256, 256, 8, 1, true>(char const*, char const*, char const*, char const*, char const*, int const*, float*, HIP_vector_type<float, 2u>*, float, float, float, float, unsigned int, float, int, HIP_vector_type<unsigned int, 3u>, int, int, int, int, int, int, int, int, int, int, int, long, int, int, long, int, int, int, int, int, long)	188	0	0	0	30720	0
void flash_attn_tile<256, 256, 4, 1, true>(char const*, char const*, char const*, char const*, char const*, int const*, float*, HIP_vector_type<float, 2u>*, float, float, float, float, unsigned int, float, int, HIP_vector_type<unsigned int, 3u>, int, int, int, int, int, int, int, int, int, int, int, long, int, int, long, int, int, int, int, int, long)	164	0	0	0	20032	32
void flash_attn_tile<256, 256, 2, 1, true>(char const*, char const*, char const*, char const*, char const*, int const*, float*, HIP_vector_type<float, 2u>*, float, float, float, float, unsigned int, float, int, HIP_vector_type<unsigned int, 3u>, int, int, int, int, int, int, int, int, int, int, int, long, int, int, long, int, int, int, int, int, long)	162	0	0	0	20032	32
void flash_attn_tile<320, 256, 1, 32, false>(char const*, char const*, char const*, char const*, char const*, int const*, float*, HIP_vector_type<float, 2u>*, float, float, float, float, unsigned int, float, int, HIP_vector_type<unsigned int, 3u>, int, int, int, int, int, int, int, int, int, int, int, long, int, int, long, int, int, int, int, int, long)	250	0	0	0	47104	0
void flash_attn_mask_to_KV_max<1>(__half2 const*, int*, int, long, long)	18	0	0	0	128	0
void flash_attn_stream_k_fixup_uniform<256, 1, 32>(float*, HIP_vector_type<float, 2u> const*, int, int, int, int, int, int, HIP_vector_type<unsigned int, 3u>, HIP_vector_type<unsigned int, 3u>, HIP_vector_type<unsigned int, 3u>)	17	0	0	0	0	0
void flash_attn_stream_k_fixup_general<256, 1, 32>(float*, HIP_vector_type<float, 2u> const*, int, int, int, int, HIP_vector_type<unsigned int, 3u>, HIP_vector_type<unsigned int, 3u>, HIP_vector_type<unsigned int, 3u>, HIP_vector_type<unsigned int, 3u>)	22	0	0	0	0	0
void flash_attn_combine_results<256>(float const*, HIP_vector_type<float, 2u> const*, float*, int)	51	0	0	0	0	0
void flash_attn_tile<320, 256, 1, 32, true>(char const*, char const*, char const*, char const*, char const*, int const*, float*, HIP_vector_type<float, 2u>*, float, float, float, float, unsigned int, float, int, HIP_vector_type<unsigned int, 3u>, int, int, int, int, int, int, int, int, int, int, int, long, int, int, long, int, int, int, int, int, long)	162	0	0	0	47104	0
void flash_attn_tile<40, 40, 8, 8, false>(char const*, char const*, char const*, char const*, char const*, int const*, float*, HIP_vector_type<float, 2u>*, float, float, float, float, unsigned int, float, int, HIP_vector_type<unsigned int, 3u>, int, int, int, int, int, int, int, int, int, int, int, long, int, int, long, int, int, int, int, int, long)	104	0	0	0	12384	0
void flash_attn_mask_to_KV_max<8>(__half2 const*, int*, int, long, long)	18	0	0	0	128	0
void flash_attn_stream_k_fixup_uniform<40, 8, 8>(float*, HIP_vector_type<float, 2u> const*, int, int, int, int, int, int, HIP_vector_type<unsigned int, 3u>, HIP_vector_type<unsigned int, 3u>, HIP_vector_type<unsigned int, 3u>)	17	0	0	0	0	0
void flash_attn_stream_k_fixup_general<40, 8, 8>(float*, HIP_vector_type<float, 2u> const*, int, int, int, int, HIP_vector_type<unsigned int, 3u>, HIP_vector_type<unsigned int, 3u>, HIP_vector_type<unsigned int, 3u>, HIP_vector_type<unsigned int, 3u>)	22	0	0	0	0	0
void flash_attn_combine_results<40>(float const*, HIP_vector_type<float, 2u> const*, float*, int)	51	0	0	0	0	0
void flash_attn_tile<40, 40, 4, 8, false>(char const*, char const*, char const*, char const*, char const*, int const*, float*, HIP_vector_type<float, 2u>*, float, float, float, float, unsigned int, float, int, HIP_vector_type<unsigned int, 3u>, int, int, int, int, int, int, int, int, int, int, int, long, int, int, long, int, int, int, int, int, long)	69	0	0	0	7776	0
void flash_attn_mask_to_KV_max<4>(__half2 const*, int*, int, long, long)	18	0	0	0	128	0
void flash_attn_stream_k_fixup_uniform<40, 4, 8>(float*, HIP_vector_type<float, 2u> const*, int, int, int, int, int, int, HIP_vector_type<unsigned int, 3u>, HIP_vector_type<unsigned int, 3u>, HIP_vector_type<unsigned int, 3u>)	17	0	0	0	0	0
void flash_attn_stream_k_fixup_general<40, 4, 8>(float*, HIP_vector_type<float, 2u> const*, int, int, int, int, HIP_vector_type<unsigned int, 3u>, HIP_vector_type<unsigned int, 3u>, HIP_vector_type<unsigned int, 3u>, HIP_vector_type<unsigned int, 3u>)	22	0	0	0	0	0
void flash_attn_tile<40, 40, 2, 8, false>(char const*, char const*, char const*, char const*, char const*, int const*, float*, HIP_vector_type<float, 2u>*, float, float, float, float, unsigned int, float, int, HIP_vector_type<unsigned int, 3u>, int, int, int, int, int, int, int, int, int, int, int, long, int, int, long, int, int, int, int, int, long)	63	0	0	0	5472	0
void flash_attn_mask_to_KV_max<2>(__half2 const*, int*, int, long, long)	18	0	0	0	128	0
void flash_attn_stream_k_fixup_uniform<40, 2, 8>(float*, HIP_vector_type<float, 2u> const*, int, int, int, int, int, int, HIP_vector_type<unsigned int, 3u>, HIP_vector_type<unsigned int, 3u>, HIP_vector_type<unsigned int, 3u>)	17	0	0	0	0	0
void flash_attn_stream_k_fixup_general<40, 2, 8>(float*, HIP_vector_type<float, 2u> const*, int, int, int, int, HIP_vector_type<unsigned int, 3u>, HIP_vector_type<unsigned int, 3u>, HIP_vector_type<unsigned int, 3u>, HIP_vector_type<unsigned int, 3u>)	22	0	0	0	0	0
void flash_attn_tile<40, 40, 1, 8, false>(char const*, char const*, char const*, char const*, char const*, int const*, float*, HIP_vector_type<float, 2u>*, float, float, float, float, unsigned int, float, int, HIP_vector_type<unsigned int, 3u>, int, int, int, int, int, int, int, int, int, int, int, long, int, int, long, int, int, int, int, int, long)	58	0	0	0	4320	0
void flash_attn_mask_to_KV_max<1>(__half2 const*, int*, int, long, long)	18	0	0	0	128	0
void flash_attn_stream_k_fixup_uniform<40, 1, 8>(float*, HIP_vector_type<float, 2u> const*, int, int, int, int, int, int, HIP_vector_type<unsigned int, 3u>, HIP_vector_type<unsigned int, 3u>, HIP_vector_type<unsigned int, 3u>)	17	0	0	0	0	0
void flash_attn_stream_k_fixup_general<40, 1, 8>(float*, HIP_vector_type<float, 2u> const*, int, int, int, int, HIP_vector_type<unsigned int, 3u>, HIP_vector_type<unsigned int, 3u>, HIP_vector_type<unsigned int, 3u>, HIP_vector_type<unsigned int, 3u>)	22	0	0	0	0	0
void flash_attn_tile<40, 40, 16, 4, false>(char const*, char const*, char const*, char const*, char const*, int const*, float*, HIP_vector_type<float, 2u>*, float, float, float, float, unsigned int, float, int, HIP_vector_type<unsigned int, 3u>, int, int, int, int, int, int, int, int, int, int, int, long, int, int, long, int, int, int, int, int, long)	108	0	0	0	12384	0
void flash_attn_mask_to_KV_max<16>(__half2 const*, int*, int, long, long)	13	0	0	0	128	0
void flash_attn_stream_k_fixup_uniform<40, 16, 4>(float*, HIP_vector_type<float, 2u> const*, int, int, int, int, int, int, HIP_vector_type<unsigned int, 3u>, HIP_vector_type<unsigned int, 3u>, HIP_vector_type<unsigned int, 3u>)	17	0	0	0	0	0
void flash_attn_stream_k_fixup_general<40, 16, 4>(float*, HIP_vector_type<float, 2u> const*, int, int, int, int, HIP_vector_type<unsigned int, 3u>, HIP_vector_type<unsigned int, 3u>, HIP_vector_type<unsigned int, 3u>, HIP_vector_type<unsigned int, 3u>)	22	0	0	0	0	0
void flash_attn_tile<40, 40, 8, 4, false>(char const*, char const*, char const*, char const*, char const*, int const*, float*, HIP_vector_type<float, 2u>*, float, float, float, float, unsigned int, float, int, HIP_vector_type<unsigned int, 3u>, int, int, int, int, int, int, int, int, int, int, int, long, int, int, long, int, int, int, int, int, long)	68	0	0	0	7776	0
void flash_attn_stream_k_fixup_uniform<40, 8, 4>(float*, HIP_vector_type<float, 2u> const*, int, int, int, int, int, int, HIP_vector_type<unsigned int, 3u>, HIP_vector_type<unsigned int, 3u>, HIP_vector_type<unsigned int, 3u>)	17	0	0	0	0	0
void flash_attn_stream_k_fixup_general<40, 8, 4>(float*, HIP_vector_type<float, 2u> const*, int, int, int, int, HIP_vector_type<unsigned int, 3u>, HIP_vector_type<unsigned int, 3u>, HIP_vector_type<unsigned int, 3u>, HIP_vector_type<unsigned int, 3u>)	22	0	0	0	0	0
void flash_attn_tile<40, 40, 4, 4, false>(char const*, char const*, char const*, char const*, char const*, int const*, float*, HIP_vector_type<float, 2u>*, float, float, float, float, unsigned int, float, int, HIP_vector_type<unsigned int, 3u>, int, int, int, int, int, int, int, int, int, int, int, long, int, int, long, int, int, int, int, int, long)	63	0	0	0	5472	0
void flash_attn_stream_k_fixup_uniform<40, 4, 4>(float*, HIP_vector_type<float, 2u> const*, int, int, int, int, int, int, HIP_vector_type<unsigned int, 3u>, HIP_vector_type<unsigned int, 3u>, HIP_vector_type<unsigned int, 3u>)	17	0	0	0	0	0
void flash_attn_stream_k_fixup_general<40, 4, 4>(float*, HIP_vector_type<float, 2u> const*, int, int, int, int, HIP_vector_type<unsigned int, 3u>, HIP_vector_type<unsigned int, 3u>, HIP_vector_type<unsigned int, 3u>, HIP_vector_type<unsigned int, 3u>)	22	0	0	0	0	0
void flash_attn_tile<40, 40, 2, 4, false>(char const*, char const*, char const*, char const*, char const*, int const*, float*, HIP_vector_type<float, 2u>*, float, float, float, float, unsigned int, float, int, HIP_vector_type<unsigned int, 3u>, int, int, int, int, int, int, int, int, int, int, int, long, int, int, long, int, int, int, int, int, long)	58	0	0	0	4320	0
void flash_attn_stream_k_fixup_uniform<40, 2, 4>(float*, HIP_vector_type<float, 2u> const*, int, int, int, int, int, int, HIP_vector_type<unsigned int, 3u>, HIP_vector_type<unsigned int, 3u>, HIP_vector_type<unsigned int, 3u>)	17	0	0	0	0	0
void flash_attn_stream_k_fixup_general<40, 2, 4>(float*, HIP_vector_type<float, 2u> const*, int, int, int, int, HIP_vector_type<unsigned int, 3u>, HIP_vector_type<unsigned int, 3u>, HIP_vector_type<unsigned int, 3u>, HIP_vector_type<unsigned int, 3u>)	22	0	0	0	0	0
void flash_attn_tile<40, 40, 1, 4, false>(char const*, char const*, char const*, char const*, char const*, int const*, float*, HIP_vector_type<float, 2u>*, float, float, float, float, unsigned int, float, int, HIP_vector_type<unsigned int, 3u>, int, int, int, int, int, int, int, int, int, int, int, long, int, int, long, int, int, int, int, int, long)	85	0	0	0	3744	0
void flash_attn_stream_k_fixup_uniform<40, 1, 4>(float*, HIP_vector_type<float, 2u> const*, int, int, int, int, int, int, HIP_vector_type<unsigned int, 3u>, HIP_vector_type<unsigned int, 3u>, HIP_vector_type<unsigned int, 3u>)	17	0	0	0	0	0
void flash_attn_stream_k_fixup_general<40, 1, 4>(float*, HIP_vector_type<float, 2u> const*, int, int, int, int, HIP_vector_type<unsigned int, 3u>, HIP_vector_type<unsigned int, 3u>, HIP_vector_type<unsigned int, 3u>, HIP_vector_type<unsigned int, 3u>)	22	0	0	0	0	0
void flash_attn_tile<40, 40, 32, 2, false>(char const*, char const*, char const*, char const*, char const*, int const*, float*, HIP_vector_type<float, 2u>*, float, float, float, float, unsigned int, float, int, HIP_vector_type<unsigned int, 3u>, int, int, int, int, int, int, int, int, int, int, int, long, int, int, long, int, int, int, int, int, long)	112	0	0	0	12384	0
void flash_attn_mask_to_KV_max<32>(__half2 const*, int*, int, long, long)	14	0	0	48	128	0
void flash_attn_stream_k_fixup_uniform<40, 32, 2>(float*, HIP_vector_type<float, 2u> const*, int, int, int, int, int, int, HIP_vector_type<unsigned int, 3u>, HIP_vector_type<unsigned int, 3u>, HIP_vector_type<unsigned int, 3u>)	17	0	0	0	0	0
void flash_attn_stream_k_fixup_general<40, 32, 2>(float*, HIP_vector_type<float, 2u> const*, int, int, int, int, HIP_vector_type<unsigned int, 3u>, HIP_vector_type<unsigned int, 3u>, HIP_vector_type<unsigned int, 3u>, HIP_vector_type<unsigned int, 3u>)	22	0	0	0	0	0
void flash_attn_tile<40, 40, 16, 2, false>(char const*, char const*, char const*, char const*, char const*, int const*, float*, HIP_vector_type<float, 2u>*, float, float, float, float, unsigned int, float, int, HIP_vector_type<unsigned int, 3u>, int, int, int, int, int, int, int, int, int, int, int, long, int, int, long, int, int, int, int, int, long)	71	0	0	0	7776	0
void flash_attn_stream_k_fixup_uniform<40, 16, 2>(float*, HIP_vector_type<float, 2u> const*, int, int, int, int, int, int, HIP_vector_type<unsigned int, 3u>, HIP_vector_type<unsigned int, 3u>, HIP_vector_type<unsigned int, 3u>)	17	0	0	0	0	0
void flash_attn_stream_k_fixup_general<40, 16, 2>(float*, HIP_vector_type<float, 2u> const*, int, int, int, int, HIP_vector_type<unsigned int, 3u>, HIP_vector_type<unsigned int, 3u>, HIP_vector_type<unsigned int, 3u>, HIP_vector_type<unsigned int, 3u>)	22	0	0	0	0	0
void flash_attn_tile<40, 40, 8, 2, false>(char const*, char const*, char const*, char const*, char const*, int const*, float*, HIP_vector_type<float, 2u>*, float, float, float, float, unsigned int, float, int, HIP_vector_type<unsigned int, 3u>, int, int, int, int, int, int, int, int, int, int, int, long, int, int, long, int, int, int, int, int, long)	61	0	0	0	5472	0
void flash_attn_stream_k_fixup_uniform<40, 8, 2>(float*, HIP_vector_type<float, 2u> const*, int, int, int, int, int, int, HIP_vector_type<unsigned int, 3u>, HIP_vector_type<unsigned int, 3u>, HIP_vector_type<unsigned int, 3u>)	17	0	0	0	0	0
void flash_attn_stream_k_fixup_general<40, 8, 2>(float*, HIP_vector_type<float, 2u> const*, int, int, int, int, HIP_vector_type<unsigned int, 3u>, HIP_vector_type<unsigned int, 3u>, HIP_vector_type<unsigned int, 3u>, HIP_vector_type<unsigned int, 3u>)	22	0	0	0	0	0
void flash_attn_tile<40, 40, 4, 2, false>(char const*, char const*, char const*, char const*, char const*, int const*, float*, HIP_vector_type<float, 2u>*, float, float, float, float, unsigned int, float, int, HIP_vector_type<unsigned int, 3u>, int, int, int, int, int, int, int, int, int, int, int, long, int, int, long, int, int, int, int, int, long)	58	0	0	0	4320	0
void flash_attn_stream_k_fixup_uniform<40, 4, 2>(float*, HIP_vector_type<float, 2u> const*, int, int, int, int, int, int, HIP_vector_type<unsigned int, 3u>, HIP_vector_type<unsigned int, 3u>, HIP_vector_type<unsigned int, 3u>)	17	0	0	0	0	0
void flash_attn_stream_k_fixup_general<40, 4, 2>(float*, HIP_vector_type<float, 2u> const*, int, int, int, int, HIP_vector_type<unsigned int, 3u>, HIP_vector_type<unsigned int, 3u>, HIP_vector_type<unsigned int, 3u>, HIP_vector_type<unsigned int, 3u>)	22	0	0	0	0	0
void flash_attn_tile<40, 40, 2, 2, false>(char const*, char const*, char const*, char const*, char const*, int const*, float*, HIP_vector_type<float, 2u>*, float, float, float, float, unsigned int, float, int, HIP_vector_type<unsigned int, 3u>, int, int, int, int, int, int, int, int, int, int, int, long, int, int, long, int, int, int, int, int, long)	85	0	0	0	3744	0
void flash_attn_stream_k_fixup_uniform<40, 2, 2>(float*, HIP_vector_type<float, 2u> const*, int, int, int, int, int, int, HIP_vector_type<unsigned int, 3u>, HIP_vector_type<unsigned int, 3u>, HIP_vector_type<unsigned int, 3u>)	17	0	0	0	0	0
void flash_attn_stream_k_fixup_general<40, 2, 2>(float*, HIP_vector_type<float, 2u> const*, int, int, int, int, HIP_vector_type<unsigned int, 3u>, HIP_vector_type<unsigned int, 3u>, HIP_vector_type<unsigned int, 3u>, HIP_vector_type<unsigned int, 3u>)	22	0	0	0	0	0
void flash_attn_tile<40, 40, 1, 2, false>(char const*, char const*, char const*, char const*, char const*, int const*, float*, HIP_vector_type<float, 2u>*, float, float, float, float, unsigned int, float, int, HIP_vector_type<unsigned int, 3u>, int, int, int, int, int, int, int, int, int, int, int, long, int, int, long, int, int, int, int, int, long)	91	0	0	0	3456	0
void flash_attn_stream_k_fixup_uniform<40, 1, 2>(float*, HIP_vector_type<float, 2u> const*, int, int, int, int, int, int, HIP_vector_type<unsigned int, 3u>, HIP_vector_type<unsigned int, 3u>, HIP_vector_type<unsigned int, 3u>)	17	0	0	0	0	0
void flash_attn_stream_k_fixup_general<40, 1, 2>(float*, HIP_vector_type<float, 2u> const*, int, int, int, int, HIP_vector_type<unsigned int, 3u>, HIP_vector_type<unsigned int, 3u>, HIP_vector_type<unsigned int, 3u>, HIP_vector_type<unsigned int, 3u>)	22	0	0	0	0	0
void flash_attn_tile<40, 40, 64, 1, false>(char const*, char const*, char const*, char const*, char const*, int const*, float*, HIP_vector_type<float, 2u>*, float, float, float, float, unsigned int, float, int, HIP_vector_type<unsigned int, 3u>, int, int, int, int, int, int, int, int, int, int, int, long, int, int, long, int, int, int, int, int, long)	122	0	0	0	12384	32
void flash_attn_mask_to_KV_max<64>(__half2 const*, int*, int, long, long)	16	0	0	176	128	0
void flash_attn_stream_k_fixup_uniform<40, 64, 1>(float*, HIP_vector_type<float, 2u> const*, int, int, int, int, int, int, HIP_vector_type<unsigned int, 3u>, HIP_vector_type<unsigned int, 3u>, HIP_vector_type<unsigned int, 3u>)	17	0	0	0	0	0
void flash_attn_stream_k_fixup_general<40, 64, 1>(float*, HIP_vector_type<float, 2u> const*, int, int, int, int, HIP_vector_type<unsigned int, 3u>, HIP_vector_type<unsigned int, 3u>, HIP_vector_type<unsigned int, 3u>, HIP_vector_type<unsigned int, 3u>)	22	0	0	0	0	0
void flash_attn_tile<40, 40, 32, 1, false>(char const*, char const*, char const*, char const*, char const*, int const*, float*, HIP_vector_type<float, 2u>*, float, float, float, float, unsigned int, float, int, HIP_vector_type<unsigned int, 3u>, int, int, int, int, int, int, int, int, int, int, int, long, int, int, long, int, int, int, int, int, long)	78	0	0	0	7776	32
void flash_attn_stream_k_fixup_uniform<40, 32, 1>(float*, HIP_vector_type<float, 2u> const*, int, int, int, int, int, int, HIP_vector_type<unsigned int, 3u>, HIP_vector_type<unsigned int, 3u>, HIP_vector_type<unsigned int, 3u>)	17	0	0	0	0	0
void flash_attn_stream_k_fixup_general<40, 32, 1>(float*, HIP_vector_type<float, 2u> const*, int, int, int, int, HIP_vector_type<unsigned int, 3u>, HIP_vector_type<unsigned int, 3u>, HIP_vector_type<unsigned int, 3u>, HIP_vector_type<unsigned int, 3u>)	22	0	0	0	0	0
void flash_attn_tile<40, 40, 16, 1, false>(char const*, char const*, char const*, char const*, char const*, int const*, float*, HIP_vector_type<float, 2u>*, float, float, float, float, unsigned int, float, int, HIP_vector_type<unsigned int, 3u>, int, int, int, int, int, int, int, int, int, int, int, long, int, int, long, int, int, int, int, int, long)	67	0	0	0	5472	32
void flash_attn_stream_k_fixup_uniform<40, 16, 1>(float*, HIP_vector_type<float, 2u> const*, int, int, int, int, int, int, HIP_vector_type<unsigned int, 3u>, HIP_vector_type<unsigned int, 3u>, HIP_vector_type<unsigned int, 3u>)	17	0	0	0	0	0
void flash_attn_stream_k_fixup_general<40, 16, 1>(float*, HIP_vector_type<float, 2u> const*, int, int, int, int, HIP_vector_type<unsigned int, 3u>, HIP_vector_type<unsigned int, 3u>, HIP_vector_type<unsigned int, 3u>, HIP_vector_type<unsigned int, 3u>)	22	0	0	0	0	0
void flash_attn_tile<40, 40, 8, 1, false>(char const*, char const*, char const*, char const*, char const*, int const*, float*, HIP_vector_type<float, 2u>*, float, float, float, float, unsigned int, float, int, HIP_vector_type<unsigned int, 3u>, int, int, int, int, int, int, int, int, int, int, int, long, int, int, long, int, int, int, int, int, long)	54	0	0	0	4320	32
void flash_attn_stream_k_fixup_uniform<40, 8, 1>(float*, HIP_vector_type<float, 2u> const*, int, int, int, int, int, int, HIP_vector_type<unsigned int, 3u>, HIP_vector_type<unsigned int, 3u>, HIP_vector_type<unsigned int, 3u>)	17	0	0	0	0	0
void flash_attn_stream_k_fixup_general<40, 8, 1>(float*, HIP_vector_type<float, 2u> const*, int, int, int, int, HIP_vector_type<unsigned int, 3u>, HIP_vector_type<unsigned int, 3u>, HIP_vector_type<unsigned int, 3u>, HIP_vector_type<unsigned int, 3u>)	22	0	0	0	0	0
void flash_attn_tile<40, 40, 4, 1, false>(char const*, char const*, char const*, char const*, char const*, int const*, float*, HIP_vector_type<float, 2u>*, float, float, float, float, unsigned int, float, int, HIP_vector_type<unsigned int, 3u>, int, int, int, int, int, int, int, int, int, int, int, long, int, int, long, int, int, int, int, int, long)	83	0	0	0	3744	32
void flash_attn_stream_k_fixup_uniform<40, 4, 1>(float*, HIP_vector_type<float, 2u> const*, int, int, int, int, int, int, HIP_vector_type<unsigned int, 3u>, HIP_vector_type<unsigned int, 3u>, HIP_vector_type<unsigned int, 3u>)	17	0	0	0	0	0
void flash_attn_stream_k_fixup_general<40, 4, 1>(float*, HIP_vector_type<float, 2u> const*, int, int, int, int, HIP_vector_type<unsigned int, 3u>, HIP_vector_type<unsigned int, 3u>, HIP_vector_type<unsigned int, 3u>, HIP_vector_type<unsigned int, 3u>)	22	0	0	0	0	0
void flash_attn_tile<40, 40, 2, 1, false>(char const*, char const*, char const*, char const*, char const*, int const*, float*, HIP_vector_type<float, 2u>*, float, float, float, float, unsigned int, float, int, HIP_vector_type<unsigned int, 3u>, int, int, int, int, int, int, int, int, int, int, int, long, int, int, long, int, int, int, int, int, long)	89	0	0	0	3456	32
void flash_attn_stream_k_fixup_uniform<40, 2, 1>(float*, HIP_vector_type<float, 2u> const*, int, int, int, int, int, int, HIP_vector_type<unsigned int, 3u>, HIP_vector_type<unsigned int, 3u>, HIP_vector_type<unsigned int, 3u>)	17	0	0	0	0	0
void flash_attn_stream_k_fixup_general<40, 2, 1>(float*, HIP_vector_type<float, 2u> const*, int, int, int, int, HIP_vector_type<unsigned int, 3u>, HIP_vector_type<unsigned int, 3u>, HIP_vector_type<unsigned int, 3u>, HIP_vector_type<unsigned int, 3u>)	22	0	0	0	0	0
void flash_attn_tile<40, 40, 8, 8, true>(char const*, char const*, char const*, char const*, char const*, int const*, float*, HIP_vector_type<float, 2u>*, float, float, float, float, unsigned int, float, int, HIP_vector_type<unsigned int, 3u>, int, int, int, int, int, int, int, int, int, int, int, long, int, int, long, int, int, int, int, int, long)	37	0	0	0	0	16
void flash_attn_tile<40, 40, 4, 8, true>(char const*, char const*, char const*, char const*, char const*, int const*, float*, HIP_vector_type<float, 2u>*, float, float, float, float, unsigned int, float, int, HIP_vector_type<unsigned int, 3u>, int, int, int, int, int, int, int, int, int, int, int, long, int, int, long, int, int, int, int, int, long)	37	0	0	0	0	16
void flash_attn_tile<40, 40, 2, 8, true>(char const*, char const*, char const*, char const*, char const*, int const*, float*, HIP_vector_type<float, 2u>*, float, float, float, float, unsigned int, float, int, HIP_vector_type<unsigned int, 3u>, int, int, int, int, int, int, int, int, int, int, int, long, int, int, long, int, int, int, int, int, long)	37	0	0	0	0	16
void flash_attn_tile<40, 40, 1, 8, true>(char const*, char const*, char const*, char const*, char const*, int const*, float*, HIP_vector_type<float, 2u>*, float, float, float, float, unsigned int, float, int, HIP_vector_type<unsigned int, 3u>, int, int, int, int, int, int, int, int, int, int, int, long, int, int, long, int, int, int, int, int, long)	37	0	0	0	0	16
void flash_attn_tile<40, 40, 16, 4, true>(char const*, char const*, char const*, char const*, char const*, int const*, float*, HIP_vector_type<float, 2u>*, float, float, float, float, unsigned int, float, int, HIP_vector_type<unsigned int, 3u>, int, int, int, int, int, int, int, int, int, int, int, long, int, int, long, int, int, int, int, int, long)	37	0	0	0	0	16
void flash_attn_tile<40, 40, 8, 4, true>(char const*, char const*, char const*, char const*, char const*, int const*, float*, HIP_vector_type<float, 2u>*, float, float, float, float, unsigned int, float, int, HIP_vector_type<unsigned int, 3u>, int, int, int, int, int, int, int, int, int, int, int, long, int, int, long, int, int, int, int, int, long)	37	0	0	0	0	16
void flash_attn_tile<40, 40, 4, 4, true>(char const*, char const*, char const*, char const*, char const*, int const*, float*, HIP_vector_type<float, 2u>*, float, float, float, float, unsigned int, float, int, HIP_vector_type<unsigned int, 3u>, int, int, int, int, int, int, int, int, int, int, int, long, int, int, long, int, int, int, int, int, long)	37	0	0	0	0	16
void flash_attn_tile<40, 40, 2, 4, true>(char const*, char const*, char const*, char const*, char const*, int const*, float*, HIP_vector_type<float, 2u>*, float, float, float, float, unsigned int, float, int, HIP_vector_type<unsigned int, 3u>, int, int, int, int, int, int, int, int, int, int, int, long, int, int, long, int, int, int, int, int, long)	37	0	0	0	0	16
void flash_attn_tile<40, 40, 1, 4, true>(char const*, char const*, char const*, char const*, char const*, int const*, float*, HIP_vector_type<float, 2u>*, float, float, float, float, unsigned int, float, int, HIP_vector_type<unsigned int, 3u>, int, int, int, int, int, int, int, int, int, int, int, long, int, int, long, int, int, int, int, int, long)	37	0	0	0	0	16
void flash_attn_tile<40, 40, 32, 2, true>(char const*, char const*, char const*, char const*, char const*, int const*, float*, HIP_vector_type<float, 2u>*, float, float, float, float, unsigned int, float, int, HIP_vector_type<unsigned int, 3u>, int, int, int, int, int, int, int, int, int, int, int, long, int, int, long, int, int, int, int, int, long)	37	0	0	0	0	16
void flash_attn_tile<40, 40, 16, 2, true>(char const*, char const*, char const*, char const*, char const*, int const*, float*, HIP_vector_type<float, 2u>*, float, float, float, float, unsigned int, float, int, HIP_vector_type<unsigned int, 3u>, int, int, int, int, int, int, int, int, int, int, int, long, int, int, long, int, int, int, int, int, long)	37	0	0	0	0	16
void flash_attn_tile<40, 40, 8, 2, true>(char const*, char const*, char const*, char const*, char const*, int const*, float*, HIP_vector_type<float, 2u>*, float, float, float, float, unsigned int, float, int, HIP_vector_type<unsigned int, 3u>, int, int, int, int, int, int, int, int, int, int, int, long, int, int, long, int, int, int, int, int, long)	37	0	0	0	0	16
void flash_attn_tile<40, 40, 4, 2, true>(char const*, char const*, char const*, char const*, char const*, int const*, float*, HIP_vector_type<float, 2u>*, float, float, float, float, unsigned int, float, int, HIP_vector_type<unsigned int, 3u>, int, int, int, int, int, int, int, int, int, int, int, long, int, int, long, int, int, int, int, int, long)	37	0	0	0	0	16
void flash_attn_tile<40, 40, 2, 2, true>(char const*, char const*, char const*, char const*, char const*, int const*, float*, HIP_vector_type<float, 2u>*, float, float, float, float, unsigned int, float, int, HIP_vector_type<unsigned int, 3u>, int, int, int, int, int, int, int, int, int, int, int, long, int, int, long, int, int, int, int, int, long)	37	0	0	0	0	16
void flash_attn_tile<40, 40, 1, 2, true>(char const*, char const*, char const*, char const*, char const*, int const*, float*, HIP_vector_type<float, 2u>*, float, float, float, float, unsigned int, float, int, HIP_vector_type<unsigned int, 3u>, int, int, int, int, int, int, int, int, int, int, int, long, int, int, long, int, int, int, int, int, long)	37	0	0	0	0	16
void flash_attn_tile<40, 40, 64, 1, true>(char const*, char const*, char const*, char const*, char const*, int const*, float*, HIP_vector_type<float, 2u>*, float, float, float, float, unsigned int, float, int, HIP_vector_type<unsigned int, 3u>, int, int, int, int, int, int, int, int, int, int, int, long, int, int, long, int, int, int, int, int, long)	37	0	0	0	0	16
void flash_attn_tile<40, 40, 32, 1, true>(char const*, char const*, char const*, char const*, char const*, int const*, float*, HIP_vector_type<float, 2u>*, float, float, float, float, unsigned int, float, int, HIP_vector_type<unsigned int, 3u>, int, int, int, int, int, int, int, int, int, int, int, long, int, int, long, int, int, int, int, int, long)	37	0	0	0	0	16
void flash_attn_tile<40, 40, 16, 1, true>(char const*, char const*, char const*, char const*, char const*, int const*, float*, HIP_vector_type<float, 2u>*, float, float, float, float, unsigned int, float, int, HIP_vector_type<unsigned int, 3u>, int, int, int, int, int, int, int, int, int, int, int, long, int, int, long, int, int, int, int, int, long)	37	0	0	0	0	16
void flash_attn_tile<40, 40, 8, 1, true>(char const*, char const*, char const*, char const*, char const*, int const*, float*, HIP_vector_type<float, 2u>*, float, float, float, float, unsigned int, float, int, HIP_vector_type<unsigned int, 3u>, int, int, int, int, int, int, int, int, int, int, int, long, int, int, long, int, int, int, int, int, long)	37	0	0	0	0	16
void flash_attn_tile<40, 40, 4, 1, true>(char const*, char const*, char const*, char const*, char const*, int const*, float*, HIP_vector_type<float, 2u>*, float, float, float, float, unsigned int, float, int, HIP_vector_type<unsigned int, 3u>, int, int, int, int, int, int, int, int, int, int, int, long, int, int, long, int, int, int, int, int, long)	37	0	0	0	0	16
void flash_attn_tile<40, 40, 2, 1, true>(char const*, char const*, char const*, char const*, char const*, int const*, float*, HIP_vector_type<float, 2u>*, float, float, float, float, unsigned int, float, int, HIP_vector_type<unsigned int, 3u>, int, int, int, int, int, int, int, int, int, int, int, long, int, int, long, int, int, int, int, int, long)	37	0	0	0	0	16
void flash_attn_tile<512, 512, 4, 8, false>(char const*, char const*, char const*, char const*, char const*, int const*, float*, HIP_vector_type<float, 2u>*, float, float, float, float, unsigned int, float, int, HIP_vector_type<unsigned int, 3u>, int, int, int, int, int, int, int, int, int, int, int, long, int, int, long, int, int, int, int, int, long)	250	0	0	0	59392	0
void flash_attn_mask_to_KV_max<4>(__half2 const*, int*, int, long, long)	18	0	0	0	128	0
void flash_attn_stream_k_fixup_uniform<512, 4, 8>(float*, HIP_vector_type<float, 2u> const*, int, int, int, int, int, int, HIP_vector_type<unsigned int, 3u>, HIP_vector_type<unsigned int, 3u>, HIP_vector_type<unsigned int, 3u>)	17	0	0	0	0	0
void flash_attn_stream_k_fixup_general<512, 4, 8>(float*, HIP_vector_type<float, 2u> const*, int, int, int, int, HIP_vector_type<unsigned int, 3u>, HIP_vector_type<unsigned int, 3u>, HIP_vector_type<unsigned int, 3u>, HIP_vector_type<unsigned int, 3u>)	22	0	0	0	0	0
void flash_attn_combine_results<512>(float const*, HIP_vector_type<float, 2u> const*, float*, int)	51	0	0	0	0	0
void flash_attn_tile<512, 512, 2, 8, false>(char const*, char const*, char const*, char const*, char const*, int const*, float*, HIP_vector_type<float, 2u>*, float, float, float, float, unsigned int, float, int, HIP_vector_type<unsigned int, 3u>, int, int, int, int, int, int, int, int, int, int, int, long, int, int, long, int, int, int, int, int, long)	250	0	0	0	27648	0
void flash_attn_mask_to_KV_max<2>(__half2 const*, int*, int, long, long)	18	0	0	0	128	0
void flash_attn_stream_k_fixup_uniform<512, 2, 8>(float*, HIP_vector_type<float, 2u> const*, int, int, int, int, int, int, HIP_vector_type<unsigned int, 3u>, HIP_vector_type<unsigned int, 3u>, HIP_vector_type<unsigned int, 3u>)	17	0	0	0	0	0
void flash_attn_stream_k_fixup_general<512, 2, 8>(float*, HIP_vector_type<float, 2u> const*, int, int, int, int, HIP_vector_type<unsigned int, 3u>, HIP_vector_type<unsigned int, 3u>, HIP_vector_type<unsigned int, 3u>, HIP_vector_type<unsigned int, 3u>)	22	0	0	0	0	0
void flash_attn_tile<512, 512, 1, 8, false>(char const*, char const*, char const*, char const*, char const*, int const*, float*, HIP_vector_type<float, 2u>*, float, float, float, float, unsigned int, float, int, HIP_vector_type<unsigned int, 3u>, int, int, int, int, int, int, int, int, int, int, int, long, int, int, long, int, int, int, int, int, long)	146	0	0	0	18432	0
void flash_attn_mask_to_KV_max<1>(__half2 const*, int*, int, long, long)	18	0	0	0	128	0
void flash_attn_stream_k_fixup_uniform<512, 1, 8>(float*, HIP_vector_type<float, 2u> const*, int, int, int, int, int, int, HIP_vector_type<unsigned int, 3u>, HIP_vector_type<unsigned int, 3u>, HIP_vector_type<unsigned int, 3u>)	17	0	0	0	0	0
void flash_attn_stream_k_fixup_general<512, 1, 8>(float*, HIP_vector_type<float, 2u> const*, int, int, int, int, HIP_vector_type<unsigned int, 3u>, HIP_vector_type<unsigned int, 3u>, HIP_vector_type<unsigned int, 3u>, HIP_vector_type<unsigned int, 3u>)	22	0	0	0	0	0
void flash_attn_tile<512, 512, 8, 4, false>(char const*, char const*, char const*, char const*, char const*, int const*, float*, HIP_vector_type<float, 2u>*, float, float, float, float, unsigned int, float, int, HIP_vector_type<unsigned int, 3u>, int, int, int, int, int, int, int, int, int, int, int, long, int, int, long, int, int, int, int, int, long)	250	0	0	0	59392	0
void flash_attn_mask_to_KV_max<8>(__half2 const*, int*, int, long, long)	18	0	0	0	128	0
void flash_attn_stream_k_fixup_uniform<512, 8, 4>(float*, HIP_vector_type<float, 2u> const*, int, int, int, int, int, int, HIP_vector_type<unsigned int, 3u>, HIP_vector_type<unsigned int, 3u>, HIP_vector_type<unsigned int, 3u>)	17	0	0	0	0	0
void flash_attn_stream_k_fixup_general<512, 8, 4>(float*, HIP_vector_type<float, 2u> const*, int, int, int, int, HIP_vector_type<unsigned int, 3u>, HIP_vector_type<unsigned int, 3u>, HIP_vector_type<unsigned int, 3u>, HIP_vector_type<unsigned int, 3u>)	22	0	0	0	0	0
void flash_attn_tile<512, 512, 4, 4, false>(char const*, char const*, char const*, char const*, char const*, int const*, float*, HIP_vector_type<float, 2u>*, float, float, float, float, unsigned int, float, int, HIP_vector_type<unsigned int, 3u>, int, int, int, int, int, int, int, int, int, int, int, long, int, int, long, int, int, int, int, int, long)	250	0	0	0	27648	0
void flash_attn_stream_k_fixup_uniform<512, 4, 4>(float*, HIP_vector_type<float, 2u> const*, int, int, int, int, int, int, HIP_vector_type<unsigned int, 3u>, HIP_vector_type<unsigned int, 3u>, HIP_vector_type<unsigned int, 3u>)	17	0	0	0	0	0
void flash_attn_stream_k_fixup_general<512, 4, 4>(float*, HIP_vector_type<float, 2u> const*, int, int, int, int, HIP_vector_type<unsigned int, 3u>, HIP_vector_type<unsigned int, 3u>, HIP_vector_type<unsigned int, 3u>, HIP_vector_type<unsigned int, 3u>)	22	0	0	0	0	0
void flash_attn_tile<512, 512, 2, 4, false>(char const*, char const*, char const*, char const*, char const*, int const*, float*, HIP_vector_type<float, 2u>*, float, float, float, float, unsigned int, float, int, HIP_vector_type<unsigned int, 3u>, int, int, int, int, int, int, int, int, int, int, int, long, int, int, long, int, int, int, int, int, long)	146	0	0	0	18432	0
void flash_attn_stream_k_fixup_uniform<512, 2, 4>(float*, HIP_vector_type<float, 2u> const*, int, int, int, int, int, int, HIP_vector_type<unsigned int, 3u>, HIP_vector_type<unsigned int, 3u>, HIP_vector_type<unsigned int, 3u>)	17	0	0	0	0	0
void flash_attn_stream_k_fixup_general<512, 2, 4>(float*, HIP_vector_type<float, 2u> const*, int, int, int, int, HIP_vector_type<unsigned int, 3u>, HIP_vector_type<unsigned int, 3u>, HIP_vector_type<unsigned int, 3u>, HIP_vector_type<unsigned int, 3u>)	22	0	0	0	0	0
void flash_attn_tile<512, 512, 1, 4, false>(char const*, char const*, char const*, char const*, char const*, int const*, float*, HIP_vector_type<float, 2u>*, float, float, float, float, unsigned int, float, int, HIP_vector_type<unsigned int, 3u>, int, int, int, int, int, int, int, int, int, int, int, long, int, int, long, int, int, int, int, int, long)	176	0	0	0	13824	0
void flash_attn_stream_k_fixup_uniform<512, 1, 4>(float*, HIP_vector_type<float, 2u> const*, int, int, int, int, int, int, HIP_vector_type<unsigned int, 3u>, HIP_vector_type<unsigned int, 3u>, HIP_vector_type<unsigned int, 3u>)	17	0	0	0	0	0
void flash_attn_stream_k_fixup_general<512, 1, 4>(float*, HIP_vector_type<float, 2u> const*, int, int, int, int, HIP_vector_type<unsigned int, 3u>, HIP_vector_type<unsigned int, 3u>, HIP_vector_type<unsigned int, 3u>, HIP_vector_type<unsigned int, 3u>)	22	0	0	0	0	0
void flash_attn_tile<512, 512, 16, 2, false>(char const*, char const*, char const*, char const*, char const*, int const*, float*, HIP_vector_type<float, 2u>*, float, float, float, float, unsigned int, float, int, HIP_vector_type<unsigned int, 3u>, int, int, int, int, int, int, int, int, int, int, int, long, int, int, long, int, int, int, int, int, long)	248	0	0	0	59392	0
void flash_attn_mask_to_KV_max<16>(__half2 const*, int*, int, long, long)	13	0	0	0	128	0
void flash_attn_stream_k_fixup_uniform<512, 16, 2>(float*, HIP_vector_type<float, 2u> const*, int, int, int, int, int, int, HIP_vector_type<unsigned int, 3u>, HIP_vector_type<unsigned int, 3u>, HIP_vector_type<unsigned int, 3u>)	17	0	0	0	0	0
void flash_attn_stream_k_fixup_general<512, 16, 2>(float*, HIP_vector_type<float, 2u> const*, int, int, int, int, HIP_vector_type<unsigned int, 3u>, HIP_vector_type<unsigned int, 3u>, HIP_vector_type<unsigned int, 3u>, HIP_vector_type<unsigned int, 3u>)	22	0	0	0	0	0
void flash_attn_tile<512, 512, 8, 2, false>(char const*, char const*, char const*, char const*, char const*, int const*, float*, HIP_vector_type<float, 2u>*, float, float, float, float, unsigned int, float, int, HIP_vector_type<unsigned int, 3u>, int, int, int, int, int, int, int, int, int, int, int, long, int, int, long, int, int, int, int, int, long)	248	0	0	0	27648	0
void flash_attn_stream_k_fixup_uniform<512, 8, 2>(float*, HIP_vector_type<float, 2u> const*, int, int, int, int, int, int, HIP_vector_type<unsigned int, 3u>, HIP_vector_type<unsigned int, 3u>, HIP_vector_type<unsigned int, 3u>)	17	0	0	0	0	0
void flash_attn_stream_k_fixup_general<512, 8, 2>(float*, HIP_vector_type<float, 2u> const*, int, int, int, int, HIP_vector_type<unsigned int, 3u>, HIP_vector_type<unsigned int, 3u>, HIP_vector_type<unsigned int, 3u>, HIP_vector_type<unsigned int, 3u>)	22	0	0	0	0	0
void flash_attn_tile<512, 512, 4, 2, false>(char const*, char const*, char const*, char const*, char const*, int const*, float*, HIP_vector_type<float, 2u>*, float, float, float, float, unsigned int, float, int, HIP_vector_type<unsigned int, 3u>, int, int, int, int, int, int, int, int, int, int, int, long, int, int, long, int, int, int, int, int, long)	146	0	0	0	18432	0
void flash_attn_stream_k_fixup_uniform<512, 4, 2>(float*, HIP_vector_type<float, 2u> const*, int, int, int, int, int, int, HIP_vector_type<unsigned int, 3u>, HIP_vector_type<unsigned int, 3u>, HIP_vector_type<unsigned int, 3u>)	17	0	0	0	0	0
void flash_attn_stream_k_fixup_general<512, 4, 2>(float*, HIP_vector_type<float, 2u> const*, int, int, int, int, HIP_vector_type<unsigned int, 3u>, HIP_vector_type<unsigned int, 3u>, HIP_vector_type<unsigned int, 3u>, HIP_vector_type<unsigned int, 3u>)	22	0	0	0	0	0
void flash_attn_tile<512, 512, 2, 2, false>(char const*, char const*, char const*, char const*, char const*, int const*, float*, HIP_vector_type<float, 2u>*, float, float, float, float, unsigned int, float, int, HIP_vector_type<unsigned int, 3u>, int, int, int, int, int, int, int, int, int, int, int, long, int, int, long, int, int, int, int, int, long)	176	0	0	0	13824	0
void flash_attn_stream_k_fixup_uniform<512, 2, 2>(float*, HIP_vector_type<float, 2u> const*, int, int, int, int, int, int, HIP_vector_type<unsigned int, 3u>, HIP_vector_type<unsigned int, 3u>, HIP_vector_type<unsigned int, 3u>)	17	0	0	0	0	0
void flash_attn_stream_k_fixup_general<512, 2, 2>(float*, HIP_vector_type<float, 2u> const*, int, int, int, int, HIP_vector_type<unsigned int, 3u>, HIP_vector_type<unsigned int, 3u>, HIP_vector_type<unsigned int, 3u>, HIP_vector_type<unsigned int, 3u>)	22	0	0	0	0	0
void flash_attn_tile<512, 512, 1, 2, false>(char const*, char const*, char const*, char const*, char const*, int const*, float*, HIP_vector_type<float, 2u>*, float, float, float, float, unsigned int, float, int, HIP_vector_type<unsigned int, 3u>, int, int, int, int, int, int, int, int, int, int, int, long, int, int, long, int, int, int, int, int, long)	96	0	0	0	11520	0
void flash_attn_stream_k_fixup_uniform<512, 1, 2>(float*, HIP_vector_type<float, 2u> const*, int, int, int, int, int, int, HIP_vector_type<unsigned int, 3u>, HIP_vector_type<unsigned int, 3u>, HIP_vector_type<unsigned int, 3u>)	17	0	0	0	0	0
void flash_attn_stream_k_fixup_general<512, 1, 2>(float*, HIP_vector_type<float, 2u> const*, int, int, int, int, HIP_vector_type<unsigned int, 3u>, HIP_vector_type<unsigned int, 3u>, HIP_vector_type<unsigned int, 3u>, HIP_vector_type<unsigned int, 3u>)	22	0	0	0	0	0
void flash_attn_tile<512, 512, 4, 8, true>(char const*, char const*, char const*, char const*, char const*, int const*, float*, HIP_vector_type<float, 2u>*, float, float, float, float, unsigned int, float, int, HIP_vector_type<unsigned int, 3u>, int, int, int, int, int, int, int, int, int, int, int, long, int, int, long, int, int, int, int, int, long)	248	0	0	0	59392	0
void flash_attn_tile<512, 512, 2, 8, true>(char const*, char const*, char const*, char const*, char const*, int const*, float*, HIP_vector_type<float, 2u>*, float, float, float, float, unsigned int, float, int, HIP_vector_type<unsigned int, 3u>, int, int, int, int, int, int, int, int, int, int, int, long, int, int, long, int, int, int, int, int, long)	245	0	0	0	27648	0
void flash_attn_tile<512, 512, 1, 8, true>(char const*, char const*, char const*, char const*, char const*, int const*, float*, HIP_vector_type<float, 2u>*, float, float, float, float, unsigned int, float, int, HIP_vector_type<unsigned int, 3u>, int, int, int, int, int, int, int, int, int, int, int, long, int, int, long, int, int, int, int, int, long)	66	0	0	0	18432	0
void flash_attn_tile<512, 512, 8, 4, true>(char const*, char const*, char const*, char const*, char const*, int const*, float*, HIP_vector_type<float, 2u>*, float, float, float, float, unsigned int, float, int, HIP_vector_type<unsigned int, 3u>, int, int, int, int, int, int, int, int, int, int, int, long, int, int, long, int, int, int, int, int, long)	248	0	0	0	59392	0
void flash_attn_tile<512, 512, 4, 4, true>(char const*, char const*, char const*, char const*, char const*, int const*, float*, HIP_vector_type<float, 2u>*, float, float, float, float, unsigned int, float, int, HIP_vector_type<unsigned int, 3u>, int, int, int, int, int, int, int, int, int, int, int, long, int, int, long, int, int, int, int, int, long)	245	0	0	0	27648	0
void flash_attn_tile<512, 512, 2, 4, true>(char const*, char const*, char const*, char const*, char const*, int const*, float*, HIP_vector_type<float, 2u>*, float, float, float, float, unsigned int, float, int, HIP_vector_type<unsigned int, 3u>, int, int, int, int, int, int, int, int, int, int, int, long, int, int, long, int, int, int, int, int, long)	66	0	0	0	18432	0
void flash_attn_tile<512, 512, 1, 4, true>(char const*, char const*, char const*, char const*, char const*, int const*, float*, HIP_vector_type<float, 2u>*, float, float, float, float, unsigned int, float, int, HIP_vector_type<unsigned int, 3u>, int, int, int, int, int, int, int, int, int, int, int, long, int, int, long, int, int, int, int, int, long)	222	0	0	0	13824	0
void flash_attn_tile<512, 512, 16, 2, true>(char const*, char const*, char const*, char const*, char const*, int const*, float*, HIP_vector_type<float, 2u>*, float, float, float, float, unsigned int, float, int, HIP_vector_type<unsigned int, 3u>, int, int, int, int, int, int, int, int, int, int, int, long, int, int, long, int, int, int, int, int, long)	247	0	0	0	59392	0
void flash_attn_tile<512, 512, 8, 2, true>(char const*, char const*, char const*, char const*, char const*, int const*, float*, HIP_vector_type<float, 2u>*, float, float, float, float, unsigned int, float, int, HIP_vector_type<unsigned int, 3u>, int, int, int, int, int, int, int, int, int, int, int, long, int, int, long, int, int, int, int, int, long)	243	0	0	0	27648	0
void flash_attn_tile<512, 512, 4, 2, true>(char const*, char const*, char const*, char const*, char const*, int const*, float*, HIP_vector_type<float, 2u>*, float, float, float, float, unsigned int, float, int, HIP_vector_type<unsigned int, 3u>, int, int, int, int, int, int, int, int, int, int, int, long, int, int, long, int, int, int, int, int, long)	66	0	0	0	18432	0
void flash_attn_tile<512, 512, 2, 2, true>(char const*, char const*, char const*, char const*, char const*, int const*, float*, HIP_vector_type<float, 2u>*, float, float, float, float, unsigned int, float, int, HIP_vector_type<unsigned int, 3u>, int, int, int, int, int, int, int, int, int, int, int, long, int, int, long, int, int, int, int, int, long)	222	0	0	0	13824	0
void flash_attn_tile<512, 512, 1, 2, true>(char const*, char const*, char const*, char const*, char const*, int const*, float*, HIP_vector_type<float, 2u>*, float, float, float, float, unsigned int, float, int, HIP_vector_type<unsigned int, 3u>, int, int, int, int, int, int, int, int, int, int, int, long, int, int, long, int, int, int, int, int, long)	238	0	0	0	11520	0
void flash_attn_tile<576, 512, 2, 16, false>(char const*, char const*, char const*, char const*, char const*, int const*, float*, HIP_vector_type<float, 2u>*, float, float, float, float, unsigned int, float, int, HIP_vector_type<unsigned int, 3u>, int, int, int, int, int, int, int, int, int, int, int, long, int, int, long, int, int, int, int, int, long)	168	0	0	0	63488	0
void flash_attn_mask_to_KV_max<2>(__half2 const*, int*, int, long, long)	18	0	0	0	128	0
void flash_attn_stream_k_fixup_uniform<512, 2, 16>(float*, HIP_vector_type<float, 2u> const*, int, int, int, int, int, int, HIP_vector_type<unsigned int, 3u>, HIP_vector_type<unsigned int, 3u>, HIP_vector_type<unsigned int, 3u>)	17	0	0	0	0	0
void flash_attn_stream_k_fixup_general<512, 2, 16>(float*, HIP_vector_type<float, 2u> const*, int, int, int, int, HIP_vector_type<unsigned int, 3u>, HIP_vector_type<unsigned int, 3u>, HIP_vector_type<unsigned int, 3u>, HIP_vector_type<unsigned int, 3u>)	22	0	0	0	0	0
void flash_attn_combine_results<512>(float const*, HIP_vector_type<float, 2u> const*, float*, int)	51	0	0	0	0	0
void flash_attn_tile<576, 512, 1, 16, false>(char const*, char const*, char const*, char const*, char const*, int const*, float*, HIP_vector_type<float, 2u>*, float, float, float, float, unsigned int, float, int, HIP_vector_type<unsigned int, 3u>, int, int, int, int, int, int, int, int, int, int, int, long, int, int, long, int, int, int, int, int, long)	233	0	0	0	29696	0
void flash_attn_mask_to_KV_max<1>(__half2 const*, int*, int, long, long)	18	0	0	0	128	0
void flash_attn_stream_k_fixup_uniform<512, 1, 16>(float*, HIP_vector_type<float, 2u> const*, int, int, int, int, int, int, HIP_vector_type<unsigned int, 3u>, HIP_vector_type<unsigned int, 3u>, HIP_vector_type<unsigned int, 3u>)	17	0	0	0	0	0
void flash_attn_stream_k_fixup_general<512, 1, 16>(float*, HIP_vector_type<float, 2u> const*, int, int, int, int, HIP_vector_type<unsigned int, 3u>, HIP_vector_type<unsigned int, 3u>, HIP_vector_type<unsigned int, 3u>, HIP_vector_type<unsigned int, 3u>)	22	0	0	0	0	0
void flash_attn_tile<576, 512, 8, 4, false>(char const*, char const*, char const*, char const*, char const*, int const*, float*, HIP_vector_type<float, 2u>*, float, float, float, float, unsigned int, float, int, HIP_vector_type<unsigned int, 3u>, int, int, int, int, int, int, int, int, int, int, int, long, int, int, long, int, int, int, int, int, long)	168	0	0	0	63488	0
void flash_attn_mask_to_KV_max<8>(__half2 const*, int*, int, long, long)	18	0	0	0	128	0
void flash_attn_stream_k_fixup_uniform<512, 8, 4>(float*, HIP_vector_type<float, 2u> const*, int, int, int, int, int, int, HIP_vector_type<unsigned int, 3u>, HIP_vector_type<unsigned int, 3u>, HIP_vector_type<unsigned int, 3u>)	17	0	0	0	0	0
void flash_attn_stream_k_fixup_general<512, 8, 4>(float*, HIP_vector_type<float, 2u> const*, int, int, int, int, HIP_vector_type<unsigned int, 3u>, HIP_vector_type<unsigned int, 3u>, HIP_vector_type<unsigned int, 3u>, HIP_vector_type<unsigned int, 3u>)	22	0	0	0	0	0
void flash_attn_tile<576, 512, 4, 4, false>(char const*, char const*, char const*, char const*, char const*, int const*, float*, HIP_vector_type<float, 2u>*, float, float, float, float, unsigned int, float, int, HIP_vector_type<unsigned int, 3u>, int, int, int, int, int, int, int, int, int, int, int, long, int, int, long, int, int, int, int, int, long)	233	0	0	0	29696	0
void flash_attn_mask_to_KV_max<4>(__half2 const*, int*, int, long, long)	18	0	0	0	128	0
void flash_attn_stream_k_fixup_uniform<512, 4, 4>(float*, HIP_vector_type<float, 2u> const*, int, int, int, int, int, int, HIP_vector_type<unsigned int, 3u>, HIP_vector_type<unsigned int, 3u>, HIP_vector_type<unsigned int, 3u>)	17	0	0	0	0	0
void flash_attn_stream_k_fixup_general<512, 4, 4>(float*, HIP_vector_type<float, 2u> const*, int, int, int, int, HIP_vector_type<unsigned int, 3u>, HIP_vector_type<unsigned int, 3u>, HIP_vector_type<unsigned int, 3u>, HIP_vector_type<unsigned int, 3u>)	22	0	0	0	0	0
void flash_attn_tile<576, 512, 2, 4, false>(char const*, char const*, char const*, char const*, char const*, int const*, float*, HIP_vector_type<float, 2u>*, float, float, float, float, unsigned int, float, int, HIP_vector_type<unsigned int, 3u>, int, int, int, int, int, int, int, int, int, int, int, long, int, int, long, int, int, int, int, int, long)	146	0	0	0	19456	0
void flash_attn_stream_k_fixup_uniform<512, 2, 4>(float*, HIP_vector_type<float, 2u> const*, int, int, int, int, int, int, HIP_vector_type<unsigned int, 3u>, HIP_vector_type<unsigned int, 3u>, HIP_vector_type<unsigned int, 3u>)	17	0	0	0	0	0
void flash_attn_stream_k_fixup_general<512, 2, 4>(float*, HIP_vector_type<float, 2u> const*, int, int, int, int, HIP_vector_type<unsigned int, 3u>, HIP_vector_type<unsigned int, 3u>, HIP_vector_type<unsigned int, 3u>, HIP_vector_type<unsigned int, 3u>)	22	0	0	0	0	0
void flash_attn_tile<576, 512, 1, 4, false>(char const*, char const*, char const*, char const*, char const*, int const*, float*, HIP_vector_type<float, 2u>*, float, float, float, float, unsigned int, float, int, HIP_vector_type<unsigned int, 3u>, int, int, int, int, int, int, int, int, int, int, int, long, int, int, long, int, int, int, int, int, long)	183	0	0	0	14336	0
void flash_attn_stream_k_fixup_uniform<512, 1, 4>(float*, HIP_vector_type<float, 2u> const*, int, int, int, int, int, int, HIP_vector_type<unsigned int, 3u>, HIP_vector_type<unsigned int, 3u>, HIP_vector_type<unsigned int, 3u>)	17	0	0	0	0	0
void flash_attn_stream_k_fixup_general<512, 1, 4>(float*, HIP_vector_type<float, 2u> const*, int, int, int, int, HIP_vector_type<unsigned int, 3u>, HIP_vector_type<unsigned int, 3u>, HIP_vector_type<unsigned int, 3u>, HIP_vector_type<unsigned int, 3u>)	22	0	0	0	0	0
void flash_attn_tile<576, 512, 2, 16, true>(char const*, char const*, char const*, char const*, char const*, int const*, float*, HIP_vector_type<float, 2u>*, float, float, float, float, unsigned int, float, int, HIP_vector_type<unsigned int, 3u>, int, int, int, int, int, int, int, int, int, int, int, long, int, int, long, int, int, int, int, int, long)	192	0	0	0	63488	0
void flash_attn_tile<576, 512, 1, 16, true>(char const*, char const*, char const*, char const*, char const*, int const*, float*, HIP_vector_type<float, 2u>*, float, float, float, float, unsigned int, float, int, HIP_vector_type<unsigned int, 3u>, int, int, int, int, int, int, int, int, int, int, int, long, int, int, long, int, int, int, int, int, long)	188	0	0	0	29696	0
void flash_attn_tile<576, 512, 8, 4, true>(char const*, char const*, char const*, char const*, char const*, int const*, float*, HIP_vector_type<float, 2u>*, float, float, float, float, unsigned int, float, int, HIP_vector_type<unsigned int, 3u>, int, int, int, int, int, int, int, int, int, int, int, long, int, int, long, int, int, int, int, int, long)	192	0	0	0	63488	0
void flash_attn_tile<576, 512, 4, 4, true>(char const*, char const*, char const*, char const*, char const*, int const*, float*, HIP_vector_type<float, 2u>*, float, float, float, float, unsigned int, float, int, HIP_vector_type<unsigned int, 3u>, int, int, int, int, int, int, int, int, int, int, int, long, int, int, long, int, int, int, int, int, long)	189	0	0	0	29696	0
void flash_attn_tile<576, 512, 2, 4, true>(char const*, char const*, char const*, char const*, char const*, int const*, float*, HIP_vector_type<float, 2u>*, float, float, float, float, unsigned int, float, int, HIP_vector_type<unsigned int, 3u>, int, int, int, int, int, int, int, int, int, int, int, long, int, int, long, int, int, int, int, int, long)	66	0	0	0	19456	0
void flash_attn_tile<576, 512, 1, 4, true>(char const*, char const*, char const*, char const*, char const*, int const*, float*, HIP_vector_type<float, 2u>*, float, float, float, float, unsigned int, float, int, HIP_vector_type<unsigned int, 3u>, int, int, int, int, int, int, int, int, int, int, int, long, int, int, long, int, int, int, int, int, long)	222	0	0	0	14336	0
void flash_attn_tile<64, 64, 8, 8, false>(char const*, char const*, char const*, char const*, char const*, int const*, float*, HIP_vector_type<float, 2u>*, float, float, float, float, unsigned int, float, int, HIP_vector_type<unsigned int, 3u>, int, int, int, int, int, int, int, int, int, int, int, long, int, int, long, int, int, int, int, int, long)	37	0	0	0	0	16
void flash_attn_mask_to_KV_max<8>(__half2 const*, int*, int, long, long)	18	0	0	0	128	0
void flash_attn_stream_k_fixup_uniform<64, 8, 8>(float*, HIP_vector_type<float, 2u> const*, int, int, int, int, int, int, HIP_vector_type<unsigned int, 3u>, HIP_vector_type<unsigned int, 3u>, HIP_vector_type<unsigned int, 3u>)	17	0	0	0	0	0
void flash_attn_stream_k_fixup_general<64, 8, 8>(float*, HIP_vector_type<float, 2u> const*, int, int, int, int, HIP_vector_type<unsigned int, 3u>, HIP_vector_type<unsigned int, 3u>, HIP_vector_type<unsigned int, 3u>, HIP_vector_type<unsigned int, 3u>)	22	0	0	0	0	0
void flash_attn_combine_results<64>(float const*, HIP_vector_type<float, 2u> const*, float*, int)	51	0	0	0	0	0
void flash_attn_tile<64, 64, 4, 8, false>(char const*, char const*, char const*, char const*, char const*, int const*, float*, HIP_vector_type<float, 2u>*, float, float, float, float, unsigned int, float, int, HIP_vector_type<unsigned int, 3u>, int, int, int, int, int, int, int, int, int, int, int, long, int, int, long, int, int, int, int, int, long)	37	0	0	0	0	16
void flash_attn_mask_to_KV_max<4>(__half2 const*, int*, int, long, long)	18	0	0	0	128	0
void flash_attn_stream_k_fixup_uniform<64, 4, 8>(float*, HIP_vector_type<float, 2u> const*, int, int, int, int, int, int, HIP_vector_type<unsigned int, 3u>, HIP_vector_type<unsigned int, 3u>, HIP_vector_type<unsigned int, 3u>)	17	0	0	0	0	0
void flash_attn_stream_k_fixup_general<64, 4, 8>(float*, HIP_vector_type<float, 2u> const*, int, int, int, int, HIP_vector_type<unsigned int, 3u>, HIP_vector_type<unsigned int, 3u>, HIP_vector_type<unsigned int, 3u>, HIP_vector_type<unsigned int, 3u>)	22	0	0	0	0	0
void flash_attn_tile<64, 64, 2, 8, false>(char const*, char const*, char const*, char const*, char const*, int const*, float*, HIP_vector_type<float, 2u>*, float, float, float, float, unsigned int, float, int, HIP_vector_type<unsigned int, 3u>, int, int, int, int, int, int, int, int, int, int, int, long, int, int, long, int, int, int, int, int, long)	37	0	0	0	0	16
void flash_attn_mask_to_KV_max<2>(__half2 const*, int*, int, long, long)	18	0	0	0	128	0
void flash_attn_stream_k_fixup_uniform<64, 2, 8>(float*, HIP_vector_type<float, 2u> const*, int, int, int, int, int, int, HIP_vector_type<unsigned int, 3u>, HIP_vector_type<unsigned int, 3u>, HIP_vector_type<unsigned int, 3u>)	17	0	0	0	0	0
void flash_attn_stream_k_fixup_general<64, 2, 8>(float*, HIP_vector_type<float, 2u> const*, int, int, int, int, HIP_vector_type<unsigned int, 3u>, HIP_vector_type<unsigned int, 3u>, HIP_vector_type<unsigned int, 3u>, HIP_vector_type<unsigned int, 3u>)	22	0	0	0	0	0
void flash_attn_tile<64, 64, 1, 8, false>(char const*, char const*, char const*, char const*, char const*, int const*, float*, HIP_vector_type<float, 2u>*, float, float, float, float, unsigned int, float, int, HIP_vector_type<unsigned int, 3u>, int, int, int, int, int, int, int, int, int, int, int, long, int, int, long, int, int, int, int, int, long)	37	0	0	0	0	16
void flash_attn_mask_to_KV_max<1>(__half2 const*, int*, int, long, long)	18	0	0	0	128	0
void flash_attn_stream_k_fixup_uniform<64, 1, 8>(float*, HIP_vector_type<float, 2u> const*, int, int, int, int, int, int, HIP_vector_type<unsigned int, 3u>, HIP_vector_type<unsigned int, 3u>, HIP_vector_type<unsigned int, 3u>)	17	0	0	0	0	0
void flash_attn_stream_k_fixup_general<64, 1, 8>(float*, HIP_vector_type<float, 2u> const*, int, int, int, int, HIP_vector_type<unsigned int, 3u>, HIP_vector_type<unsigned int, 3u>, HIP_vector_type<unsigned int, 3u>, HIP_vector_type<unsigned int, 3u>)	22	0	0	0	0	0
void flash_attn_tile<64, 64, 16, 4, false>(char const*, char const*, char const*, char const*, char const*, int const*, float*, HIP_vector_type<float, 2u>*, float, float, float, float, unsigned int, float, int, HIP_vector_type<unsigned int, 3u>, int, int, int, int, int, int, int, int, int, int, int, long, int, int, long, int, int, int, int, int, long)	37	0	0	0	0	16
void flash_attn_mask_to_KV_max<16>(__half2 const*, int*, int, long, long)	13	0	0	0	128	0
void flash_attn_stream_k_fixup_uniform<64, 16, 4>(float*, HIP_vector_type<float, 2u> const*, int, int, int, int, int, int, HIP_vector_type<unsigned int, 3u>, HIP_vector_type<unsigned int, 3u>, HIP_vector_type<unsigned int, 3u>)	17	0	0	0	0	0
void flash_attn_stream_k_fixup_general<64, 16, 4>(float*, HIP_vector_type<float, 2u> const*, int, int, int, int, HIP_vector_type<unsigned int, 3u>, HIP_vector_type<unsigned int, 3u>, HIP_vector_type<unsigned int, 3u>, HIP_vector_type<unsigned int, 3u>)	22	0	0	0	0	0
void flash_attn_tile<64, 64, 8, 4, false>(char const*, char const*, char const*, char const*, char const*, int const*, float*, HIP_vector_type<float, 2u>*, float, float, float, float, unsigned int, float, int, HIP_vector_type<unsigned int, 3u>, int, int, int, int, int, int, int, int, int, int, int, long, int, int, long, int, int, int, int, int, long)	37	0	0	0	0	16
void flash_attn_stream_k_fixup_uniform<64, 8, 4>(float*, HIP_vector_type<float, 2u> const*, int, int, int, int, int, int, HIP_vector_type<unsigned int, 3u>, HIP_vector_type<unsigned int, 3u>, HIP_vector_type<unsigned int, 3u>)	17	0	0	0	0	0
void flash_attn_stream_k_fixup_general<64, 8, 4>(float*, HIP_vector_type<float, 2u> const*, int, int, int, int, HIP_vector_type<unsigned int, 3u>, HIP_vector_type<unsigned int, 3u>, HIP_vector_type<unsigned int, 3u>, HIP_vector_type<unsigned int, 3u>)	22	0	0	0	0	0
void flash_attn_tile<64, 64, 4, 4, false>(char const*, char const*, char const*, char const*, char const*, int const*, float*, HIP_vector_type<float, 2u>*, float, float, float, float, unsigned int, float, int, HIP_vector_type<unsigned int, 3u>, int, int, int, int, int, int, int, int, int, int, int, long, int, int, long, int, int, int, int, int, long)	37	0	0	0	0	16
void flash_attn_stream_k_fixup_uniform<64, 4, 4>(float*, HIP_vector_type<float, 2u> const*, int, int, int, int, int, int, HIP_vector_type<unsigned int, 3u>, HIP_vector_type<unsigned int, 3u>, HIP_vector_type<unsigned int, 3u>)	17	0	0	0	0	0
void flash_attn_stream_k_fixup_general<64, 4, 4>(float*, HIP_vector_type<float, 2u> const*, int, int, int, int, HIP_vector_type<unsigned int, 3u>, HIP_vector_type<unsigned int, 3u>, HIP_vector_type<unsigned int, 3u>, HIP_vector_type<unsigned int, 3u>)	22	0	0	0	0	0
void flash_attn_tile<64, 64, 2, 4, false>(char const*, char const*, char const*, char const*, char const*, int const*, float*, HIP_vector_type<float, 2u>*, float, float, float, float, unsigned int, float, int, HIP_vector_type<unsigned int, 3u>, int, int, int, int, int, int, int, int, int, int, int, long, int, int, long, int, int, int, int, int, long)	37	0	0	0	0	16
void flash_attn_stream_k_fixup_uniform<64, 2, 4>(float*, HIP_vector_type<float, 2u> const*, int, int, int, int, int, int, HIP_vector_type<unsigned int, 3u>, HIP_vector_type<unsigned int, 3u>, HIP_vector_type<unsigned int, 3u>)	17	0	0	0	0	0
void flash_attn_stream_k_fixup_general<64, 2, 4>(float*, HIP_vector_type<float, 2u> const*, int, int, int, int, HIP_vector_type<unsigned int, 3u>, HIP_vector_type<unsigned int, 3u>, HIP_vector_type<unsigned int, 3u>, HIP_vector_type<unsigned int, 3u>)	22	0	0	0	0	0
void flash_attn_tile<64, 64, 1, 4, false>(char const*, char const*, char const*, char const*, char const*, int const*, float*, HIP_vector_type<float, 2u>*, float, float, float, float, unsigned int, float, int, HIP_vector_type<unsigned int, 3u>, int, int, int, int, int, int, int, int, int, int, int, long, int, int, long, int, int, int, int, int, long)	37	0	0	0	0	16
void flash_attn_stream_k_fixup_uniform<64, 1, 4>(float*, HIP_vector_type<float, 2u> const*, int, int, int, int, int, int, HIP_vector_type<unsigned int, 3u>, HIP_vector_type<unsigned int, 3u>, HIP_vector_type<unsigned int, 3u>)	17	0	0	0	0	0
void flash_attn_stream_k_fixup_general<64, 1, 4>(float*, HIP_vector_type<float, 2u> const*, int, int, int, int, HIP_vector_type<unsigned int, 3u>, HIP_vector_type<unsigned int, 3u>, HIP_vector_type<unsigned int, 3u>, HIP_vector_type<unsigned int, 3u>)	22	0	0	0	0	0
void flash_attn_tile<64, 64, 32, 2, false>(char const*, char const*, char const*, char const*, char const*, int const*, float*, HIP_vector_type<float, 2u>*, float, float, float, float, unsigned int, float, int, HIP_vector_type<unsigned int, 3u>, int, int, int, int, int, int, int, int, int, int, int, long, int, int, long, int, int, int, int, int, long)	37	0	0	0	0	16
void flash_attn_mask_to_KV_max<32>(__half2 const*, int*, int, long, long)	14	0	0	48	128	0
void flash_attn_stream_k_fixup_uniform<64, 32, 2>(float*, HIP_vector_type<float, 2u> const*, int, int, int, int, int, int, HIP_vector_type<unsigned int, 3u>, HIP_vector_type<unsigned int, 3u>, HIP_vector_type<unsigned int, 3u>)	17	0	0	0	0	0
void flash_attn_stream_k_fixup_general<64, 32, 2>(float*, HIP_vector_type<float, 2u> const*, int, int, int, int, HIP_vector_type<unsigned int, 3u>, HIP_vector_type<unsigned int, 3u>, HIP_vector_type<unsigned int, 3u>, HIP_vector_type<unsigned int, 3u>)	22	0	0	0	0	0
void flash_attn_tile<64, 64, 16, 2, false>(char const*, char const*, char const*, char const*, char const*, int const*, float*, HIP_vector_type<float, 2u>*, float, float, float, float, unsigned int, float, int, HIP_vector_type<unsigned int, 3u>, int, int, int, int, int, int, int, int, int, int, int, long, int, int, long, int, int, int, int, int, long)	37	0	0	0	0	16
void flash_attn_stream_k_fixup_uniform<64, 16, 2>(float*, HIP_vector_type<float, 2u> const*, int, int, int, int, int, int, HIP_vector_type<unsigned int, 3u>, HIP_vector_type<unsigned int, 3u>, HIP_vector_type<unsigned int, 3u>)	17	0	0	0	0	0
void flash_attn_stream_k_fixup_general<64, 16, 2>(float*, HIP_vector_type<float, 2u> const*, int, int, int, int, HIP_vector_type<unsigned int, 3u>, HIP_vector_type<unsigned int, 3u>, HIP_vector_type<unsigned int, 3u>, HIP_vector_type<unsigned int, 3u>)	22	0	0	0	0	0
void flash_attn_tile<64, 64, 8, 2, false>(char const*, char const*, char const*, char const*, char const*, int const*, float*, HIP_vector_type<float, 2u>*, float, float, float, float, unsigned int, float, int, HIP_vector_type<unsigned int, 3u>, int, int, int, int, int, int, int, int, int, int, int, long, int, int, long, int, int, int, int, int, long)	37	0	0	0	0	16
void flash_attn_stream_k_fixup_uniform<64, 8, 2>(float*, HIP_vector_type<float, 2u> const*, int, int, int, int, int, int, HIP_vector_type<unsigned int, 3u>, HIP_vector_type<unsigned int, 3u>, HIP_vector_type<unsigned int, 3u>)	17	0	0	0	0	0
void flash_attn_stream_k_fixup_general<64, 8, 2>(float*, HIP_vector_type<float, 2u> const*, int, int, int, int, HIP_vector_type<unsigned int, 3u>, HIP_vector_type<unsigned int, 3u>, HIP_vector_type<unsigned int, 3u>, HIP_vector_type<unsigned int, 3u>)	22	0	0	0	0	0
void flash_attn_tile<64, 64, 4, 2, false>(char const*, char const*, char const*, char const*, char const*, int const*, float*, HIP_vector_type<float, 2u>*, float, float, float, float, unsigned int, float, int, HIP_vector_type<unsigned int, 3u>, int, int, int, int, int, int, int, int, int, int, int, long, int, int, long, int, int, int, int, int, long)	37	0	0	0	0	16
void flash_attn_stream_k_fixup_uniform<64, 4, 2>(float*, HIP_vector_type<float, 2u> const*, int, int, int, int, int, int, HIP_vector_type<unsigned int, 3u>, HIP_vector_type<unsigned int, 3u>, HIP_vector_type<unsigned int, 3u>)	17	0	0	0	0	0
void flash_attn_stream_k_fixup_general<64, 4, 2>(float*, HIP_vector_type<float, 2u> const*, int, int, int, int, HIP_vector_type<unsigned int, 3u>, HIP_vector_type<unsigned int, 3u>, HIP_vector_type<unsigned int, 3u>, HIP_vector_type<unsigned int, 3u>)	22	0	0	0	0	0
void flash_attn_tile<64, 64, 2, 2, false>(char const*, char const*, char const*, char const*, char const*, int const*, float*, HIP_vector_type<float, 2u>*, float, float, float, float, unsigned int, float, int, HIP_vector_type<unsigned int, 3u>, int, int, int, int, int, int, int, int, int, int, int, long, int, int, long, int, int, int, int, int, long)	37	0	0	0	0	16
void flash_attn_stream_k_fixup_uniform<64, 2, 2>(float*, HIP_vector_type<float, 2u> const*, int, int, int, int, int, int, HIP_vector_type<unsigned int, 3u>, HIP_vector_type<unsigned int, 3u>, HIP_vector_type<unsigned int, 3u>)	17	0	0	0	0	0
void flash_attn_stream_k_fixup_general<64, 2, 2>(float*, HIP_vector_type<float, 2u> const*, int, int, int, int, HIP_vector_type<unsigned int, 3u>, HIP_vector_type<unsigned int, 3u>, HIP_vector_type<unsigned int, 3u>, HIP_vector_type<unsigned int, 3u>)	22	0	0	0	0	0
void flash_attn_tile<64, 64, 1, 2, false>(char const*, char const*, char const*, char const*, char const*, int const*, float*, HIP_vector_type<float, 2u>*, float, float, float, float, unsigned int, float, int, HIP_vector_type<unsigned int, 3u>, int, int, int, int, int, int, int, int, int, int, int, long, int, int, long, int, int, int, int, int, long)	37	0	0	0	0	16
void flash_attn_stream_k_fixup_uniform<64, 1, 2>(float*, HIP_vector_type<float, 2u> const*, int, int, int, int, int, int, HIP_vector_type<unsigned int, 3u>, HIP_vector_type<unsigned int, 3u>, HIP_vector_type<unsigned int, 3u>)	17	0	0	0	0	0
void flash_attn_stream_k_fixup_general<64, 1, 2>(float*, HIP_vector_type<float, 2u> const*, int, int, int, int, HIP_vector_type<unsigned int, 3u>, HIP_vector_type<unsigned int, 3u>, HIP_vector_type<unsigned int, 3u>, HIP_vector_type<unsigned int, 3u>)	22	0	0	0	0	0
void flash_attn_tile<64, 64, 64, 1, false>(char const*, char const*, char const*, char const*, char const*, int const*, float*, HIP_vector_type<float, 2u>*, float, float, float, float, unsigned int, float, int, HIP_vector_type<unsigned int, 3u>, int, int, int, int, int, int, int, int, int, int, int, long, int, int, long, int, int, int, int, int, long)	212	0	0	0	29696	32
void flash_attn_mask_to_KV_max<64>(__half2 const*, int*, int, long, long)	16	0	0	176	128	0
void flash_attn_stream_k_fixup_uniform<64, 64, 1>(float*, HIP_vector_type<float, 2u> const*, int, int, int, int, int, int, HIP_vector_type<unsigned int, 3u>, HIP_vector_type<unsigned int, 3u>, HIP_vector_type<unsigned int, 3u>)	17	0	0	0	0	0
void flash_attn_stream_k_fixup_general<64, 64, 1>(float*, HIP_vector_type<float, 2u> const*, int, int, int, int, HIP_vector_type<unsigned int, 3u>, HIP_vector_type<unsigned int, 3u>, HIP_vector_type<unsigned int, 3u>, HIP_vector_type<unsigned int, 3u>)	22	0	0	0	0	0
void flash_attn_tile<64, 64, 32, 1, false>(char const*, char const*, char const*, char const*, char const*, int const*, float*, HIP_vector_type<float, 2u>*, float, float, float, float, unsigned int, float, int, HIP_vector_type<unsigned int, 3u>, int, int, int, int, int, int, int, int, int, int, int, long, int, int, long, int, int, int, int, int, long)	130	0	0	0	21504	32
void flash_attn_stream_k_fixup_uniform<64, 32, 1>(float*, HIP_vector_type<float, 2u> const*, int, int, int, int, int, int, HIP_vector_type<unsigned int, 3u>, HIP_vector_type<unsigned int, 3u>, HIP_vector_type<unsigned int, 3u>)	17	0	0	0	0	0
void flash_attn_stream_k_fixup_general<64, 32, 1>(float*, HIP_vector_type<float, 2u> const*, int, int, int, int, HIP_vector_type<unsigned int, 3u>, HIP_vector_type<unsigned int, 3u>, HIP_vector_type<unsigned int, 3u>, HIP_vector_type<unsigned int, 3u>)	22	0	0	0	0	0
void flash_attn_tile<64, 64, 16, 1, false>(char const*, char const*, char const*, char const*, char const*, int const*, float*, HIP_vector_type<float, 2u>*, float, float, float, float, unsigned int, float, int, HIP_vector_type<unsigned int, 3u>, int, int, int, int, int, int, int, int, int, int, int, long, int, int, long, int, int, int, int, int, long)	112	0	0	0	32768	0
void flash_attn_stream_k_fixup_uniform<64, 16, 1>(float*, HIP_vector_type<float, 2u> const*, int, int, int, int, int, int, HIP_vector_type<unsigned int, 3u>, HIP_vector_type<unsigned int, 3u>, HIP_vector_type<unsigned int, 3u>)	17	0	0	0	0	0
void flash_attn_stream_k_fixup_general<64, 16, 1>(float*, HIP_vector_type<float, 2u> const*, int, int, int, int, HIP_vector_type<unsigned int, 3u>, HIP_vector_type<unsigned int, 3u>, HIP_vector_type<unsigned int, 3u>, HIP_vector_type<unsigned int, 3u>)	22	0	0	0	0	0
void flash_attn_tile<64, 64, 8, 1, false>(char const*, char const*, char const*, char const*, char const*, int const*, float*, HIP_vector_type<float, 2u>*, float, float, float, float, unsigned int, float, int, HIP_vector_type<unsigned int, 3u>, int, int, int, int, int, int, int, int, int, int, int, long, int, int, long, int, int, int, int, int, long)	78	0	0	0	6144	32
void flash_attn_stream_k_fixup_uniform<64, 8, 1>(float*, HIP_vector_type<float, 2u> const*, int, int, int, int, int, int, HIP_vector_type<unsigned int, 3u>, HIP_vector_type<unsigned int, 3u>, HIP_vector_type<unsigned int, 3u>)	17	0	0	0	0	0
void flash_attn_stream_k_fixup_general<64, 8, 1>(float*, HIP_vector_type<float, 2u> const*, int, int, int, int, HIP_vector_type<unsigned int, 3u>, HIP_vector_type<unsigned int, 3u>, HIP_vector_type<unsigned int, 3u>, HIP_vector_type<unsigned int, 3u>)	22	0	0	0	0	0
void flash_attn_tile<64, 64, 4, 1, false>(char const*, char const*, char const*, char const*, char const*, int const*, float*, HIP_vector_type<float, 2u>*, float, float, float, float, unsigned int, float, int, HIP_vector_type<unsigned int, 3u>, int, int, int, int, int, int, int, int, int, int, int, long, int, int, long, int, int, int, int, int, long)	77	0	0	0	10240	32
void flash_attn_stream_k_fixup_uniform<64, 4, 1>(float*, HIP_vector_type<float, 2u> const*, int, int, int, int, int, int, HIP_vector_type<unsigned int, 3u>, HIP_vector_type<unsigned int, 3u>, HIP_vector_type<unsigned int, 3u>)	17	0	0	0	0	0
void flash_attn_stream_k_fixup_general<64, 4, 1>(float*, HIP_vector_type<float, 2u> const*, int, int, int, int, HIP_vector_type<unsigned int, 3u>, HIP_vector_type<unsigned int, 3u>, HIP_vector_type<unsigned int, 3u>, HIP_vector_type<unsigned int, 3u>)	22	0	0	0	0	0
void flash_attn_tile<64, 64, 2, 1, false>(char const*, char const*, char const*, char const*, char const*, int const*, float*, HIP_vector_type<float, 2u>*, float, float, float, float, unsigned int, float, int, HIP_vector_type<unsigned int, 3u>, int, int, int, int, int, int, int, int, int, int, int, long, int, int, long, int, int, int, int, int, long)	68	0	0	0	4992	32
void flash_attn_stream_k_fixup_uniform<64, 2, 1>(float*, HIP_vector_type<float, 2u> const*, int, int, int, int, int, int, HIP_vector_type<unsigned int, 3u>, HIP_vector_type<unsigned int, 3u>, HIP_vector_type<unsigned int, 3u>)	17	0	0	0	0	0
void flash_attn_stream_k_fixup_general<64, 2, 1>(float*, HIP_vector_type<float, 2u> const*, int, int, int, int, HIP_vector_type<unsigned int, 3u>, HIP_vector_type<unsigned int, 3u>, HIP_vector_type<unsigned int, 3u>, HIP_vector_type<unsigned int, 3u>)	22	0	0	0	0	0
void flash_attn_tile<64, 64, 8, 8, true>(char const*, char const*, char const*, char const*, char const*, int const*, float*, HIP_vector_type<float, 2u>*, float, float, float, float, unsigned int, float, int, HIP_vector_type<unsigned int, 3u>, int, int, int, int, int, int, int, int, int, int, int, long, int, int, long, int, int, int, int, int, long)	37	0	0	0	0	16
void flash_attn_tile<64, 64, 4, 8, true>(char const*, char const*, char const*, char const*, char const*, int const*, float*, HIP_vector_type<float, 2u>*, float, float, float, float, unsigned int, float, int, HIP_vector_type<unsigned int, 3u>, int, int, int, int, int, int, int, int, int, int, int, long, int, int, long, int, int, int, int, int, long)	37	0	0	0	0	16
void flash_attn_tile<64, 64, 2, 8, true>(char const*, char const*, char const*, char const*, char const*, int const*, float*, HIP_vector_type<float, 2u>*, float, float, float, float, unsigned int, float, int, HIP_vector_type<unsigned int, 3u>, int, int, int, int, int, int, int, int, int, int, int, long, int, int, long, int, int, int, int, int, long)	37	0	0	0	0	16
void flash_attn_tile<64, 64, 1, 8, true>(char const*, char const*, char const*, char const*, char const*, int const*, float*, HIP_vector_type<float, 2u>*, float, float, float, float, unsigned int, float, int, HIP_vector_type<unsigned int, 3u>, int, int, int, int, int, int, int, int, int, int, int, long, int, int, long, int, int, int, int, int, long)	37	0	0	0	0	16
void flash_attn_tile<64, 64, 16, 4, true>(char const*, char const*, char const*, char const*, char const*, int const*, float*, HIP_vector_type<float, 2u>*, float, float, float, float, unsigned int, float, int, HIP_vector_type<unsigned int, 3u>, int, int, int, int, int, int, int, int, int, int, int, long, int, int, long, int, int, int, int, int, long)	37	0	0	0	0	16
void flash_attn_tile<64, 64, 8, 4, true>(char const*, char const*, char const*, char const*, char const*, int const*, float*, HIP_vector_type<float, 2u>*, float, float, float, float, unsigned int, float, int, HIP_vector_type<unsigned int, 3u>, int, int, int, int, int, int, int, int, int, int, int, long, int, int, long, int, int, int, int, int, long)	37	0	0	0	0	16
void flash_attn_tile<64, 64, 4, 4, true>(char const*, char const*, char const*, char const*, char const*, int const*, float*, HIP_vector_type<float, 2u>*, float, float, float, float, unsigned int, float, int, HIP_vector_type<unsigned int, 3u>, int, int, int, int, int, int, int, int, int, int, int, long, int, int, long, int, int, int, int, int, long)	37	0	0	0	0	16
void flash_attn_tile<64, 64, 2, 4, true>(char const*, char const*, char const*, char const*, char const*, int const*, float*, HIP_vector_type<float, 2u>*, float, float, float, float, unsigned int, float, int, HIP_vector_type<unsigned int, 3u>, int, int, int, int, int, int, int, int, int, int, int, long, int, int, long, int, int, int, int, int, long)	37	0	0	0	0	16
void flash_attn_tile<64, 64, 1, 4, true>(char const*, char const*, char const*, char const*, char const*, int const*, float*, HIP_vector_type<float, 2u>*, float, float, float, float, unsigned int, float, int, HIP_vector_type<unsigned int, 3u>, int, int, int, int, int, int, int, int, int, int, int, long, int, int, long, int, int, int, int, int, long)	37	0	0	0	0	16
void flash_attn_tile<64, 64, 32, 2, true>(char const*, char const*, char const*, char const*, char const*, int const*, float*, HIP_vector_type<float, 2u>*, float, float, float, float, unsigned int, float, int, HIP_vector_type<unsigned int, 3u>, int, int, int, int, int, int, int, int, int, int, int, long, int, int, long, int, int, int, int, int, long)	37	0	0	0	0	16
void flash_attn_tile<64, 64, 16, 2, true>(char const*, char const*, char const*, char const*, char const*, int const*, float*, HIP_vector_type<float, 2u>*, float, float, float, float, unsigned int, float, int, HIP_vector_type<unsigned int, 3u>, int, int, int, int, int, int, int, int, int, int, int, long, int, int, long, int, int, int, int, int, long)	37	0	0	0	0	16
void flash_attn_tile<64, 64, 8, 2, true>(char const*, char const*, char const*, char const*, char const*, int const*, float*, HIP_vector_type<float, 2u>*, float, float, float, float, unsigned int, float, int, HIP_vector_type<unsigned int, 3u>, int, int, int, int, int, int, int, int, int, int, int, long, int, int, long, int, int, int, int, int, long)	37	0	0	0	0	16
void flash_attn_tile<64, 64, 4, 2, true>(char const*, char const*, char const*, char const*, char const*, int const*, float*, HIP_vector_type<float, 2u>*, float, float, float, float, unsigned int, float, int, HIP_vector_type<unsigned int, 3u>, int, int, int, int, int, int, int, int, int, int, int, long, int, int, long, int, int, int, int, int, long)	37	0	0	0	0	16
void flash_attn_tile<64, 64, 2, 2, true>(char const*, char const*, char const*, char const*, char const*, int const*, float*, HIP_vector_type<float, 2u>*, float, float, float, float, unsigned int, float, int, HIP_vector_type<unsigned int, 3u>, int, int, int, int, int, int, int, int, int, int, int, long, int, int, long, int, int, int, int, int, long)	37	0	0	0	0	16
void flash_attn_tile<64, 64, 1, 2, true>(char const*, char const*, char const*, char const*, char const*, int const*, float*, HIP_vector_type<float, 2u>*, float, float, float, float, unsigned int, float, int, HIP_vector_type<unsigned int, 3u>, int, int, int, int, int, int, int, int, int, int, int, long, int, int, long, int, int, int, int, int, long)	37	0	0	0	0	16
void flash_attn_tile<64, 64, 64, 1, true>(char const*, char const*, char const*, char const*, char const*, int const*, float*, HIP_vector_type<float, 2u>*, float, float, float, float, unsigned int, float, int, HIP_vector_type<unsigned int, 3u>, int, int, int, int, int, int, int, int, int, int, int, long, int, int, long, int, int, int, int, int, long)	37	0	0	0	0	16
void flash_attn_tile<64, 64, 32, 1, true>(char const*, char const*, char const*, char const*, char const*, int const*, float*, HIP_vector_type<float, 2u>*, float, float, float, float, unsigned int, float, int, HIP_vector_type<unsigned int, 3u>, int, int, int, int, int, int, int, int, int, int, int, long, int, int, long, int, int, int, int, int, long)	37	0	0	0	0	16
void flash_attn_tile<64, 64, 16, 1, true>(char const*, char const*, char const*, char const*, char const*, int const*, float*, HIP_vector_type<float, 2u>*, float, float, float, float, unsigned int, float, int, HIP_vector_type<unsigned int, 3u>, int, int, int, int, int, int, int, int, int, int, int, long, int, int, long, int, int, int, int, int, long)	37	0	0	0	0	16
void flash_attn_tile<64, 64, 8, 1, true>(char const*, char const*, char const*, char const*, char const*, int const*, float*, HIP_vector_type<float, 2u>*, float, float, float, float, unsigned int, float, int, HIP_vector_type<unsigned int, 3u>, int, int, int, int, int, int, int, int, int, int, int, long, int, int, long, int, int, int, int, int, long)	37	0	0	0	0	16
void flash_attn_tile<64, 64, 4, 1, true>(char const*, char const*, char const*, char const*, char const*, int const*, float*, HIP_vector_type<float, 2u>*, float, float, float, float, unsigned int, float, int, HIP_vector_type<unsigned int, 3u>, int, int, int, int, int, int, int, int, int, int, int, long, int, int, long, int, int, int, int, int, long)	37	0	0	0	0	16
void flash_attn_tile<64, 64, 2, 1, true>(char const*, char const*, char const*, char const*, char const*, int const*, float*, HIP_vector_type<float, 2u>*, float, float, float, float, unsigned int, float, int, HIP_vector_type<unsigned int, 3u>, int, int, int, int, int, int, int, int, int, int, int, long, int, int, long, int, int, int, int, int, long)	37	0	0	0	0	16
void flash_attn_tile<72, 72, 8, 8, false>(char const*, char const*, char const*, char const*, char const*, int const*, float*, HIP_vector_type<float, 2u>*, float, float, float, float, unsigned int, float, int, HIP_vector_type<unsigned int, 3u>, int, int, int, int, int, int, int, int, int, int, int, long, int, int, long, int, int, int, int, int, long)	116	0	0	0	18656	0
void flash_attn_mask_to_KV_max<8>(__half2 const*, int*, int, long, long)	18	0	0	0	128	0
void flash_attn_stream_k_fixup_uniform<72, 8, 8>(float*, HIP_vector_type<float, 2u> const*, int, int, int, int, int, int, HIP_vector_type<unsigned int, 3u>, HIP_vector_type<unsigned int, 3u>, HIP_vector_type<unsigned int, 3u>)	17	0	0	0	0	0
void flash_attn_stream_k_fixup_general<72, 8, 8>(float*, HIP_vector_type<float, 2u> const*, int, int, int, int, HIP_vector_type<unsigned int, 3u>, HIP_vector_type<unsigned int, 3u>, HIP_vector_type<unsigned int, 3u>, HIP_vector_type<unsigned int, 3u>)	22	0	0	0	0	0
void flash_attn_combine_results<72>(float const*, HIP_vector_type<float, 2u> const*, float*, int)	51	0	0	0	0	0
void flash_attn_tile<72, 72, 4, 8, false>(char const*, char const*, char const*, char const*, char const*, int const*, float*, HIP_vector_type<float, 2u>*, float, float, float, float, unsigned int, float, int, HIP_vector_type<unsigned int, 3u>, int, int, int, int, int, int, int, int, int, int, int, long, int, int, long, int, int, int, int, int, long)	82	0	0	0	12000	0
void flash_attn_mask_to_KV_max<4>(__half2 const*, int*, int, long, long)	18	0	0	0	128	0
void flash_attn_stream_k_fixup_uniform<72, 4, 8>(float*, HIP_vector_type<float, 2u> const*, int, int, int, int, int, int, HIP_vector_type<unsigned int, 3u>, HIP_vector_type<unsigned int, 3u>, HIP_vector_type<unsigned int, 3u>)	17	0	0	0	0	0
void flash_attn_stream_k_fixup_general<72, 4, 8>(float*, HIP_vector_type<float, 2u> const*, int, int, int, int, HIP_vector_type<unsigned int, 3u>, HIP_vector_type<unsigned int, 3u>, HIP_vector_type<unsigned int, 3u>, HIP_vector_type<unsigned int, 3u>)	22	0	0	0	0	0
void flash_attn_tile<72, 72, 2, 8, false>(char const*, char const*, char const*, char const*, char const*, int const*, float*, HIP_vector_type<float, 2u>*, float, float, float, float, unsigned int, float, int, HIP_vector_type<unsigned int, 3u>, int, int, int, int, int, int, int, int, int, int, int, long, int, int, long, int, int, int, int, int, long)	91	0	0	0	8672	0
void flash_attn_mask_to_KV_max<2>(__half2 const*, int*, int, long, long)	18	0	0	0	128	0
void flash_attn_stream_k_fixup_uniform<72, 2, 8>(float*, HIP_vector_type<float, 2u> const*, int, int, int, int, int, int, HIP_vector_type<unsigned int, 3u>, HIP_vector_type<unsigned int, 3u>, HIP_vector_type<unsigned int, 3u>)	17	0	0	0	0	0
void flash_attn_stream_k_fixup_general<72, 2, 8>(float*, HIP_vector_type<float, 2u> const*, int, int, int, int, HIP_vector_type<unsigned int, 3u>, HIP_vector_type<unsigned int, 3u>, HIP_vector_type<unsigned int, 3u>, HIP_vector_type<unsigned int, 3u>)	22	0	0	0	0	0
void flash_attn_tile<72, 72, 1, 8, false>(char const*, char const*, char const*, char const*, char const*, int const*, float*, HIP_vector_type<float, 2u>*, float, float, float, float, unsigned int, float, int, HIP_vector_type<unsigned int, 3u>, int, int, int, int, int, int, int, int, int, int, int, long, int, int, long, int, int, int, int, int, long)	116	0	0	0	7008	0
void flash_attn_mask_to_KV_max<1>(__half2 const*, int*, int, long, long)	18	0	0	0	128	0
void flash_attn_stream_k_fixup_uniform<72, 1, 8>(float*, HIP_vector_type<float, 2u> const*, int, int, int, int, int, int, HIP_vector_type<unsigned int, 3u>, HIP_vector_type<unsigned int, 3u>, HIP_vector_type<unsigned int, 3u>)	17	0	0	0	0	0
void flash_attn_stream_k_fixup_general<72, 1, 8>(float*, HIP_vector_type<float, 2u> const*, int, int, int, int, HIP_vector_type<unsigned int, 3u>, HIP_vector_type<unsigned int, 3u>, HIP_vector_type<unsigned int, 3u>, HIP_vector_type<unsigned int, 3u>)	22	0	0	0	0	0
void flash_attn_tile<72, 72, 16, 4, false>(char const*, char const*, char const*, char const*, char const*, int const*, float*, HIP_vector_type<float, 2u>*, float, float, float, float, unsigned int, float, int, HIP_vector_type<unsigned int, 3u>, int, int, int, int, int, int, int, int, int, int, int, long, int, int, long, int, int, int, int, int, long)	120	0	0	0	18656	0
void flash_attn_mask_to_KV_max<16>(__half2 const*, int*, int, long, long)	13	0	0	0	128	0
void flash_attn_stream_k_fixup_uniform<72, 16, 4>(float*, HIP_vector_type<float, 2u> const*, int, int, int, int, int, int, HIP_vector_type<unsigned int, 3u>, HIP_vector_type<unsigned int, 3u>, HIP_vector_type<unsigned int, 3u>)	17	0	0	0	0	0
void flash_attn_stream_k_fixup_general<72, 16, 4>(float*, HIP_vector_type<float, 2u> const*, int, int, int, int, HIP_vector_type<unsigned int, 3u>, HIP_vector_type<unsigned int, 3u>, HIP_vector_type<unsigned int, 3u>, HIP_vector_type<unsigned int, 3u>)	22	0	0	0	0	0
void flash_attn_tile<72, 72, 8, 4, false>(char const*, char const*, char const*, char const*, char const*, int const*, float*, HIP_vector_type<float, 2u>*, float, float, float, float, unsigned int, float, int, HIP_vector_type<unsigned int, 3u>, int, int, int, int, int, int, int, int, int, int, int, long, int, int, long, int, int, int, int, int, long)	82	0	0	0	12000	0
void flash_attn_stream_k_fixup_uniform<72, 8, 4>(float*, HIP_vector_type<float, 2u> const*, int, int, int, int, int, int, HIP_vector_type<unsigned int, 3u>, HIP_vector_type<unsigned int, 3u>, HIP_vector_type<unsigned int, 3u>)	17	0	0	0	0	0
void flash_attn_stream_k_fixup_general<72, 8, 4>(float*, HIP_vector_type<float, 2u> const*, int, int, int, int, HIP_vector_type<unsigned int, 3u>, HIP_vector_type<unsigned int, 3u>, HIP_vector_type<unsigned int, 3u>, HIP_vector_type<unsigned int, 3u>)	22	0	0	0	0	0
void flash_attn_tile<72, 72, 4, 4, false>(char const*, char const*, char const*, char const*, char const*, int const*, float*, HIP_vector_type<float, 2u>*, float, float, float, float, unsigned int, float, int, HIP_vector_type<unsigned int, 3u>, int, int, int, int, int, int, int, int, int, int, int, long, int, int, long, int, int, int, int, int, long)	91	0	0	0	8672	0
void flash_attn_stream_k_fixup_uniform<72, 4, 4>(float*, HIP_vector_type<float, 2u> const*, int, int, int, int, int, int, HIP_vector_type<unsigned int, 3u>, HIP_vector_type<unsigned int, 3u>, HIP_vector_type<unsigned int, 3u>)	17	0	0	0	0	0
void flash_attn_stream_k_fixup_general<72, 4, 4>(float*, HIP_vector_type<float, 2u> const*, int, int, int, int, HIP_vector_type<unsigned int, 3u>, HIP_vector_type<unsigned int, 3u>, HIP_vector_type<unsigned int, 3u>, HIP_vector_type<unsigned int, 3u>)	22	0	0	0	0	0
void flash_attn_tile<72, 72, 2, 4, false>(char const*, char const*, char const*, char const*, char const*, int const*, float*, HIP_vector_type<float, 2u>*, float, float, float, float, unsigned int, float, int, HIP_vector_type<unsigned int, 3u>, int, int, int, int, int, int, int, int, int, int, int, long, int, int, long, int, int, int, int, int, long)	116	0	0	0	7008	0
void flash_attn_stream_k_fixup_uniform<72, 2, 4>(float*, HIP_vector_type<float, 2u> const*, int, int, int, int, int, int, HIP_vector_type<unsigned int, 3u>, HIP_vector_type<unsigned int, 3u>, HIP_vector_type<unsigned int, 3u>)	17	0	0	0	0	0
void flash_attn_stream_k_fixup_general<72, 2, 4>(float*, HIP_vector_type<float, 2u> const*, int, int, int, int, HIP_vector_type<unsigned int, 3u>, HIP_vector_type<unsigned int, 3u>, HIP_vector_type<unsigned int, 3u>, HIP_vector_type<unsigned int, 3u>)	22	0	0	0	0	0
void flash_attn_tile<72, 72, 1, 4, false>(char const*, char const*, char const*, char const*, char const*, int const*, float*, HIP_vector_type<float, 2u>*, float, float, float, float, unsigned int, float, int, HIP_vector_type<unsigned int, 3u>, int, int, int, int, int, int, int, int, int, int, int, long, int, int, long, int, int, int, int, int, long)	116	0	0	0	6176	0
void flash_attn_stream_k_fixup_uniform<72, 1, 4>(float*, HIP_vector_type<float, 2u> const*, int, int, int, int, int, int, HIP_vector_type<unsigned int, 3u>, HIP_vector_type<unsigned int, 3u>, HIP_vector_type<unsigned int, 3u>)	17	0	0	0	0	0
void flash_attn_stream_k_fixup_general<72, 1, 4>(float*, HIP_vector_type<float, 2u> const*, int, int, int, int, HIP_vector_type<unsigned int, 3u>, HIP_vector_type<unsigned int, 3u>, HIP_vector_type<unsigned int, 3u>, HIP_vector_type<unsigned int, 3u>)	22	0	0	0	0	0
void flash_attn_tile<72, 72, 32, 2, false>(char const*, char const*, char const*, char const*, char const*, int const*, float*, HIP_vector_type<float, 2u>*, float, float, float, float, unsigned int, float, int, HIP_vector_type<unsigned int, 3u>, int, int, int, int, int, int, int, int, int, int, int, long, int, int, long, int, int, int, int, int, long)	124	0	0	0	18656	0
void flash_attn_mask_to_KV_max<32>(__half2 const*, int*, int, long, long)	14	0	0	48	128	0
void flash_attn_stream_k_fixup_uniform<72, 32, 2>(float*, HIP_vector_type<float, 2u> const*, int, int, int, int, int, int, HIP_vector_type<unsigned int, 3u>, HIP_vector_type<unsigned int, 3u>, HIP_vector_type<unsigned int, 3u>)	17	0	0	0	0	0
void flash_attn_stream_k_fixup_general<72, 32, 2>(float*, HIP_vector_type<float, 2u> const*, int, int, int, int, HIP_vector_type<unsigned int, 3u>, HIP_vector_type<unsigned int, 3u>, HIP_vector_type<unsigned int, 3u>, HIP_vector_type<unsigned int, 3u>)	22	0	0	0	0	0
void flash_attn_tile<72, 72, 16, 2, false>(char const*, char const*, char const*, char const*, char const*, int const*, float*, HIP_vector_type<float, 2u>*, float, float, float, float, unsigned int, float, int, HIP_vector_type<unsigned int, 3u>, int, int, int, int, int, int, int, int, int, int, int, long, int, int, long, int, int, int, int, int, long)	86	0	0	0	12000	0
void flash_attn_stream_k_fixup_uniform<72, 16, 2>(float*, HIP_vector_type<float, 2u> const*, int, int, int, int, int, int, HIP_vector_type<unsigned int, 3u>, HIP_vector_type<unsigned int, 3u>, HIP_vector_type<unsigned int, 3u>)	17	0	0	0	0	0
void flash_attn_stream_k_fixup_general<72, 16, 2>(float*, HIP_vector_type<float, 2u> const*, int, int, int, int, HIP_vector_type<unsigned int, 3u>, HIP_vector_type<unsigned int, 3u>, HIP_vector_type<unsigned int, 3u>, HIP_vector_type<unsigned int, 3u>)	22	0	0	0	0	0
void flash_attn_tile<72, 72, 8, 2, false>(char const*, char const*, char const*, char const*, char const*, int const*, float*, HIP_vector_type<float, 2u>*, float, float, float, float, unsigned int, float, int, HIP_vector_type<unsigned int, 3u>, int, int, int, int, int, int, int, int, int, int, int, long, int, int, long, int, int, int, int, int, long)	90	0	0	0	8672	0
void flash_attn_stream_k_fixup_uniform<72, 8, 2>(float*, HIP_vector_type<float, 2u> const*, int, int, int, int, int, int, HIP_vector_type<unsigned int, 3u>, HIP_vector_type<unsigned int, 3u>, HIP_vector_type<unsigned int, 3u>)	17	0	0	0	0	0
void flash_attn_stream_k_fixup_general<72, 8, 2>(float*, HIP_vector_type<float, 2u> const*, int, int, int, int, HIP_vector_type<unsigned int, 3u>, HIP_vector_type<unsigned int, 3u>, HIP_vector_type<unsigned int, 3u>, HIP_vector_type<unsigned int, 3u>)	22	0	0	0	0	0
void flash_attn_tile<72, 72, 4, 2, false>(char const*, char const*, char const*, char const*, char const*, int const*, float*, HIP_vector_type<float, 2u>*, float, float, float, float, unsigned int, float, int, HIP_vector_type<unsigned int, 3u>, int, int, int, int, int, int, int, int, int, int, int, long, int, int, long, int, int, int, int, int, long)	116	0	0	0	7008	0
void flash_attn_stream_k_fixup_uniform<72, 4, 2>(float*, HIP_vector_type<float, 2u> const*, int, int, int, int, int, int, HIP_vector_type<unsigned int, 3u>, HIP_vector_type<unsigned int, 3u>, HIP_vector_type<unsigned int, 3u>)	17	0	0	0	0	0
void flash_attn_stream_k_fixup_general<72, 4, 2>(float*, HIP_vector_type<float, 2u> const*, int, int, int, int, HIP_vector_type<unsigned int, 3u>, HIP_vector_type<unsigned int, 3u>, HIP_vector_type<unsigned int, 3u>, HIP_vector_type<unsigned int, 3u>)	22	0	0	0	0	0
void flash_attn_tile<72, 72, 2, 2, false>(char const*, char const*, char const*, char const*, char const*, int const*, float*, HIP_vector_type<float, 2u>*, float, float, float, float, unsigned int, float, int, HIP_vector_type<unsigned int, 3u>, int, int, int, int, int, int, int, int, int, int, int, long, int, int, long, int, int, int, int, int, long)	116	0	0	0	6176	0
void flash_attn_stream_k_fixup_uniform<72, 2, 2>(float*, HIP_vector_type<float, 2u> const*, int, int, int, int, int, int, HIP_vector_type<unsigned int, 3u>, HIP_vector_type<unsigned int, 3u>, HIP_vector_type<unsigned int, 3u>)	17	0	0	0	0	0
void flash_attn_stream_k_fixup_general<72, 2, 2>(float*, HIP_vector_type<float, 2u> const*, int, int, int, int, HIP_vector_type<unsigned int, 3u>, HIP_vector_type<unsigned int, 3u>, HIP_vector_type<unsigned int, 3u>, HIP_vector_type<unsigned int, 3u>)	22	0	0	0	0	0
void flash_attn_tile<72, 72, 1, 2, false>(char const*, char const*, char const*, char const*, char const*, int const*, float*, HIP_vector_type<float, 2u>*, float, float, float, float, unsigned int, float, int, HIP_vector_type<unsigned int, 3u>, int, int, int, int, int, int, int, int, int, int, int, long, int, int, long, int, int, int, int, int, long)	101	0	0	0	5760	0
void flash_attn_stream_k_fixup_uniform<72, 1, 2>(float*, HIP_vector_type<float, 2u> const*, int, int, int, int, int, int, HIP_vector_type<unsigned int, 3u>, HIP_vector_type<unsigned int, 3u>, HIP_vector_type<unsigned int, 3u>)	17	0	0	0	0	0
void flash_attn_stream_k_fixup_general<72, 1, 2>(float*, HIP_vector_type<float, 2u> const*, int, int, int, int, HIP_vector_type<unsigned int, 3u>, HIP_vector_type<unsigned int, 3u>, HIP_vector_type<unsigned int, 3u>, HIP_vector_type<unsigned int, 3u>)	22	0	0	0	0	0
void flash_attn_tile<72, 72, 64, 1, false>(char const*, char const*, char const*, char const*, char const*, int const*, float*, HIP_vector_type<float, 2u>*, float, float, float, float, unsigned int, float, int, HIP_vector_type<unsigned int, 3u>, int, int, int, int, int, int, int, int, int, int, int, long, int, int, long, int, int, int, int, int, long)	134	0	0	0	18656	32
void flash_attn_mask_to_KV_max<64>(__half2 const*, int*, int, long, long)	16	0	0	176	128	0
void flash_attn_stream_k_fixup_uniform<72, 64, 1>(float*, HIP_vector_type<float, 2u> const*, int, int, int, int, int, int, HIP_vector_type<unsigned int, 3u>, HIP_vector_type<unsigned int, 3u>, HIP_vector_type<unsigned int, 3u>)	17	0	0	0	0	0
void flash_attn_stream_k_fixup_general<72, 64, 1>(float*, HIP_vector_type<float, 2u> const*, int, int, int, int, HIP_vector_type<unsigned int, 3u>, HIP_vector_type<unsigned int, 3u>, HIP_vector_type<unsigned int, 3u>, HIP_vector_type<unsigned int, 3u>)	22	0	0	0	0	0
void flash_attn_tile<72, 72, 32, 1, false>(char const*, char const*, char const*, char const*, char const*, int const*, float*, HIP_vector_type<float, 2u>*, float, float, float, float, unsigned int, float, int, HIP_vector_type<unsigned int, 3u>, int, int, int, int, int, int, int, int, int, int, int, long, int, int, long, int, int, int, int, int, long)	92	0	0	0	12000	32
void flash_attn_stream_k_fixup_uniform<72, 32, 1>(float*, HIP_vector_type<float, 2u> const*, int, int, int, int, int, int, HIP_vector_type<unsigned int, 3u>, HIP_vector_type<unsigned int, 3u>, HIP_vector_type<unsigned int, 3u>)	17	0	0	0	0	0
void flash_attn_stream_k_fixup_general<72, 32, 1>(float*, HIP_vector_type<float, 2u> const*, int, int, int, int, HIP_vector_type<unsigned int, 3u>, HIP_vector_type<unsigned int, 3u>, HIP_vector_type<unsigned int, 3u>, HIP_vector_type<unsigned int, 3u>)	22	0	0	0	0	0
void flash_attn_tile<72, 72, 16, 1, false>(char const*, char const*, char const*, char const*, char const*, int const*, float*, HIP_vector_type<float, 2u>*, float, float, float, float, unsigned int, float, int, HIP_vector_type<unsigned int, 3u>, int, int, int, int, int, int, int, int, int, int, int, long, int, int, long, int, int, int, int, int, long)	96	0	0	0	8672	32
void flash_attn_stream_k_fixup_uniform<72, 16, 1>(float*, HIP_vector_type<float, 2u> const*, int, int, int, int, int, int, HIP_vector_type<unsigned int, 3u>, HIP_vector_type<unsigned int, 3u>, HIP_vector_type<unsigned int, 3u>)	17	0	0	0	0	0
void flash_attn_stream_k_fixup_general<72, 16, 1>(float*, HIP_vector_type<float, 2u> const*, int, int, int, int, HIP_vector_type<unsigned int, 3u>, HIP_vector_type<unsigned int, 3u>, HIP_vector_type<unsigned int, 3u>, HIP_vector_type<unsigned int, 3u>)	22	0	0	0	0	0
void flash_attn_tile<72, 72, 8, 1, false>(char const*, char const*, char const*, char const*, char const*, int const*, float*, HIP_vector_type<float, 2u>*, float, float, float, float, unsigned int, float, int, HIP_vector_type<unsigned int, 3u>, int, int, int, int, int, int, int, int, int, int, int, long, int, int, long, int, int, int, int, int, long)	114	0	0	0	7008	32
void flash_attn_stream_k_fixup_uniform<72, 8, 1>(float*, HIP_vector_type<float, 2u> const*, int, int, int, int, int, int, HIP_vector_type<unsigned int, 3u>, HIP_vector_type<unsigned int, 3u>, HIP_vector_type<unsigned int, 3u>)	17	0	0	0	0	0
void flash_attn_stream_k_fixup_general<72, 8, 1>(float*, HIP_vector_type<float, 2u> const*, int, int, int, int, HIP_vector_type<unsigned int, 3u>, HIP_vector_type<unsigned int, 3u>, HIP_vector_type<unsigned int, 3u>, HIP_vector_type<unsigned int, 3u>)	22	0	0	0	0	0
void flash_attn_tile<72, 72, 4, 1, false>(char const*, char const*, char const*, char const*, char const*, int const*, float*, HIP_vector_type<float, 2u>*, float, float, float, float, unsigned int, float, int, HIP_vector_type<unsigned int, 3u>, int, int, int, int, int, int, int, int, int, int, int, long, int, int, long, int, int, int, int, int, long)	113	0	0	0	6176	32
void flash_attn_stream_k_fixup_uniform<72, 4, 1>(float*, HIP_vector_type<float, 2u> const*, int, int, int, int, int, int, HIP_vector_type<unsigned int, 3u>, HIP_vector_type<unsigned int, 3u>, HIP_vector_type<unsigned int, 3u>)	17	0	0	0	0	0
void flash_attn_stream_k_fixup_general<72, 4, 1>(float*, HIP_vector_type<float, 2u> const*, int, int, int, int, HIP_vector_type<unsigned int, 3u>, HIP_vector_type<unsigned int, 3u>, HIP_vector_type<unsigned int, 3u>, HIP_vector_type<unsigned int, 3u>)	22	0	0	0	0	0
void flash_attn_tile<72, 72, 2, 1, false>(char const*, char const*, char const*, char const*, char const*, int const*, float*, HIP_vector_type<float, 2u>*, float, float, float, float, unsigned int, float, int, HIP_vector_type<unsigned int, 3u>, int, int, int, int, int, int, int, int, int, int, int, long, int, int, long, int, int, int, int, int, long)	98	0	0	0	5760	32
void flash_attn_stream_k_fixup_uniform<72, 2, 1>(float*, HIP_vector_type<float, 2u> const*, int, int, int, int, int, int, HIP_vector_type<unsigned int, 3u>, HIP_vector_type<unsigned int, 3u>, HIP_vector_type<unsigned int, 3u>)	17	0	0	0	0	0
void flash_attn_stream_k_fixup_general<72, 2, 1>(float*, HIP_vector_type<float, 2u> const*, int, int, int, int, HIP_vector_type<unsigned int, 3u>, HIP_vector_type<unsigned int, 3u>, HIP_vector_type<unsigned int, 3u>, HIP_vector_type<unsigned int, 3u>)	22	0	0	0	0	0
void flash_attn_tile<72, 72, 8, 8, true>(char const*, char const*, char const*, char const*, char const*, int const*, float*, HIP_vector_type<float, 2u>*, float, float, float, float, unsigned int, float, int, HIP_vector_type<unsigned int, 3u>, int, int, int, int, int, int, int, int, int, int, int, long, int, int, long, int, int, int, int, int, long)	37	0	0	0	0	16
void flash_attn_tile<72, 72, 4, 8, true>(char const*, char const*, char const*, char const*, char const*, int const*, float*, HIP_vector_type<float, 2u>*, float, float, float, float, unsigned int, float, int, HIP_vector_type<unsigned int, 3u>, int, int, int, int, int, int, int, int, int, int, int, long, int, int, long, int, int, int, int, int, long)	37	0	0	0	0	16
void flash_attn_tile<72, 72, 2, 8, true>(char const*, char const*, char const*, char const*, char const*, int const*, float*, HIP_vector_type<float, 2u>*, float, float, float, float, unsigned int, float, int, HIP_vector_type<unsigned int, 3u>, int, int, int, int, int, int, int, int, int, int, int, long, int, int, long, int, int, int, int, int, long)	37	0	0	0	0	16
void flash_attn_tile<72, 72, 1, 8, true>(char const*, char const*, char const*, char const*, char const*, int const*, float*, HIP_vector_type<float, 2u>*, float, float, float, float, unsigned int, float, int, HIP_vector_type<unsigned int, 3u>, int, int, int, int, int, int, int, int, int, int, int, long, int, int, long, int, int, int, int, int, long)	37	0	0	0	0	16
void flash_attn_tile<72, 72, 16, 4, true>(char const*, char const*, char const*, char const*, char const*, int const*, float*, HIP_vector_type<float, 2u>*, float, float, float, float, unsigned int, float, int, HIP_vector_type<unsigned int, 3u>, int, int, int, int, int, int, int, int, int, int, int, long, int, int, long, int, int, int, int, int, long)	37	0	0	0	0	16
void flash_attn_tile<72, 72, 8, 4, true>(char const*, char const*, char const*, char const*, char const*, int const*, float*, HIP_vector_type<float, 2u>*, float, float, float, float, unsigned int, float, int, HIP_vector_type<unsigned int, 3u>, int, int, int, int, int, int, int, int, int, int, int, long, int, int, long, int, int, int, int, int, long)	37	0	0	0	0	16
void flash_attn_tile<72, 72, 4, 4, true>(char const*, char const*, char const*, char const*, char const*, int const*, float*, HIP_vector_type<float, 2u>*, float, float, float, float, unsigned int, float, int, HIP_vector_type<unsigned int, 3u>, int, int, int, int, int, int, int, int, int, int, int, long, int, int, long, int, int, int, int, int, long)	37	0	0	0	0	16
void flash_attn_tile<72, 72, 2, 4, true>(char const*, char const*, char const*, char const*, char const*, int const*, float*, HIP_vector_type<float, 2u>*, float, float, float, float, unsigned int, float, int, HIP_vector_type<unsigned int, 3u>, int, int, int, int, int, int, int, int, int, int, int, long, int, int, long, int, int, int, int, int, long)	37	0	0	0	0	16
void flash_attn_tile<72, 72, 1, 4, true>(char const*, char const*, char const*, char const*, char const*, int const*, float*, HIP_vector_type<float, 2u>*, float, float, float, float, unsigned int, float, int, HIP_vector_type<unsigned int, 3u>, int, int, int, int, int, int, int, int, int, int, int, long, int, int, long, int, int, int, int, int, long)	37	0	0	0	0	16
void flash_attn_tile<72, 72, 32, 2, true>(char const*, char const*, char const*, char const*, char const*, int const*, float*, HIP_vector_type<float, 2u>*, float, float, float, float, unsigned int, float, int, HIP_vector_type<unsigned int, 3u>, int, int, int, int, int, int, int, int, int, int, int, long, int, int, long, int, int, int, int, int, long)	37	0	0	0	0	16
void flash_attn_tile<72, 72, 16, 2, true>(char const*, char const*, char const*, char const*, char const*, int const*, float*, HIP_vector_type<float, 2u>*, float, float, float, float, unsigned int, float, int, HIP_vector_type<unsigned int, 3u>, int, int, int, int, int, int, int, int, int, int, int, long, int, int, long, int, int, int, int, int, long)	37	0	0	0	0	16
void flash_attn_tile<72, 72, 8, 2, true>(char const*, char const*, char const*, char const*, char const*, int const*, float*, HIP_vector_type<float, 2u>*, float, float, float, float, unsigned int, float, int, HIP_vector_type<unsigned int, 3u>, int, int, int, int, int, int, int, int, int, int, int, long, int, int, long, int, int, int, int, int, long)	37	0	0	0	0	16
void flash_attn_tile<72, 72, 4, 2, true>(char const*, char const*, char const*, char const*, char const*, int const*, float*, HIP_vector_type<float, 2u>*, float, float, float, float, unsigned int, float, int, HIP_vector_type<unsigned int, 3u>, int, int, int, int, int, int, int, int, int, int, int, long, int, int, long, int, int, int, int, int, long)	37	0	0	0	0	16
void flash_attn_tile<72, 72, 2, 2, true>(char const*, char const*, char const*, char const*, char const*, int const*, float*, HIP_vector_type<float, 2u>*, float, float, float, float, unsigned int, float, int, HIP_vector_type<unsigned int, 3u>, int, int, int, int, int, int, int, int, int, int, int, long, int, int, long, int, int, int, int, int, long)	37	0	0	0	0	16
void flash_attn_tile<72, 72, 1, 2, true>(char const*, char const*, char const*, char const*, char const*, int const*, float*, HIP_vector_type<float, 2u>*, float, float, float, float, unsigned int, float, int, HIP_vector_type<unsigned int, 3u>, int, int, int, int, int, int, int, int, int, int, int, long, int, int, long, int, int, int, int, int, long)	37	0	0	0	0	16
void flash_attn_tile<72, 72, 64, 1, true>(char const*, char const*, char const*, char const*, char const*, int const*, float*, HIP_vector_type<float, 2u>*, float, float, float, float, unsigned int, float, int, HIP_vector_type<unsigned int, 3u>, int, int, int, int, int, int, int, int, int, int, int, long, int, int, long, int, int, int, int, int, long)	37	0	0	0	0	16
void flash_attn_tile<72, 72, 32, 1, true>(char const*, char const*, char const*, char const*, char const*, int const*, float*, HIP_vector_type<float, 2u>*, float, float, float, float, unsigned int, float, int, HIP_vector_type<unsigned int, 3u>, int, int, int, int, int, int, int, int, int, int, int, long, int, int, long, int, int, int, int, int, long)	37	0	0	0	0	16
void flash_attn_tile<72, 72, 16, 1, true>(char const*, char const*, char const*, char const*, char const*, int const*, float*, HIP_vector_type<float, 2u>*, float, float, float, float, unsigned int, float, int, HIP_vector_type<unsigned int, 3u>, int, int, int, int, int, int, int, int, int, int, int, long, int, int, long, int, int, int, int, int, long)	37	0	0	0	0	16
void flash_attn_tile<72, 72, 8, 1, true>(char const*, char const*, char const*, char const*, char const*, int const*, float*, HIP_vector_type<float, 2u>*, float, float, float, float, unsigned int, float, int, HIP_vector_type<unsigned int, 3u>, int, int, int, int, int, int, int, int, int, int, int, long, int, int, long, int, int, int, int, int, long)	37	0	0	0	0	16
void flash_attn_tile<72, 72, 4, 1, true>(char const*, char const*, char const*, char const*, char const*, int const*, float*, HIP_vector_type<float, 2u>*, float, float, float, float, unsigned int, float, int, HIP_vector_type<unsigned int, 3u>, int, int, int, int, int, int, int, int, int, int, int, long, int, int, long, int, int, int, int, int, long)	37	0	0	0	0	16
void flash_attn_tile<72, 72, 2, 1, true>(char const*, char const*, char const*, char const*, char const*, int const*, float*, HIP_vector_type<float, 2u>*, float, float, float, float, unsigned int, float, int, HIP_vector_type<unsigned int, 3u>, int, int, int, int, int, int, int, int, int, int, int, long, int, int, long, int, int, int, int, int, long)	37	0	0	0	0	16
void flash_attn_tile<80, 80, 8, 8, false>(char const*, char const*, char const*, char const*, char const*, int const*, float*, HIP_vector_type<float, 2u>*, float, float, float, float, unsigned int, float, int, HIP_vector_type<unsigned int, 3u>, int, int, int, int, int, int, int, int, int, int, int, long, int, int, long, int, int, int, int, int, long)	37	0	0	0	0	16
void flash_attn_mask_to_KV_max<8>(__half2 const*, int*, int, long, long)	18	0	0	0	128	0
void flash_attn_stream_k_fixup_uniform<80, 8, 8>(float*, HIP_vector_type<float, 2u> const*, int, int, int, int, int, int, HIP_vector_type<unsigned int, 3u>, HIP_vector_type<unsigned int, 3u>, HIP_vector_type<unsigned int, 3u>)	17	0	0	0	0	0
void flash_attn_stream_k_fixup_general<80, 8, 8>(float*, HIP_vector_type<float, 2u> const*, int, int, int, int, HIP_vector_type<unsigned int, 3u>, HIP_vector_type<unsigned int, 3u>, HIP_vector_type<unsigned int, 3u>, HIP_vector_type<unsigned int, 3u>)	22	0	0	0	0	0
void flash_attn_combine_results<80>(float const*, HIP_vector_type<float, 2u> const*, float*, int)	51	0	0	0	0	0
void flash_attn_tile<80, 80, 4, 8, false>(char const*, char const*, char const*, char const*, char const*, int const*, float*, HIP_vector_type<float, 2u>*, float, float, float, float, unsigned int, float, int, HIP_vector_type<unsigned int, 3u>, int, int, int, int, int, int, int, int, int, int, int, long, int, int, long, int, int, int, int, int, long)	37	0	0	0	0	16
void flash_attn_mask_to_KV_max<4>(__half2 const*, int*, int, long, long)	18	0	0	0	128	0
void flash_attn_stream_k_fixup_uniform<80, 4, 8>(float*, HIP_vector_type<float, 2u> const*, int, int, int, int, int, int, HIP_vector_type<unsigned int, 3u>, HIP_vector_type<unsigned int, 3u>, HIP_vector_type<unsigned int, 3u>)	17	0	0	0	0	0
void flash_attn_stream_k_fixup_general<80, 4, 8>(float*, HIP_vector_type<float, 2u> const*, int, int, int, int, HIP_vector_type<unsigned int, 3u>, HIP_vector_type<unsigned int, 3u>, HIP_vector_type<unsigned int, 3u>, HIP_vector_type<unsigned int, 3u>)	22	0	0	0	0	0
void flash_attn_tile<80, 80, 2, 8, false>(char const*, char const*, char const*, char const*, char const*, int const*, float*, HIP_vector_type<float, 2u>*, float, float, float, float, unsigned int, float, int, HIP_vector_type<unsigned int, 3u>, int, int, int, int, int, int, int, int, int, int, int, long, int, int, long, int, int, int, int, int, long)	37	0	0	0	0	16
void flash_attn_mask_to_KV_max<2>(__half2 const*, int*, int, long, long)	18	0	0	0	128	0
void flash_attn_stream_k_fixup_uniform<80, 2, 8>(float*, HIP_vector_type<float, 2u> const*, int, int, int, int, int, int, HIP_vector_type<unsigned int, 3u>, HIP_vector_type<unsigned int, 3u>, HIP_vector_type<unsigned int, 3u>)	17	0	0	0	0	0
void flash_attn_stream_k_fixup_general<80, 2, 8>(float*, HIP_vector_type<float, 2u> const*, int, int, int, int, HIP_vector_type<unsigned int, 3u>, HIP_vector_type<unsigned int, 3u>, HIP_vector_type<unsigned int, 3u>, HIP_vector_type<unsigned int, 3u>)	22	0	0	0	0	0
void flash_attn_tile<80, 80, 1, 8, false>(char const*, char const*, char const*, char const*, char const*, int const*, float*, HIP_vector_type<float, 2u>*, float, float, float, float, unsigned int, float, int, HIP_vector_type<unsigned int, 3u>, int, int, int, int, int, int, int, int, int, int, int, long, int, int, long, int, int, int, int, int, long)	37	0	0	0	0	16
void flash_attn_mask_to_KV_max<1>(__half2 const*, int*, int, long, long)	18	0	0	0	128	0
void flash_attn_stream_k_fixup_uniform<80, 1, 8>(float*, HIP_vector_type<float, 2u> const*, int, int, int, int, int, int, HIP_vector_type<unsigned int, 3u>, HIP_vector_type<unsigned int, 3u>, HIP_vector_type<unsigned int, 3u>)	17	0	0	0	0	0
void flash_attn_stream_k_fixup_general<80, 1, 8>(float*, HIP_vector_type<float, 2u> const*, int, int, int, int, HIP_vector_type<unsigned int, 3u>, HIP_vector_type<unsigned int, 3u>, HIP_vector_type<unsigned int, 3u>, HIP_vector_type<unsigned int, 3u>)	22	0	0	0	0	0
void flash_attn_tile<80, 80, 16, 4, false>(char const*, char const*, char const*, char const*, char const*, int const*, float*, HIP_vector_type<float, 2u>*, float, float, float, float, unsigned int, float, int, HIP_vector_type<unsigned int, 3u>, int, int, int, int, int, int, int, int, int, int, int, long, int, int, long, int, int, int, int, int, long)	37	0	0	0	0	16
void flash_attn_mask_to_KV_max<16>(__half2 const*, int*, int, long, long)	13	0	0	0	128	0
void flash_attn_stream_k_fixup_uniform<80, 16, 4>(float*, HIP_vector_type<float, 2u> const*, int, int, int, int, int, int, HIP_vector_type<unsigned int, 3u>, HIP_vector_type<unsigned int, 3u>, HIP_vector_type<unsigned int, 3u>)	17	0	0	0	0	0
void flash_attn_stream_k_fixup_general<80, 16, 4>(float*, HIP_vector_type<float, 2u> const*, int, int, int, int, HIP_vector_type<unsigned int, 3u>, HIP_vector_type<unsigned int, 3u>, HIP_vector_type<unsigned int, 3u>, HIP_vector_type<unsigned int, 3u>)	22	0	0	0	0	0
void flash_attn_tile<80, 80, 8, 4, false>(char const*, char const*, char const*, char const*, char const*, int const*, float*, HIP_vector_type<float, 2u>*, float, float, float, float, unsigned int, float, int, HIP_vector_type<unsigned int, 3u>, int, int, int, int, int, int, int, int, int, int, int, long, int, int, long, int, int, int, int, int, long)	37	0	0	0	0	16
void flash_attn_stream_k_fixup_uniform<80, 8, 4>(float*, HIP_vector_type<float, 2u> const*, int, int, int, int, int, int, HIP_vector_type<unsigned int, 3u>, HIP_vector_type<unsigned int, 3u>, HIP_vector_type<unsigned int, 3u>)	17	0	0	0	0	0
void flash_attn_stream_k_fixup_general<80, 8, 4>(float*, HIP_vector_type<float, 2u> const*, int, int, int, int, HIP_vector_type<unsigned int, 3u>, HIP_vector_type<unsigned int, 3u>, HIP_vector_type<unsigned int, 3u>, HIP_vector_type<unsigned int, 3u>)	22	0	0	0	0	0
void flash_attn_tile<80, 80, 4, 4, false>(char const*, char const*, char const*, char const*, char const*, int const*, float*, HIP_vector_type<float, 2u>*, float, float, float, float, unsigned int, float, int, HIP_vector_type<unsigned int, 3u>, int, int, int, int, int, int, int, int, int, int, int, long, int, int, long, int, int, int, int, int, long)	37	0	0	0	0	16
void flash_attn_stream_k_fixup_uniform<80, 4, 4>(float*, HIP_vector_type<float, 2u> const*, int, int, int, int, int, int, HIP_vector_type<unsigned int, 3u>, HIP_vector_type<unsigned int, 3u>, HIP_vector_type<unsigned int, 3u>)	17	0	0	0	0	0
void flash_attn_stream_k_fixup_general<80, 4, 4>(float*, HIP_vector_type<float, 2u> const*, int, int, int, int, HIP_vector_type<unsigned int, 3u>, HIP_vector_type<unsigned int, 3u>, HIP_vector_type<unsigned int, 3u>, HIP_vector_type<unsigned int, 3u>)	22	0	0	0	0	0
void flash_attn_tile<80, 80, 2, 4, false>(char const*, char const*, char const*, char const*, char const*, int const*, float*, HIP_vector_type<float, 2u>*, float, float, float, float, unsigned int, float, int, HIP_vector_type<unsigned int, 3u>, int, int, int, int, int, int, int, int, int, int, int, long, int, int, long, int, int, int, int, int, long)	37	0	0	0	0	16
void flash_attn_stream_k_fixup_uniform<80, 2, 4>(float*, HIP_vector_type<float, 2u> const*, int, int, int, int, int, int, HIP_vector_type<unsigned int, 3u>, HIP_vector_type<unsigned int, 3u>, HIP_vector_type<unsigned int, 3u>)	17	0	0	0	0	0
void flash_attn_stream_k_fixup_general<80, 2, 4>(float*, HIP_vector_type<float, 2u> const*, int, int, int, int, HIP_vector_type<unsigned int, 3u>, HIP_vector_type<unsigned int, 3u>, HIP_vector_type<unsigned int, 3u>, HIP_vector_type<unsigned int, 3u>)	22	0	0	0	0	0
void flash_attn_tile<80, 80, 1, 4, false>(char const*, char const*, char const*, char const*, char const*, int const*, float*, HIP_vector_type<float, 2u>*, float, float, float, float, unsigned int, float, int, HIP_vector_type<unsigned int, 3u>, int, int, int, int, int, int, int, int, int, int, int, long, int, int, long, int, int, int, int, int, long)	37	0	0	0	0	16
void flash_attn_stream_k_fixup_uniform<80, 1, 4>(float*, HIP_vector_type<float, 2u> const*, int, int, int, int, int, int, HIP_vector_type<unsigned int, 3u>, HIP_vector_type<unsigned int, 3u>, HIP_vector_type<unsigned int, 3u>)	17	0	0	0	0	0
void flash_attn_stream_k_fixup_general<80, 1, 4>(float*, HIP_vector_type<float, 2u> const*, int, int, int, int, HIP_vector_type<unsigned int, 3u>, HIP_vector_type<unsigned int, 3u>, HIP_vector_type<unsigned int, 3u>, HIP_vector_type<unsigned int, 3u>)	22	0	0	0	0	0
void flash_attn_tile<80, 80, 32, 2, false>(char const*, char const*, char const*, char const*, char const*, int const*, float*, HIP_vector_type<float, 2u>*, float, float, float, float, unsigned int, float, int, HIP_vector_type<unsigned int, 3u>, int, int, int, int, int, int, int, int, int, int, int, long, int, int, long, int, int, int, int, int, long)	37	0	0	0	0	16
void flash_attn_mask_to_KV_max<32>(__half2 const*, int*, int, long, long)	14	0	0	48	128	0
void flash_attn_stream_k_fixup_uniform<80, 32, 2>(float*, HIP_vector_type<float, 2u> const*, int, int, int, int, int, int, HIP_vector_type<unsigned int, 3u>, HIP_vector_type<unsigned int, 3u>, HIP_vector_type<unsigned int, 3u>)	17	0	0	0	0	0
void flash_attn_stream_k_fixup_general<80, 32, 2>(float*, HIP_vector_type<float, 2u> const*, int, int, int, int, HIP_vector_type<unsigned int, 3u>, HIP_vector_type<unsigned int, 3u>, HIP_vector_type<unsigned int, 3u>, HIP_vector_type<unsigned int, 3u>)	22	0	0	0	0	0
void flash_attn_tile<80, 80, 16, 2, false>(char const*, char const*, char const*, char const*, char const*, int const*, float*, HIP_vector_type<float, 2u>*, float, float, float, float, unsigned int, float, int, HIP_vector_type<unsigned int, 3u>, int, int, int, int, int, int, int, int, int, int, int, long, int, int, long, int, int, int, int, int, long)	37	0	0	0	0	16
void flash_attn_stream_k_fixup_uniform<80, 16, 2>(float*, HIP_vector_type<float, 2u> const*, int, int, int, int, int, int, HIP_vector_type<unsigned int, 3u>, HIP_vector_type<unsigned int, 3u>, HIP_vector_type<unsigned int, 3u>)	17	0	0	0	0	0
void flash_attn_stream_k_fixup_general<80, 16, 2>(float*, HIP_vector_type<float, 2u> const*, int, int, int, int, HIP_vector_type<unsigned int, 3u>, HIP_vector_type<unsigned int, 3u>, HIP_vector_type<unsigned int, 3u>, HIP_vector_type<unsigned int, 3u>)	22	0	0	0	0	0
void flash_attn_tile<80, 80, 8, 2, false>(char const*, char const*, char const*, char const*, char const*, int const*, float*, HIP_vector_type<float, 2u>*, float, float, float, float, unsigned int, float, int, HIP_vector_type<unsigned int, 3u>, int, int, int, int, int, int, int, int, int, int, int, long, int, int, long, int, int, int, int, int, long)	37	0	0	0	0	16
void flash_attn_stream_k_fixup_uniform<80, 8, 2>(float*, HIP_vector_type<float, 2u> const*, int, int, int, int, int, int, HIP_vector_type<unsigned int, 3u>, HIP_vector_type<unsigned int, 3u>, HIP_vector_type<unsigned int, 3u>)	17	0	0	0	0	0
void flash_attn_stream_k_fixup_general<80, 8, 2>(float*, HIP_vector_type<float, 2u> const*, int, int, int, int, HIP_vector_type<unsigned int, 3u>, HIP_vector_type<unsigned int, 3u>, HIP_vector_type<unsigned int, 3u>, HIP_vector_type<unsigned int, 3u>)	22	0	0	0	0	0
void flash_attn_tile<80, 80, 4, 2, false>(char const*, char const*, char const*, char const*, char const*, int const*, float*, HIP_vector_type<float, 2u>*, float, float, float, float, unsigned int, float, int, HIP_vector_type<unsigned int, 3u>, int, int, int, int, int, int, int, int, int, int, int, long, int, int, long, int, int, int, int, int, long)	37	0	0	0	0	16
void flash_attn_stream_k_fixup_uniform<80, 4, 2>(float*, HIP_vector_type<float, 2u> const*, int, int, int, int, int, int, HIP_vector_type<unsigned int, 3u>, HIP_vector_type<unsigned int, 3u>, HIP_vector_type<unsigned int, 3u>)	17	0	0	0	0	0
void flash_attn_stream_k_fixup_general<80, 4, 2>(float*, HIP_vector_type<float, 2u> const*, int, int, int, int, HIP_vector_type<unsigned int, 3u>, HIP_vector_type<unsigned int, 3u>, HIP_vector_type<unsigned int, 3u>, HIP_vector_type<unsigned int, 3u>)	22	0	0	0	0	0
void flash_attn_tile<80, 80, 2, 2, false>(char const*, char const*, char const*, char const*, char const*, int const*, float*, HIP_vector_type<float, 2u>*, float, float, float, float, unsigned int, float, int, HIP_vector_type<unsigned int, 3u>, int, int, int, int, int, int, int, int, int, int, int, long, int, int, long, int, int, int, int, int, long)	37	0	0	0	0	16
void flash_attn_stream_k_fixup_uniform<80, 2, 2>(float*, HIP_vector_type<float, 2u> const*, int, int, int, int, int, int, HIP_vector_type<unsigned int, 3u>, HIP_vector_type<unsigned int, 3u>, HIP_vector_type<unsigned int, 3u>)	17	0	0	0	0	0
void flash_attn_stream_k_fixup_general<80, 2, 2>(float*, HIP_vector_type<float, 2u> const*, int, int, int, int, HIP_vector_type<unsigned int, 3u>, HIP_vector_type<unsigned int, 3u>, HIP_vector_type<unsigned int, 3u>, HIP_vector_type<unsigned int, 3u>)	22	0	0	0	0	0
void flash_attn_tile<80, 80, 1, 2, false>(char const*, char const*, char const*, char const*, char const*, int const*, float*, HIP_vector_type<float, 2u>*, float, float, float, float, unsigned int, float, int, HIP_vector_type<unsigned int, 3u>, int, int, int, int, int, int, int, int, int, int, int, long, int, int, long, int, int, int, int, int, long)	37	0	0	0	0	16
void flash_attn_stream_k_fixup_uniform<80, 1, 2>(float*, HIP_vector_type<float, 2u> const*, int, int, int, int, int, int, HIP_vector_type<unsigned int, 3u>, HIP_vector_type<unsigned int, 3u>, HIP_vector_type<unsigned int, 3u>)	17	0	0	0	0	0
void flash_attn_stream_k_fixup_general<80, 1, 2>(float*, HIP_vector_type<float, 2u> const*, int, int, int, int, HIP_vector_type<unsigned int, 3u>, HIP_vector_type<unsigned int, 3u>, HIP_vector_type<unsigned int, 3u>, HIP_vector_type<unsigned int, 3u>)	22	0	0	0	0	0
void flash_attn_tile<80, 80, 64, 1, false>(char const*, char const*, char const*, char const*, char const*, int const*, float*, HIP_vector_type<float, 2u>*, float, float, float, float, unsigned int, float, int, HIP_vector_type<unsigned int, 3u>, int, int, int, int, int, int, int, int, int, int, int, long, int, int, long, int, int, int, int, int, long)	214	0	0	0	21696	32
void flash_attn_mask_to_KV_max<64>(__half2 const*, int*, int, long, long)	16	0	0	176	128	0
void flash_attn_stream_k_fixup_uniform<80, 64, 1>(float*, HIP_vector_type<float, 2u> const*, int, int, int, int, int, int, HIP_vector_type<unsigned int, 3u>, HIP_vector_type<unsigned int, 3u>, HIP_vector_type<unsigned int, 3u>)	17	0	0	0	0	0
void flash_attn_stream_k_fixup_general<80, 64, 1>(float*, HIP_vector_type<float, 2u> const*, int, int, int, int, HIP_vector_type<unsigned int, 3u>, HIP_vector_type<unsigned int, 3u>, HIP_vector_type<unsigned int, 3u>, HIP_vector_type<unsigned int, 3u>)	22	0	0	0	0	0
void flash_attn_tile<80, 80, 32, 1, false>(char const*, char const*, char const*, char const*, char const*, int const*, float*, HIP_vector_type<float, 2u>*, float, float, float, float, unsigned int, float, int, HIP_vector_type<unsigned int, 3u>, int, int, int, int, int, int, int, int, int, int, int, long, int, int, long, int, int, int, int, int, long)	148	0	0	0	10432	32
void flash_attn_stream_k_fixup_uniform<80, 32, 1>(float*, HIP_vector_type<float, 2u> const*, int, int, int, int, int, int, HIP_vector_type<unsigned int, 3u>, HIP_vector_type<unsigned int, 3u>, HIP_vector_type<unsigned int, 3u>)	17	0	0	0	0	0
void flash_attn_stream_k_fixup_general<80, 32, 1>(float*, HIP_vector_type<float, 2u> const*, int, int, int, int, HIP_vector_type<unsigned int, 3u>, HIP_vector_type<unsigned int, 3u>, HIP_vector_type<unsigned int, 3u>, HIP_vector_type<unsigned int, 3u>)	22	0	0	0	0	0
void flash_attn_tile<80, 80, 16, 1, false>(char const*, char const*, char const*, char const*, char const*, int const*, float*, HIP_vector_type<float, 2u>*, float, float, float, float, unsigned int, float, int, HIP_vector_type<unsigned int, 3u>, int, int, int, int, int, int, int, int, int, int, int, long, int, int, long, int, int, int, int, int, long)	116	0	0	0	6848	32
void flash_attn_stream_k_fixup_uniform<80, 16, 1>(float*, HIP_vector_type<float, 2u> const*, int, int, int, int, int, int, HIP_vector_type<unsigned int, 3u>, HIP_vector_type<unsigned int, 3u>, HIP_vector_type<unsigned int, 3u>)	17	0	0	0	0	0
void flash_attn_stream_k_fixup_general<80, 16, 1>(float*, HIP_vector_type<float, 2u> const*, int, int, int, int, HIP_vector_type<unsigned int, 3u>, HIP_vector_type<unsigned int, 3u>, HIP_vector_type<unsigned int, 3u>, HIP_vector_type<unsigned int, 3u>)	22	0	0	0	0	0
void flash_attn_tile<80, 80, 8, 1, false>(char const*, char const*, char const*, char const*, char const*, int const*, float*, HIP_vector_type<float, 2u>*, float, float, float, float, unsigned int, float, int, HIP_vector_type<unsigned int, 3u>, int, int, int, int, int, int, int, int, int, int, int, long, int, int, long, int, int, int, int, int, long)	88	0	0	0	5056	32
void flash_attn_stream_k_fixup_uniform<80, 8, 1>(float*, HIP_vector_type<float, 2u> const*, int, int, int, int, int, int, HIP_vector_type<unsigned int, 3u>, HIP_vector_type<unsigned int, 3u>, HIP_vector_type<unsigned int, 3u>)	17	0	0	0	0	0
void flash_attn_stream_k_fixup_general<80, 8, 1>(float*, HIP_vector_type<float, 2u> const*, int, int, int, int, HIP_vector_type<unsigned int, 3u>, HIP_vector_type<unsigned int, 3u>, HIP_vector_type<unsigned int, 3u>, HIP_vector_type<unsigned int, 3u>)	22	0	0	0	0	0
void flash_attn_tile<80, 80, 4, 1, false>(char const*, char const*, char const*, char const*, char const*, int const*, float*, HIP_vector_type<float, 2u>*, float, float, float, float, unsigned int, float, int, HIP_vector_type<unsigned int, 3u>, int, int, int, int, int, int, int, int, int, int, int, long, int, int, long, int, int, int, int, int, long)	89	0	0	0	4160	32
void flash_attn_stream_k_fixup_uniform<80, 4, 1>(float*, HIP_vector_type<float, 2u> const*, int, int, int, int, int, int, HIP_vector_type<unsigned int, 3u>, HIP_vector_type<unsigned int, 3u>, HIP_vector_type<unsigned int, 3u>)	17	0	0	0	0	0
void flash_attn_stream_k_fixup_general<80, 4, 1>(float*, HIP_vector_type<float, 2u> const*, int, int, int, int, HIP_vector_type<unsigned int, 3u>, HIP_vector_type<unsigned int, 3u>, HIP_vector_type<unsigned int, 3u>, HIP_vector_type<unsigned int, 3u>)	22	0	0	0	0	0
void flash_attn_tile<80, 80, 2, 1, false>(char const*, char const*, char const*, char const*, char const*, int const*, float*, HIP_vector_type<float, 2u>*, float, float, float, float, unsigned int, float, int, HIP_vector_type<unsigned int, 3u>, int, int, int, int, int, int, int, int, int, int, int, long, int, int, long, int, int, int, int, int, long)	100	0	0	0	3712	32
void flash_attn_stream_k_fixup_uniform<80, 2, 1>(float*, HIP_vector_type<float, 2u> const*, int, int, int, int, int, int, HIP_vector_type<unsigned int, 3u>, HIP_vector_type<unsigned int, 3u>, HIP_vector_type<unsigned int, 3u>)	17	0	0	0	0	0
void flash_attn_stream_k_fixup_general<80, 2, 1>(float*, HIP_vector_type<float, 2u> const*, int, int, int, int, HIP_vector_type<unsigned int, 3u>, HIP_vector_type<unsigned int, 3u>, HIP_vector_type<unsigned int, 3u>, HIP_vector_type<unsigned int, 3u>)	22	0	0	0	0	0
void flash_attn_tile<80, 80, 8, 8, true>(char const*, char const*, char const*, char const*, char const*, int const*, float*, HIP_vector_type<float, 2u>*, float, float, float, float, unsigned int, float, int, HIP_vector_type<unsigned int, 3u>, int, int, int, int, int, int, int, int, int, int, int, long, int, int, long, int, int, int, int, int, long)	37	0	0	0	0	16
void flash_attn_tile<80, 80, 4, 8, true>(char const*, char const*, char const*, char const*, char const*, int const*, float*, HIP_vector_type<float, 2u>*, float, float, float, float, unsigned int, float, int, HIP_vector_type<unsigned int, 3u>, int, int, int, int, int, int, int, int, int, int, int, long, int, int, long, int, int, int, int, int, long)	37	0	0	0	0	16
void flash_attn_tile<80, 80, 2, 8, true>(char const*, char const*, char const*, char const*, char const*, int const*, float*, HIP_vector_type<float, 2u>*, float, float, float, float, unsigned int, float, int, HIP_vector_type<unsigned int, 3u>, int, int, int, int, int, int, int, int, int, int, int, long, int, int, long, int, int, int, int, int, long)	37	0	0	0	0	16
void flash_attn_tile<80, 80, 1, 8, true>(char const*, char const*, char const*, char const*, char const*, int const*, float*, HIP_vector_type<float, 2u>*, float, float, float, float, unsigned int, float, int, HIP_vector_type<unsigned int, 3u>, int, int, int, int, int, int, int, int, int, int, int, long, int, int, long, int, int, int, int, int, long)	37	0	0	0	0	16
void flash_attn_tile<80, 80, 16, 4, true>(char const*, char const*, char const*, char const*, char const*, int const*, float*, HIP_vector_type<float, 2u>*, float, float, float, float, unsigned int, float, int, HIP_vector_type<unsigned int, 3u>, int, int, int, int, int, int, int, int, int, int, int, long, int, int, long, int, int, int, int, int, long)	37	0	0	0	0	16
void flash_attn_tile<80, 80, 8, 4, true>(char const*, char const*, char const*, char const*, char const*, int const*, float*, HIP_vector_type<float, 2u>*, float, float, float, float, unsigned int, float, int, HIP_vector_type<unsigned int, 3u>, int, int, int, int, int, int, int, int, int, int, int, long, int, int, long, int, int, int, int, int, long)	37	0	0	0	0	16
void flash_attn_tile<80, 80, 4, 4, true>(char const*, char const*, char const*, char const*, char const*, int const*, float*, HIP_vector_type<float, 2u>*, float, float, float, float, unsigned int, float, int, HIP_vector_type<unsigned int, 3u>, int, int, int, int, int, int, int, int, int, int, int, long, int, int, long, int, int, int, int, int, long)	37	0	0	0	0	16
void flash_attn_tile<80, 80, 2, 4, true>(char const*, char const*, char const*, char const*, char const*, int const*, float*, HIP_vector_type<float, 2u>*, float, float, float, float, unsigned int, float, int, HIP_vector_type<unsigned int, 3u>, int, int, int, int, int, int, int, int, int, int, int, long, int, int, long, int, int, int, int, int, long)	37	0	0	0	0	16
void flash_attn_tile<80, 80, 1, 4, true>(char const*, char const*, char const*, char const*, char const*, int const*, float*, HIP_vector_type<float, 2u>*, float, float, float, float, unsigned int, float, int, HIP_vector_type<unsigned int, 3u>, int, int, int, int, int, int, int, int, int, int, int, long, int, int, long, int, int, int, int, int, long)	37	0	0	0	0	16
void flash_attn_tile<80, 80, 32, 2, true>(char const*, char const*, char const*, char const*, char const*, int const*, float*, HIP_vector_type<float, 2u>*, float, float, float, float, unsigned int, float, int, HIP_vector_type<unsigned int, 3u>, int, int, int, int, int, int, int, int, int, int, int, long, int, int, long, int, int, int, int, int, long)	37	0	0	0	0	16
void flash_attn_tile<80, 80, 16, 2, true>(char const*, char const*, char const*, char const*, char const*, int const*, float*, HIP_vector_type<float, 2u>*, float, float, float, float, unsigned int, float, int, HIP_vector_type<unsigned int, 3u>, int, int, int, int, int, int, int, int, int, int, int, long, int, int, long, int, int, int, int, int, long)	37	0	0	0	0	16
void flash_attn_tile<80, 80, 8, 2, true>(char const*, char const*, char const*, char const*, char const*, int const*, float*, HIP_vector_type<float, 2u>*, float, float, float, float, unsigned int, float, int, HIP_vector_type<unsigned int, 3u>, int, int, int, int, int, int, int, int, int, int, int, long, int, int, long, int, int, int, int, int, long)	37	0	0	0	0	16
void flash_attn_tile<80, 80, 4, 2, true>(char const*, char const*, char const*, char const*, char const*, int const*, float*, HIP_vector_type<float, 2u>*, float, float, float, float, unsigned int, float, int, HIP_vector_type<unsigned int, 3u>, int, int, int, int, int, int, int, int, int, int, int, long, int, int, long, int, int, int, int, int, long)	37	0	0	0	0	16
void flash_attn_tile<80, 80, 2, 2, true>(char const*, char const*, char const*, char const*, char const*, int const*, float*, HIP_vector_type<float, 2u>*, float, float, float, float, unsigned int, float, int, HIP_vector_type<unsigned int, 3u>, int, int, int, int, int, int, int, int, int, int, int, long, int, int, long, int, int, int, int, int, long)	37	0	0	0	0	16
void flash_attn_tile<80, 80, 1, 2, true>(char const*, char const*, char const*, char const*, char const*, int const*, float*, HIP_vector_type<float, 2u>*, float, float, float, float, unsigned int, float, int, HIP_vector_type<unsigned int, 3u>, int, int, int, int, int, int, int, int, int, int, int, long, int, int, long, int, int, int, int, int, long)	37	0	0	0	0	16
void flash_attn_tile<80, 80, 64, 1, true>(char const*, char const*, char const*, char const*, char const*, int const*, float*, HIP_vector_type<float, 2u>*, float, float, float, float, unsigned int, float, int, HIP_vector_type<unsigned int, 3u>, int, int, int, int, int, int, int, int, int, int, int, long, int, int, long, int, int, int, int, int, long)	37	0	0	0	0	16
void flash_attn_tile<80, 80, 32, 1, true>(char const*, char const*, char const*, char const*, char const*, int const*, float*, HIP_vector_type<float, 2u>*, float, float, float, float, unsigned int, float, int, HIP_vector_type<unsigned int, 3u>, int, int, int, int, int, int, int, int, int, int, int, long, int, int, long, int, int, int, int, int, long)	37	0	0	0	0	16
void flash_attn_tile<80, 80, 16, 1, true>(char const*, char const*, char const*, char const*, char const*, int const*, float*, HIP_vector_type<float, 2u>*, float, float, float, float, unsigned int, float, int, HIP_vector_type<unsigned int, 3u>, int, int, int, int, int, int, int, int, int, int, int, long, int, int, long, int, int, int, int, int, long)	37	0	0	0	0	16
void flash_attn_tile<80, 80, 8, 1, true>(char const*, char const*, char const*, char const*, char const*, int const*, float*, HIP_vector_type<float, 2u>*, float, float, float, float, unsigned int, float, int, HIP_vector_type<unsigned int, 3u>, int, int, int, int, int, int, int, int, int, int, int, long, int, int, long, int, int, int, int, int, long)	37	0	0	0	0	16
void flash_attn_tile<80, 80, 4, 1, true>(char const*, char const*, char const*, char const*, char const*, int const*, float*, HIP_vector_type<float, 2u>*, float, float, float, float, unsigned int, float, int, HIP_vector_type<unsigned int, 3u>, int, int, int, int, int, int, int, int, int, int, int, long, int, int, long, int, int, int, int, int, long)	37	0	0	0	0	16
void flash_attn_tile<80, 80, 2, 1, true>(char const*, char const*, char const*, char const*, char const*, int const*, float*, HIP_vector_type<float, 2u>*, float, float, float, float, unsigned int, float, int, HIP_vector_type<unsigned int, 3u>, int, int, int, int, int, int, int, int, int, int, int, long, int, int, long, int, int, int, int, int, long)	37	0	0	0	0	16
void flash_attn_tile<96, 96, 8, 8, false>(char const*, char const*, char const*, char const*, char const*, int const*, float*, HIP_vector_type<float, 2u>*, float, float, float, float, unsigned int, float, int, HIP_vector_type<unsigned int, 3u>, int, int, int, int, int, int, int, int, int, int, int, long, int, int, long, int, int, int, int, int, long)	37	0	0	0	0	16
void flash_attn_mask_to_KV_max<8>(__half2 const*, int*, int, long, long)	18	0	0	0	128	0
void flash_attn_stream_k_fixup_uniform<96, 8, 8>(float*, HIP_vector_type<float, 2u> const*, int, int, int, int, int, int, HIP_vector_type<unsigned int, 3u>, HIP_vector_type<unsigned int, 3u>, HIP_vector_type<unsigned int, 3u>)	17	0	0	0	0	0
void flash_attn_stream_k_fixup_general<96, 8, 8>(float*, HIP_vector_type<float, 2u> const*, int, int, int, int, HIP_vector_type<unsigned int, 3u>, HIP_vector_type<unsigned int, 3u>, HIP_vector_type<unsigned int, 3u>, HIP_vector_type<unsigned int, 3u>)	22	0	0	0	0	0
void flash_attn_combine_results<96>(float const*, HIP_vector_type<float, 2u> const*, float*, int)	51	0	0	0	0	0
void flash_attn_tile<96, 96, 4, 8, false>(char const*, char const*, char const*, char const*, char const*, int const*, float*, HIP_vector_type<float, 2u>*, float, float, float, float, unsigned int, float, int, HIP_vector_type<unsigned int, 3u>, int, int, int, int, int, int, int, int, int, int, int, long, int, int, long, int, int, int, int, int, long)	37	0	0	0	0	16
void flash_attn_mask_to_KV_max<4>(__half2 const*, int*, int, long, long)	18	0	0	0	128	0
void flash_attn_stream_k_fixup_uniform<96, 4, 8>(float*, HIP_vector_type<float, 2u> const*, int, int, int, int, int, int, HIP_vector_type<unsigned int, 3u>, HIP_vector_type<unsigned int, 3u>, HIP_vector_type<unsigned int, 3u>)	17	0	0	0	0	0
void flash_attn_stream_k_fixup_general<96, 4, 8>(float*, HIP_vector_type<float, 2u> const*, int, int, int, int, HIP_vector_type<unsigned int, 3u>, HIP_vector_type<unsigned int, 3u>, HIP_vector_type<unsigned int, 3u>, HIP_vector_type<unsigned int, 3u>)	22	0	0	0	0	0
void flash_attn_tile<96, 96, 2, 8, false>(char const*, char const*, char const*, char const*, char const*, int const*, float*, HIP_vector_type<float, 2u>*, float, float, float, float, unsigned int, float, int, HIP_vector_type<unsigned int, 3u>, int, int, int, int, int, int, int, int, int, int, int, long, int, int, long, int, int, int, int, int, long)	37	0	0	0	0	16
void flash_attn_mask_to_KV_max<2>(__half2 const*, int*, int, long, long)	18	0	0	0	128	0
void flash_attn_stream_k_fixup_uniform<96, 2, 8>(float*, HIP_vector_type<float, 2u> const*, int, int, int, int, int, int, HIP_vector_type<unsigned int, 3u>, HIP_vector_type<unsigned int, 3u>, HIP_vector_type<unsigned int, 3u>)	17	0	0	0	0	0
void flash_attn_stream_k_fixup_general<96, 2, 8>(float*, HIP_vector_type<float, 2u> const*, int, int, int, int, HIP_vector_type<unsigned int, 3u>, HIP_vector_type<unsigned int, 3u>, HIP_vector_type<unsigned int, 3u>, HIP_vector_type<unsigned int, 3u>)	22	0	0	0	0	0
void flash_attn_tile<96, 96, 1, 8, false>(char const*, char const*, char const*, char const*, char const*, int const*, float*, HIP_vector_type<float, 2u>*, float, float, float, float, unsigned int, float, int, HIP_vector_type<unsigned int, 3u>, int, int, int, int, int, int, int, int, int, int, int, long, int, int, long, int, int, int, int, int, long)	37	0	0	0	0	16
void flash_attn_mask_to_KV_max<1>(__half2 const*, int*, int, long, long)	18	0	0	0	128	0
void flash_attn_stream_k_fixup_uniform<96, 1, 8>(float*, HIP_vector_type<float, 2u> const*, int, int, int, int, int, int, HIP_vector_type<unsigned int, 3u>, HIP_vector_type<unsigned int, 3u>, HIP_vector_type<unsigned int, 3u>)	17	0	0	0	0	0
void flash_attn_stream_k_fixup_general<96, 1, 8>(float*, HIP_vector_type<float, 2u> const*, int, int, int, int, HIP_vector_type<unsigned int, 3u>, HIP_vector_type<unsigned int, 3u>, HIP_vector_type<unsigned int, 3u>, HIP_vector_type<unsigned int, 3u>)	22	0	0	0	0	0
void flash_attn_tile<96, 96, 16, 4, false>(char const*, char const*, char const*, char const*, char const*, int const*, float*, HIP_vector_type<float, 2u>*, float, float, float, float, unsigned int, float, int, HIP_vector_type<unsigned int, 3u>, int, int, int, int, int, int, int, int, int, int, int, long, int, int, long, int, int, int, int, int, long)	37	0	0	0	0	16
void flash_attn_mask_to_KV_max<16>(__half2 const*, int*, int, long, long)	13	0	0	0	128	0
void flash_attn_stream_k_fixup_uniform<96, 16, 4>(float*, HIP_vector_type<float, 2u> const*, int, int, int, int, int, int, HIP_vector_type<unsigned int, 3u>, HIP_vector_type<unsigned int, 3u>, HIP_vector_type<unsigned int, 3u>)	17	0	0	0	0	0
void flash_attn_stream_k_fixup_general<96, 16, 4>(float*, HIP_vector_type<float, 2u> const*, int, int, int, int, HIP_vector_type<unsigned int, 3u>, HIP_vector_type<unsigned int, 3u>, HIP_vector_type<unsigned int, 3u>, HIP_vector_type<unsigned int, 3u>)	22	0	0	0	0	0
void flash_attn_tile<96, 96, 8, 4, false>(char const*, char const*, char const*, char const*, char const*, int const*, float*, HIP_vector_type<float, 2u>*, float, float, float, float, unsigned int, float, int, HIP_vector_type<unsigned int, 3u>, int, int, int, int, int, int, int, int, int, int, int, long, int, int, long, int, int, int, int, int, long)	37	0	0	0	0	16
void flash_attn_stream_k_fixup_uniform<96, 8, 4>(float*, HIP_vector_type<float, 2u> const*, int, int, int, int, int, int, HIP_vector_type<unsigned int, 3u>, HIP_vector_type<unsigned int, 3u>, HIP_vector_type<unsigned int, 3u>)	17	0	0	0	0	0
void flash_attn_stream_k_fixup_general<96, 8, 4>(float*, HIP_vector_type<float, 2u> const*, int, int, int, int, HIP_vector_type<unsigned int, 3u>, HIP_vector_type<unsigned int, 3u>, HIP_vector_type<unsigned int, 3u>, HIP_vector_type<unsigned int, 3u>)	22	0	0	0	0	0
void flash_attn_tile<96, 96, 4, 4, false>(char const*, char const*, char const*, char const*, char const*, int const*, float*, HIP_vector_type<float, 2u>*, float, float, float, float, unsigned int, float, int, HIP_vector_type<unsigned int, 3u>, int, int, int, int, int, int, int, int, int, int, int, long, int, int, long, int, int, int, int, int, long)	37	0	0	0	0	16
void flash_attn_stream_k_fixup_uniform<96, 4, 4>(float*, HIP_vector_type<float, 2u> const*, int, int, int, int, int, int, HIP_vector_type<unsigned int, 3u>, HIP_vector_type<unsigned int, 3u>, HIP_vector_type<unsigned int, 3u>)	17	0	0	0	0	0
void flash_attn_stream_k_fixup_general<96, 4, 4>(float*, HIP_vector_type<float, 2u> const*, int, int, int, int, HIP_vector_type<unsigned int, 3u>, HIP_vector_type<unsigned int, 3u>, HIP_vector_type<unsigned int, 3u>, HIP_vector_type<unsigned int, 3u>)	22	0	0	0	0	0
void flash_attn_tile<96, 96, 2, 4, false>(char const*, char const*, char const*, char const*, char const*, int const*, float*, HIP_vector_type<float, 2u>*, float, float, float, float, unsigned int, float, int, HIP_vector_type<unsigned int, 3u>, int, int, int, int, int, int, int, int, int, int, int, long, int, int, long, int, int, int, int, int, long)	37	0	0	0	0	16
void flash_attn_stream_k_fixup_uniform<96, 2, 4>(float*, HIP_vector_type<float, 2u> const*, int, int, int, int, int, int, HIP_vector_type<unsigned int, 3u>, HIP_vector_type<unsigned int, 3u>, HIP_vector_type<unsigned int, 3u>)	17	0	0	0	0	0
void flash_attn_stream_k_fixup_general<96, 2, 4>(float*, HIP_vector_type<float, 2u> const*, int, int, int, int, HIP_vector_type<unsigned int, 3u>, HIP_vector_type<unsigned int, 3u>, HIP_vector_type<unsigned int, 3u>, HIP_vector_type<unsigned int, 3u>)	22	0	0	0	0	0
void flash_attn_tile<96, 96, 1, 4, false>(char const*, char const*, char const*, char const*, char const*, int const*, float*, HIP_vector_type<float, 2u>*, float, float, float, float, unsigned int, float, int, HIP_vector_type<unsigned int, 3u>, int, int, int, int, int, int, int, int, int, int, int, long, int, int, long, int, int, int, int, int, long)	37	0	0	0	0	16
void flash_attn_stream_k_fixup_uniform<96, 1, 4>(float*, HIP_vector_type<float, 2u> const*, int, int, int, int, int, int, HIP_vector_type<unsigned int, 3u>, HIP_vector_type<unsigned int, 3u>, HIP_vector_type<unsigned int, 3u>)	17	0	0	0	0	0
void flash_attn_stream_k_fixup_general<96, 1, 4>(float*, HIP_vector_type<float, 2u> const*, int, int, int, int, HIP_vector_type<unsigned int, 3u>, HIP_vector_type<unsigned int, 3u>, HIP_vector_type<unsigned int, 3u>, HIP_vector_type<unsigned int, 3u>)	22	0	0	0	0	0
void flash_attn_tile<96, 96, 32, 2, false>(char const*, char const*, char const*, char const*, char const*, int const*, float*, HIP_vector_type<float, 2u>*, float, float, float, float, unsigned int, float, int, HIP_vector_type<unsigned int, 3u>, int, int, int, int, int, int, int, int, int, int, int, long, int, int, long, int, int, int, int, int, long)	37	0	0	0	0	16
void flash_attn_mask_to_KV_max<32>(__half2 const*, int*, int, long, long)	14	0	0	48	128	0
void flash_attn_stream_k_fixup_uniform<96, 32, 2>(float*, HIP_vector_type<float, 2u> const*, int, int, int, int, int, int, HIP_vector_type<unsigned int, 3u>, HIP_vector_type<unsigned int, 3u>, HIP_vector_type<unsigned int, 3u>)	17	0	0	0	0	0
void flash_attn_stream_k_fixup_general<96, 32, 2>(float*, HIP_vector_type<float, 2u> const*, int, int, int, int, HIP_vector_type<unsigned int, 3u>, HIP_vector_type<unsigned int, 3u>, HIP_vector_type<unsigned int, 3u>, HIP_vector_type<unsigned int, 3u>)	22	0	0	0	0	0
void flash_attn_tile<96, 96, 16, 2, false>(char const*, char const*, char const*, char const*, char const*, int const*, float*, HIP_vector_type<float, 2u>*, float, float, float, float, unsigned int, float, int, HIP_vector_type<unsigned int, 3u>, int, int, int, int, int, int, int, int, int, int, int, long, int, int, long, int, int, int, int, int, long)	37	0	0	0	0	16
void flash_attn_stream_k_fixup_uniform<96, 16, 2>(float*, HIP_vector_type<float, 2u> const*, int, int, int, int, int, int, HIP_vector_type<unsigned int, 3u>, HIP_vector_type<unsigned int, 3u>, HIP_vector_type<unsigned int, 3u>)	17	0	0	0	0	0
void flash_attn_stream_k_fixup_general<96, 16, 2>(float*, HIP_vector_type<float, 2u> const*, int, int, int, int, HIP_vector_type<unsigned int, 3u>, HIP_vector_type<unsigned int, 3u>, HIP_vector_type<unsigned int, 3u>, HIP_vector_type<unsigned int, 3u>)	22	0	0	0	0	0
void flash_attn_tile<96, 96, 8, 2, false>(char const*, char const*, char const*, char const*, char const*, int const*, float*, HIP_vector_type<float, 2u>*, float, float, float, float, unsigned int, float, int, HIP_vector_type<unsigned int, 3u>, int, int, int, int, int, int, int, int, int, int, int, long, int, int, long, int, int, int, int, int, long)	37	0	0	0	0	16
void flash_attn_stream_k_fixup_uniform<96, 8, 2>(float*, HIP_vector_type<float, 2u> const*, int, int, int, int, int, int, HIP_vector_type<unsigned int, 3u>, HIP_vector_type<unsigned int, 3u>, HIP_vector_type<unsigned int, 3u>)	17	0	0	0	0	0
void flash_attn_stream_k_fixup_general<96, 8, 2>(float*, HIP_vector_type<float, 2u> const*, int, int, int, int, HIP_vector_type<unsigned int, 3u>, HIP_vector_type<unsigned int, 3u>, HIP_vector_type<unsigned int, 3u>, HIP_vector_type<unsigned int, 3u>)	22	0	0	0	0	0
void flash_attn_tile<96, 96, 4, 2, false>(char const*, char const*, char const*, char const*, char const*, int const*, float*, HIP_vector_type<float, 2u>*, float, float, float, float, unsigned int, float, int, HIP_vector_type<unsigned int, 3u>, int, int, int, int, int, int, int, int, int, int, int, long, int, int, long, int, int, int, int, int, long)	37	0	0	0	0	16
void flash_attn_stream_k_fixup_uniform<96, 4, 2>(float*, HIP_vector_type<float, 2u> const*, int, int, int, int, int, int, HIP_vector_type<unsigned int, 3u>, HIP_vector_type<unsigned int, 3u>, HIP_vector_type<unsigned int, 3u>)	17	0	0	0	0	0
void flash_attn_stream_k_fixup_general<96, 4, 2>(float*, HIP_vector_type<float, 2u> const*, int, int, int, int, HIP_vector_type<unsigned int, 3u>, HIP_vector_type<unsigned int, 3u>, HIP_vector_type<unsigned int, 3u>, HIP_vector_type<unsigned int, 3u>)	22	0	0	0	0	0
void flash_attn_tile<96, 96, 2, 2, false>(char const*, char const*, char const*, char const*, char const*, int const*, float*, HIP_vector_type<float, 2u>*, float, float, float, float, unsigned int, float, int, HIP_vector_type<unsigned int, 3u>, int, int, int, int, int, int, int, int, int, int, int, long, int, int, long, int, int, int, int, int, long)	37	0	0	0	0	16
void flash_attn_stream_k_fixup_uniform<96, 2, 2>(float*, HIP_vector_type<float, 2u> const*, int, int, int, int, int, int, HIP_vector_type<unsigned int, 3u>, HIP_vector_type<unsigned int, 3u>, HIP_vector_type<unsigned int, 3u>)	17	0	0	0	0	0
void flash_attn_stream_k_fixup_general<96, 2, 2>(float*, HIP_vector_type<float, 2u> const*, int, int, int, int, HIP_vector_type<unsigned int, 3u>, HIP_vector_type<unsigned int, 3u>, HIP_vector_type<unsigned int, 3u>, HIP_vector_type<unsigned int, 3u>)	22	0	0	0	0	0
void flash_attn_tile<96, 96, 1, 2, false>(char const*, char const*, char const*, char const*, char const*, int const*, float*, HIP_vector_type<float, 2u>*, float, float, float, float, unsigned int, float, int, HIP_vector_type<unsigned int, 3u>, int, int, int, int, int, int, int, int, int, int, int, long, int, int, long, int, int, int, int, int, long)	37	0	0	0	0	16
void flash_attn_stream_k_fixup_uniform<96, 1, 2>(float*, HIP_vector_type<float, 2u> const*, int, int, int, int, int, int, HIP_vector_type<unsigned int, 3u>, HIP_vector_type<unsigned int, 3u>, HIP_vector_type<unsigned int, 3u>)	17	0	0	0	0	0
void flash_attn_stream_k_fixup_general<96, 1, 2>(float*, HIP_vector_type<float, 2u> const*, int, int, int, int, HIP_vector_type<unsigned int, 3u>, HIP_vector_type<unsigned int, 3u>, HIP_vector_type<unsigned int, 3u>, HIP_vector_type<unsigned int, 3u>)	22	0	0	0	0	0
void flash_attn_tile<96, 96, 64, 1, false>(char const*, char const*, char const*, char const*, char const*, int const*, float*, HIP_vector_type<float, 2u>*, float, float, float, float, unsigned int, float, int, HIP_vector_type<unsigned int, 3u>, int, int, int, int, int, int, int, int, int, int, int, long, int, int, long, int, int, int, int, int, long)	214	0	0	0	20096	32
void flash_attn_mask_to_KV_max<64>(__half2 const*, int*, int, long, long)	16	0	0	176	128	0
void flash_attn_stream_k_fixup_uniform<96, 64, 1>(float*, HIP_vector_type<float, 2u> const*, int, int, int, int, int, int, HIP_vector_type<unsigned int, 3u>, HIP_vector_type<unsigned int, 3u>, HIP_vector_type<unsigned int, 3u>)	17	0	0	0	0	0
void flash_attn_stream_k_fixup_general<96, 64, 1>(float*, HIP_vector_type<float, 2u> const*, int, int, int, int, HIP_vector_type<unsigned int, 3u>, HIP_vector_type<unsigned int, 3u>, HIP_vector_type<unsigned int, 3u>, HIP_vector_type<unsigned int, 3u>)	22	0	0	0	0	0
void flash_attn_tile<96, 96, 32, 1, false>(char const*, char const*, char const*, char const*, char const*, int const*, float*, HIP_vector_type<float, 2u>*, float, float, float, float, unsigned int, float, int, HIP_vector_type<unsigned int, 3u>, int, int, int, int, int, int, int, int, int, int, int, long, int, int, long, int, int, int, int, int, long)	150	0	0	0	11904	32
void flash_attn_stream_k_fixup_uniform<96, 32, 1>(float*, HIP_vector_type<float, 2u> const*, int, int, int, int, int, int, HIP_vector_type<unsigned int, 3u>, HIP_vector_type<unsigned int, 3u>, HIP_vector_type<unsigned int, 3u>)	17	0	0	0	0	0
void flash_attn_stream_k_fixup_general<96, 32, 1>(float*, HIP_vector_type<float, 2u> const*, int, int, int, int, HIP_vector_type<unsigned int, 3u>, HIP_vector_type<unsigned int, 3u>, HIP_vector_type<unsigned int, 3u>, HIP_vector_type<unsigned int, 3u>)	22	0	0	0	0	0
void flash_attn_tile<96, 96, 16, 1, false>(char const*, char const*, char const*, char const*, char const*, int const*, float*, HIP_vector_type<float, 2u>*, float, float, float, float, unsigned int, float, int, HIP_vector_type<unsigned int, 3u>, int, int, int, int, int, int, int, int, int, int, int, long, int, int, long, int, int, int, int, int, long)	118	0	0	0	7808	32
void flash_attn_stream_k_fixup_uniform<96, 16, 1>(float*, HIP_vector_type<float, 2u> const*, int, int, int, int, int, int, HIP_vector_type<unsigned int, 3u>, HIP_vector_type<unsigned int, 3u>, HIP_vector_type<unsigned int, 3u>)	17	0	0	0	0	0
void flash_attn_stream_k_fixup_general<96, 16, 1>(float*, HIP_vector_type<float, 2u> const*, int, int, int, int, HIP_vector_type<unsigned int, 3u>, HIP_vector_type<unsigned int, 3u>, HIP_vector_type<unsigned int, 3u>, HIP_vector_type<unsigned int, 3u>)	22	0	0	0	0	0
void flash_attn_tile<96, 96, 8, 1, false>(char const*, char const*, char const*, char const*, char const*, int const*, float*, HIP_vector_type<float, 2u>*, float, float, float, float, unsigned int, float, int, HIP_vector_type<unsigned int, 3u>, int, int, int, int, int, int, int, int, int, int, int, long, int, int, long, int, int, int, int, int, long)	88	0	0	0	5760	32
void flash_attn_stream_k_fixup_uniform<96, 8, 1>(float*, HIP_vector_type<float, 2u> const*, int, int, int, int, int, int, HIP_vector_type<unsigned int, 3u>, HIP_vector_type<unsigned int, 3u>, HIP_vector_type<unsigned int, 3u>)	17	0	0	0	0	0
void flash_attn_stream_k_fixup_general<96, 8, 1>(float*, HIP_vector_type<float, 2u> const*, int, int, int, int, HIP_vector_type<unsigned int, 3u>, HIP_vector_type<unsigned int, 3u>, HIP_vector_type<unsigned int, 3u>, HIP_vector_type<unsigned int, 3u>)	22	0	0	0	0	0
void flash_attn_tile<96, 96, 4, 1, false>(char const*, char const*, char const*, char const*, char const*, int const*, float*, HIP_vector_type<float, 2u>*, float, float, float, float, unsigned int, float, int, HIP_vector_type<unsigned int, 3u>, int, int, int, int, int, int, int, int, int, int, int, long, int, int, long, int, int, int, int, int, long)	89	0	0	0	4736	32
void flash_attn_stream_k_fixup_uniform<96, 4, 1>(float*, HIP_vector_type<float, 2u> const*, int, int, int, int, int, int, HIP_vector_type<unsigned int, 3u>, HIP_vector_type<unsigned int, 3u>, HIP_vector_type<unsigned int, 3u>)	17	0	0	0	0	0
void flash_attn_stream_k_fixup_general<96, 4, 1>(float*, HIP_vector_type<float, 2u> const*, int, int, int, int, HIP_vector_type<unsigned int, 3u>, HIP_vector_type<unsigned int, 3u>, HIP_vector_type<unsigned int, 3u>, HIP_vector_type<unsigned int, 3u>)	22	0	0	0	0	0
void flash_attn_tile<96, 96, 2, 1, false>(char const*, char const*, char const*, char const*, char const*, int const*, float*, HIP_vector_type<float, 2u>*, float, float, float, float, unsigned int, float, int, HIP_vector_type<unsigned int, 3u>, int, int, int, int, int, int, int, int, int, int, int, long, int, int, long, int, int, int, int, int, long)	101	0	0	0	4224	32
void flash_attn_stream_k_fixup_uniform<96, 2, 1>(float*, HIP_vector_type<float, 2u> const*, int, int, int, int, int, int, HIP_vector_type<unsigned int, 3u>, HIP_vector_type<unsigned int, 3u>, HIP_vector_type<unsigned int, 3u>)	17	0	0	0	0	0
void flash_attn_stream_k_fixup_general<96, 2, 1>(float*, HIP_vector_type<float, 2u> const*, int, int, int, int, HIP_vector_type<unsigned int, 3u>, HIP_vector_type<unsigned int, 3u>, HIP_vector_type<unsigned int, 3u>, HIP_vector_type<unsigned int, 3u>)	22	0	0	0	0	0
void flash_attn_tile<96, 96, 8, 8, true>(char const*, char const*, char const*, char const*, char const*, int const*, float*, HIP_vector_type<float, 2u>*, float, float, float, float, unsigned int, float, int, HIP_vector_type<unsigned int, 3u>, int, int, int, int, int, int, int, int, int, int, int, long, int, int, long, int, int, int, int, int, long)	37	0	0	0	0	16
void flash_attn_tile<96, 96, 4, 8, true>(char const*, char const*, char const*, char const*, char const*, int const*, float*, HIP_vector_type<float, 2u>*, float, float, float, float, unsigned int, float, int, HIP_vector_type<unsigned int, 3u>, int, int, int, int, int, int, int, int, int, int, int, long, int, int, long, int, int, int, int, int, long)	37	0	0	0	0	16
void flash_attn_tile<96, 96, 2, 8, true>(char const*, char const*, char const*, char const*, char const*, int const*, float*, HIP_vector_type<float, 2u>*, float, float, float, float, unsigned int, float, int, HIP_vector_type<unsigned int, 3u>, int, int, int, int, int, int, int, int, int, int, int, long, int, int, long, int, int, int, int, int, long)	37	0	0	0	0	16
void flash_attn_tile<96, 96, 1, 8, true>(char const*, char const*, char const*, char const*, char const*, int const*, float*, HIP_vector_type<float, 2u>*, float, float, float, float, unsigned int, float, int, HIP_vector_type<unsigned int, 3u>, int, int, int, int, int, int, int, int, int, int, int, long, int, int, long, int, int, int, int, int, long)	37	0	0	0	0	16
void flash_attn_tile<96, 96, 16, 4, true>(char const*, char const*, char const*, char const*, char const*, int const*, float*, HIP_vector_type<float, 2u>*, float, float, float, float, unsigned int, float, int, HIP_vector_type<unsigned int, 3u>, int, int, int, int, int, int, int, int, int, int, int, long, int, int, long, int, int, int, int, int, long)	37	0	0	0	0	16
void flash_attn_tile<96, 96, 8, 4, true>(char const*, char const*, char const*, char const*, char const*, int const*, float*, HIP_vector_type<float, 2u>*, float, float, float, float, unsigned int, float, int, HIP_vector_type<unsigned int, 3u>, int, int, int, int, int, int, int, int, int, int, int, long, int, int, long, int, int, int, int, int, long)	37	0	0	0	0	16
void flash_attn_tile<96, 96, 4, 4, true>(char const*, char const*, char const*, char const*, char const*, int const*, float*, HIP_vector_type<float, 2u>*, float, float, float, float, unsigned int, float, int, HIP_vector_type<unsigned int, 3u>, int, int, int, int, int, int, int, int, int, int, int, long, int, int, long, int, int, int, int, int, long)	37	0	0	0	0	16
void flash_attn_tile<96, 96, 2, 4, true>(char const*, char const*, char const*, char const*, char const*, int const*, float*, HIP_vector_type<float, 2u>*, float, float, float, float, unsigned int, float, int, HIP_vector_type<unsigned int, 3u>, int, int, int, int, int, int, int, int, int, int, int, long, int, int, long, int, int, int, int, int, long)	37	0	0	0	0	16
void flash_attn_tile<96, 96, 1, 4, true>(char const*, char const*, char const*, char const*, char const*, int const*, float*, HIP_vector_type<float, 2u>*, float, float, float, float, unsigned int, float, int, HIP_vector_type<unsigned int, 3u>, int, int, int, int, int, int, int, int, int, int, int, long, int, int, long, int, int, int, int, int, long)	37	0	0	0	0	16
void flash_attn_tile<96, 96, 32, 2, true>(char const*, char const*, char const*, char const*, char const*, int const*, float*, HIP_vector_type<float, 2u>*, float, float, float, float, unsigned int, float, int, HIP_vector_type<unsigned int, 3u>, int, int, int, int, int, int, int, int, int, int, int, long, int, int, long, int, int, int, int, int, long)	37	0	0	0	0	16
void flash_attn_tile<96, 96, 16, 2, true>(char const*, char const*, char const*, char const*, char const*, int const*, float*, HIP_vector_type<float, 2u>*, float, float, float, float, unsigned int, float, int, HIP_vector_type<unsigned int, 3u>, int, int, int, int, int, int, int, int, int, int, int, long, int, int, long, int, int, int, int, int, long)	37	0	0	0	0	16
void flash_attn_tile<96, 96, 8, 2, true>(char const*, char const*, char const*, char const*, char const*, int const*, float*, HIP_vector_type<float, 2u>*, float, float, float, float, unsigned int, float, int, HIP_vector_type<unsigned int, 3u>, int, int, int, int, int, int, int, int, int, int, int, long, int, int, long, int, int, int, int, int, long)	37	0	0	0	0	16
void flash_attn_tile<96, 96, 4, 2, true>(char const*, char const*, char const*, char const*, char const*, int const*, float*, HIP_vector_type<float, 2u>*, float, float, float, float, unsigned int, float, int, HIP_vector_type<unsigned int, 3u>, int, int, int, int, int, int, int, int, int, int, int, long, int, int, long, int, int, int, int, int, long)	37	0	0	0	0	16
void flash_attn_tile<96, 96, 2, 2, true>(char const*, char const*, char const*, char const*, char const*, int const*, float*, HIP_vector_type<float, 2u>*, float, float, float, float, unsigned int, float, int, HIP_vector_type<unsigned int, 3u>, int, int, int, int, int, int, int, int, int, int, int, long, int, int, long, int, int, int, int, int, long)	37	0	0	0	0	16
void flash_attn_tile<96, 96, 1, 2, true>(char const*, char const*, char const*, char const*, char const*, int const*, float*, HIP_vector_type<float, 2u>*, float, float, float, float, unsigned int, float, int, HIP_vector_type<unsigned int, 3u>, int, int, int, int, int, int, int, int, int, int, int, long, int, int, long, int, int, int, int, int, long)	37	0	0	0	0	16
void flash_attn_tile<96, 96, 64, 1, true>(char const*, char const*, char const*, char const*, char const*, int const*, float*, HIP_vector_type<float, 2u>*, float, float, float, float, unsigned int, float, int, HIP_vector_type<unsigned int, 3u>, int, int, int, int, int, int, int, int, int, int, int, long, int, int, long, int, int, int, int, int, long)	37	0	0	0	0	16
void flash_attn_tile<96, 96, 32, 1, true>(char const*, char const*, char const*, char const*, char const*, int const*, float*, HIP_vector_type<float, 2u>*, float, float, float, float, unsigned int, float, int, HIP_vector_type<unsigned int, 3u>, int, int, int, int, int, int, int, int, int, int, int, long, int, int, long, int, int, int, int, int, long)	37	0	0	0	0	16
void flash_attn_tile<96, 96, 16, 1, true>(char const*, char const*, char const*, char const*, char const*, int const*, float*, HIP_vector_type<float, 2u>*, float, float, float, float, unsigned int, float, int, HIP_vector_type<unsigned int, 3u>, int, int, int, int, int, int, int, int, int, int, int, long, int, int, long, int, int, int, int, int, long)	37	0	0	0	0	16
void flash_attn_tile<96, 96, 8, 1, true>(char const*, char const*, char const*, char const*, char const*, int const*, float*, HIP_vector_type<float, 2u>*, float, float, float, float, unsigned int, float, int, HIP_vector_type<unsigned int, 3u>, int, int, int, int, int, int, int, int, int, int, int, long, int, int, long, int, int, int, int, int, long)	37	0	0	0	0	16
void flash_attn_tile<96, 96, 4, 1, true>(char const*, char const*, char const*, char const*, char const*, int const*, float*, HIP_vector_type<float, 2u>*, float, float, float, float, unsigned int, float, int, HIP_vector_type<unsigned int, 3u>, int, int, int, int, int, int, int, int, int, int, int, long, int, int, long, int, int, int, int, int, long)	37	0	0	0	0	16
void flash_attn_tile<96, 96, 2, 1, true>(char const*, char const*, char const*, char const*, char const*, int const*, float*, HIP_vector_type<float, 2u>*, float, float, float, float, unsigned int, float, int, HIP_vector_type<unsigned int, 3u>, int, int, int, int, int, int, int, int, int, int, int, long, int, int, long, int, int, int, int, int, long)	37	0	0	0	0	16
void flash_attn_ext_f16<192, 128, 1, 16, false, false>(char const*, char const*, char const*, char const*, char const*, int const*, float*, HIP_vector_type<float, 2u>*, float, float, float, float, unsigned int, float, int, HIP_vector_type<unsigned int, 3u>, int, int, int, int, int, int, int, int, int, int, int, long, int, int, long, int, int, int, int, int, long)	301	45	0	25	0	0
void flash_attn_ext_f16<192, 128, 1, 16, true, false>(char const*, char const*, char const*, char const*, char const*, int const*, float*, HIP_vector_type<float, 2u>*, float, float, float, float, unsigned int, float, int, HIP_vector_type<unsigned int, 3u>, int, int, int, int, int, int, int, int, int, int, int, long, int, int, long, int, int, int, int, int, long)	37	0	0	0	0	16
void flash_attn_mask_to_KV_max<1>(__half2 const*, int*, int, long, long)	18	0	0	0	128	0
void flash_attn_stream_k_fixup_uniform<128, 1, 16>(float*, HIP_vector_type<float, 2u> const*, int, int, int, int, int, int, HIP_vector_type<unsigned int, 3u>, HIP_vector_type<unsigned int, 3u>, HIP_vector_type<unsigned int, 3u>)	17	0	0	0	0	0
void flash_attn_stream_k_fixup_general<128, 1, 16>(float*, HIP_vector_type<float, 2u> const*, int, int, int, int, HIP_vector_type<unsigned int, 3u>, HIP_vector_type<unsigned int, 3u>, HIP_vector_type<unsigned int, 3u>, HIP_vector_type<unsigned int, 3u>)	22	0	0	0	0	0
void flash_attn_combine_results<128>(float const*, HIP_vector_type<float, 2u> const*, float*, int)	51	0	0	0	0	0
void flash_attn_ext_f16<576, 512, 1, 16, false, true>(char const*, char const*, char const*, char const*, char const*, int const*, float*, HIP_vector_type<float, 2u>*, float, float, float, float, unsigned int, float, int, HIP_vector_type<unsigned int, 3u>, int, int, int, int, int, int, int, int, int, int, int, long, int, int, long, int, int, int, int, int, long)	37	0	0	0	0	16
void flash_attn_ext_f16<576, 512, 1, 16, true, true>(char const*, char const*, char const*, char const*, char const*, int const*, float*, HIP_vector_type<float, 2u>*, float, float, float, float, unsigned int, float, int, HIP_vector_type<unsigned int, 3u>, int, int, int, int, int, int, int, int, int, int, int, long, int, int, long, int, int, int, int, int, long)	37	0	0	0	0	16
void flash_attn_stream_k_fixup_uniform<512, 1, 16>(float*, HIP_vector_type<float, 2u> const*, int, int, int, int, int, int, HIP_vector_type<unsigned int, 3u>, HIP_vector_type<unsigned int, 3u>, HIP_vector_type<unsigned int, 3u>)	17	0	0	0	0	0
void flash_attn_stream_k_fixup_general<512, 1, 16>(float*, HIP_vector_type<float, 2u> const*, int, int, int, int, HIP_vector_type<unsigned int, 3u>, HIP_vector_type<unsigned int, 3u>, HIP_vector_type<unsigned int, 3u>, HIP_vector_type<unsigned int, 3u>)	22	0	0	0	0	0
void flash_attn_combine_results<512>(float const*, HIP_vector_type<float, 2u> const*, float*, int)	51	0	0	0	0	0
void flash_attn_ext_f16<320, 256, 1, 32, false, false>(char const*, char const*, char const*, char const*, char const*, int const*, float*, HIP_vector_type<float, 2u>*, float, float, float, float, unsigned int, float, int, HIP_vector_type<unsigned int, 3u>, int, int, int, int, int, int, int, int, int, int, int, long, int, int, long, int, int, int, int, int, long)	512	256	129	26	0	520
void flash_attn_ext_f16<320, 256, 1, 32, true, false>(char const*, char const*, char const*, char const*, char const*, int const*, float*, HIP_vector_type<float, 2u>*, float, float, float, float, unsigned int, float, int, HIP_vector_type<unsigned int, 3u>, int, int, int, int, int, int, int, int, int, int, int, long, int, int, long, int, int, int, int, int, long)	37	0	0	0	0	16
void flash_attn_mask_to_KV_max<1>(__half2 const*, int*, int, long, long)	18	0	0	0	128	0
void flash_attn_stream_k_fixup_uniform<256, 1, 32>(float*, HIP_vector_type<float, 2u> const*, int, int, int, int, int, int, HIP_vector_type<unsigned int, 3u>, HIP_vector_type<unsigned int, 3u>, HIP_vector_type<unsigned int, 3u>)	17	0	0	0	0	0
void flash_attn_stream_k_fixup_general<256, 1, 32>(float*, HIP_vector_type<float, 2u> const*, int, int, int, int, HIP_vector_type<unsigned int, 3u>, HIP_vector_type<unsigned int, 3u>, HIP_vector_type<unsigned int, 3u>, HIP_vector_type<unsigned int, 3u>)	22	0	0	0	0	0
void flash_attn_combine_results<256>(float const*, HIP_vector_type<float, 2u> const*, float*, int)	51	0	0	0	0	0
void flash_attn_ext_f16<576, 512, 1, 32, false, true>(char const*, char const*, char const*, char const*, char const*, int const*, float*, HIP_vector_type<float, 2u>*, float, float, float, float, unsigned int, float, int, HIP_vector_type<unsigned int, 3u>, int, int, int, int, int, int, int, int, int, int, int, long, int, int, long, int, int, int, int, int, long)	37	0	0	0	0	16
void flash_attn_ext_f16<576, 512, 1, 32, true, true>(char const*, char const*, char const*, char const*, char const*, int const*, float*, HIP_vector_type<float, 2u>*, float, float, float, float, unsigned int, float, int, HIP_vector_type<unsigned int, 3u>, int, int, int, int, int, int, int, int, int, int, int, long, int, int, long, int, int, int, int, int, long)	37	0	0	0	0	16
void flash_attn_stream_k_fixup_uniform<512, 1, 32>(float*, HIP_vector_type<float, 2u> const*, int, int, int, int, int, int, HIP_vector_type<unsigned int, 3u>, HIP_vector_type<unsigned int, 3u>, HIP_vector_type<unsigned int, 3u>)	17	0	0	0	0	0
void flash_attn_stream_k_fixup_general<512, 1, 32>(float*, HIP_vector_type<float, 2u> const*, int, int, int, int, HIP_vector_type<unsigned int, 3u>, HIP_vector_type<unsigned int, 3u>, HIP_vector_type<unsigned int, 3u>, HIP_vector_type<unsigned int, 3u>)	22	0	0	0	0	0
void flash_attn_combine_results<512>(float const*, HIP_vector_type<float, 2u> const*, float*, int)	51	0	0	0	0	0
void flash_attn_ext_f16<64, 64, 1, 8, false, false>(char const*, char const*, char const*, char const*, char const*, int const*, float*, HIP_vector_type<float, 2u>*, float, float, float, float, unsigned int, float, int, HIP_vector_type<unsigned int, 3u>, int, int, int, int, int, int, int, int, int, int, int, long, int, int, long, int, int, int, int, int, long)	37	0	0	0	0	16
void flash_attn_ext_f16<64, 64, 1, 8, true, false>(char const*, char const*, char const*, char const*, char const*, int const*, float*, HIP_vector_type<float, 2u>*, float, float, float, float, unsigned int, float, int, HIP_vector_type<unsigned int, 3u>, int, int, int, int, int, int, int, int, int, int, int, long, int, int, long, int, int, int, int, int, long)	37	0	0	0	0	16
void flash_attn_mask_to_KV_max<1>(__half2 const*, int*, int, long, long)	18	0	0	0	128	0
void flash_attn_stream_k_fixup_uniform<64, 1, 8>(float*, HIP_vector_type<float, 2u> const*, int, int, int, int, int, int, HIP_vector_type<unsigned int, 3u>, HIP_vector_type<unsigned int, 3u>, HIP_vector_type<unsigned int, 3u>)	17	0	0	0	0	0
void flash_attn_stream_k_fixup_general<64, 1, 8>(float*, HIP_vector_type<float, 2u> const*, int, int, int, int, HIP_vector_type<unsigned int, 3u>, HIP_vector_type<unsigned int, 3u>, HIP_vector_type<unsigned int, 3u>, HIP_vector_type<unsigned int, 3u>)	22	0	0	0	0	0
void flash_attn_combine_results<64>(float const*, HIP_vector_type<float, 2u> const*, float*, int)	51	0	0	0	0	0
void flash_attn_ext_f16<80, 80, 1, 8, false, false>(char const*, char const*, char const*, char const*, char const*, int const*, float*, HIP_vector_type<float, 2u>*, float, float, float, float, unsigned int, float, int, HIP_vector_type<unsigned int, 3u>, int, int, int, int, int, int, int, int, int, int, int, long, int, int, long, int, int, int, int, int, long)	37	0	0	0	0	16
void flash_attn_ext_f16<80, 80, 1, 8, true, false>(char const*, char const*, char const*, char const*, char const*, int const*, float*, HIP_vector_type<float, 2u>*, float, float, float, float, unsigned int, float, int, HIP_vector_type<unsigned int, 3u>, int, int, int, int, int, int, int, int, int, int, int, long, int, int, long, int, int, int, int, int, long)	37	0	0	0	0	16
void flash_attn_stream_k_fixup_uniform<80, 1, 8>(float*, HIP_vector_type<float, 2u> const*, int, int, int, int, int, int, HIP_vector_type<unsigned int, 3u>, HIP_vector_type<unsigned int, 3u>, HIP_vector_type<unsigned int, 3u>)	17	0	0	0	0	0
void flash_attn_stream_k_fixup_general<80, 1, 8>(float*, HIP_vector_type<float, 2u> const*, int, int, int, int, HIP_vector_type<unsigned int, 3u>, HIP_vector_type<unsigned int, 3u>, HIP_vector_type<unsigned int, 3u>, HIP_vector_type<unsigned int, 3u>)	22	0	0	0	0	0
void flash_attn_combine_results<80>(float const*, HIP_vector_type<float, 2u> const*, float*, int)	51	0	0	0	0	0
void flash_attn_ext_f16<96, 96, 1, 8, false, false>(char const*, char const*, char const*, char const*, char const*, int const*, float*, HIP_vector_type<float, 2u>*, float, float, float, float, unsigned int, float, int, HIP_vector_type<unsigned int, 3u>, int, int, int, int, int, int, int, int, int, int, int, long, int, int, long, int, int, int, int, int, long)	37	0	0	0	0	16
void flash_attn_ext_f16<96, 96, 1, 8, true, false>(char const*, char const*, char const*, char const*, char const*, int const*, float*, HIP_vector_type<float, 2u>*, float, float, float, float, unsigned int, float, int, HIP_vector_type<unsigned int, 3u>, int, int, int, int, int, int, int, int, int, int, int, long, int, int, long, int, int, int, int, int, long)	37	0	0	0	0	16
void flash_attn_stream_k_fixup_uniform<96, 1, 8>(float*, HIP_vector_type<float, 2u> const*, int, int, int, int, int, int, HIP_vector_type<unsigned int, 3u>, HIP_vector_type<unsigned int, 3u>, HIP_vector_type<unsigned int, 3u>)	17	0	0	0	0	0
void flash_attn_stream_k_fixup_general<96, 1, 8>(float*, HIP_vector_type<float, 2u> const*, int, int, int, int, HIP_vector_type<unsigned int, 3u>, HIP_vector_type<unsigned int, 3u>, HIP_vector_type<unsigned int, 3u>, HIP_vector_type<unsigned int, 3u>)	22	0	0	0	0	0
void flash_attn_combine_results<96>(float const*, HIP_vector_type<float, 2u> const*, float*, int)	51	0	0	0	0	0
void flash_attn_ext_f16<112, 112, 1, 8, false, false>(char const*, char const*, char const*, char const*, char const*, int const*, float*, HIP_vector_type<float, 2u>*, float, float, float, float, unsigned int, float, int, HIP_vector_type<unsigned int, 3u>, int, int, int, int, int, int, int, int, int, int, int, long, int, int, long, int, int, int, int, int, long)	37	0	0	0	0	16
void flash_attn_ext_f16<112, 112, 1, 8, true, false>(char const*, char const*, char const*, char const*, char const*, int const*, float*, HIP_vector_type<float, 2u>*, float, float, float, float, unsigned int, float, int, HIP_vector_type<unsigned int, 3u>, int, int, int, int, int, int, int, int, int, int, int, long, int, int, long, int, int, int, int, int, long)	37	0	0	0	0	16
void flash_attn_stream_k_fixup_uniform<112, 1, 8>(float*, HIP_vector_type<float, 2u> const*, int, int, int, int, int, int, HIP_vector_type<unsigned int, 3u>, HIP_vector_type<unsigned int, 3u>, HIP_vector_type<unsigned int, 3u>)	17	0	0	0	0	0
void flash_attn_stream_k_fixup_general<112, 1, 8>(float*, HIP_vector_type<float, 2u> const*, int, int, int, int, HIP_vector_type<unsigned int, 3u>, HIP_vector_type<unsigned int, 3u>, HIP_vector_type<unsigned int, 3u>, HIP_vector_type<unsigned int, 3u>)	22	0	0	0	0	0
void flash_attn_combine_results<112>(float const*, HIP_vector_type<float, 2u> const*, float*, int)	51	0	0	0	0	0
void flash_attn_ext_f16<128, 128, 1, 8, false, false>(char const*, char const*, char const*, char const*, char const*, int const*, float*, HIP_vector_type<float, 2u>*, float, float, float, float, unsigned int, float, int, HIP_vector_type<unsigned int, 3u>, int, int, int, int, int, int, int, int, int, int, int, long, int, int, long, int, int, int, int, int, long)	37	0	0	0	0	16
void flash_attn_ext_f16<128, 128, 1, 8, true, false>(char const*, char const*, char const*, char const*, char const*, int const*, float*, HIP_vector_type<float, 2u>*, float, float, float, float, unsigned int, float, int, HIP_vector_type<unsigned int, 3u>, int, int, int, int, int, int, int, int, int, int, int, long, int, int, long, int, int, int, int, int, long)	37	0	0	0	0	16
void flash_attn_stream_k_fixup_uniform<128, 1, 8>(float*, HIP_vector_type<float, 2u> const*, int, int, int, int, int, int, HIP_vector_type<unsigned int, 3u>, HIP_vector_type<unsigned int, 3u>, HIP_vector_type<unsigned int, 3u>)	17	0	0	0	0	0
void flash_attn_stream_k_fixup_general<128, 1, 8>(float*, HIP_vector_type<float, 2u> const*, int, int, int, int, HIP_vector_type<unsigned int, 3u>, HIP_vector_type<unsigned int, 3u>, HIP_vector_type<unsigned int, 3u>, HIP_vector_type<unsigned int, 3u>)	22	0	0	0	0	0
void flash_attn_combine_results<128>(float const*, HIP_vector_type<float, 2u> const*, float*, int)	51	0	0	0	0	0
void flash_attn_ext_f16<192, 128, 1, 8, false, false>(char const*, char const*, char const*, char const*, char const*, int const*, float*, HIP_vector_type<float, 2u>*, float, float, float, float, unsigned int, float, int, HIP_vector_type<unsigned int, 3u>, int, int, int, int, int, int, int, int, int, int, int, long, int, int, long, int, int, int, int, int, long)	37	0	0	0	0	16
void flash_attn_ext_f16<192, 128, 1, 8, true, false>(char const*, char const*, char const*, char const*, char const*, int const*, float*, HIP_vector_type<float, 2u>*, float, float, float, float, unsigned int, float, int, HIP_vector_type<unsigned int, 3u>, int, int, int, int, int, int, int, int, int, int, int, long, int, int, long, int, int, int, int, int, long)	37	0	0	0	0	16
void flash_attn_ext_f16<256, 256, 1, 8, false, false>(char const*, char const*, char const*, char const*, char const*, int const*, float*, HIP_vector_type<float, 2u>*, float, float, float, float, unsigned int, float, int, HIP_vector_type<unsigned int, 3u>, int, int, int, int, int, int, int, int, int, int, int, long, int, int, long, int, int, int, int, int, long)	37	0	0	0	0	16
void flash_attn_ext_f16<256, 256, 1, 8, true, false>(char const*, char const*, char const*, char const*, char const*, int const*, float*, HIP_vector_type<float, 2u>*, float, float, float, float, unsigned int, float, int, HIP_vector_type<unsigned int, 3u>, int, int, int, int, int, int, int, int, int, int, int, long, int, int, long, int, int, int, int, int, long)	37	0	0	0	0	16
void flash_attn_stream_k_fixup_uniform<256, 1, 8>(float*, HIP_vector_type<float, 2u> const*, int, int, int, int, int, int, HIP_vector_type<unsigned int, 3u>, HIP_vector_type<unsigned int, 3u>, HIP_vector_type<unsigned int, 3u>)	17	0	0	0	0	0
void flash_attn_stream_k_fixup_general<256, 1, 8>(float*, HIP_vector_type<float, 2u> const*, int, int, int, int, HIP_vector_type<unsigned int, 3u>, HIP_vector_type<unsigned int, 3u>, HIP_vector_type<unsigned int, 3u>, HIP_vector_type<unsigned int, 3u>)	22	0	0	0	0	0
void flash_attn_combine_results<256>(float const*, HIP_vector_type<float, 2u> const*, float*, int)	51	0	0	0	0	0
void flash_attn_ext_f16<512, 512, 1, 8, false, false>(char const*, char const*, char const*, char const*, char const*, int const*, float*, HIP_vector_type<float, 2u>*, float, float, float, float, unsigned int, float, int, HIP_vector_type<unsigned int, 3u>, int, int, int, int, int, int, int, int, int, int, int, long, int, int, long, int, int, int, int, int, long)	37	0	0	0	0	16
void flash_attn_ext_f16<512, 512, 1, 8, true, false>(char const*, char const*, char const*, char const*, char const*, int const*, float*, HIP_vector_type<float, 2u>*, float, float, float, float, unsigned int, float, int, HIP_vector_type<unsigned int, 3u>, int, int, int, int, int, int, int, int, int, int, int, long, int, int, long, int, int, int, int, int, long)	37	0	0	0	0	16
void flash_attn_stream_k_fixup_uniform<512, 1, 8>(float*, HIP_vector_type<float, 2u> const*, int, int, int, int, int, int, HIP_vector_type<unsigned int, 3u>, HIP_vector_type<unsigned int, 3u>, HIP_vector_type<unsigned int, 3u>)	17	0	0	0	0	0
void flash_attn_stream_k_fixup_general<512, 1, 8>(float*, HIP_vector_type<float, 2u> const*, int, int, int, int, HIP_vector_type<unsigned int, 3u>, HIP_vector_type<unsigned int, 3u>, HIP_vector_type<unsigned int, 3u>, HIP_vector_type<unsigned int, 3u>)	22	0	0	0	0	0
void flash_attn_combine_results<512>(float const*, HIP_vector_type<float, 2u> const*, float*, int)	51	0	0	0	0	0
void flash_attn_ext_f16<64, 64, 16, 1, false, false>(char const*, char const*, char const*, char const*, char const*, int const*, float*, HIP_vector_type<float, 2u>*, float, float, float, float, unsigned int, float, int, HIP_vector_type<unsigned int, 3u>, int, int, int, int, int, int, int, int, int, int, int, long, int, int, long, int, int, int, int, int, long)	168	0	0	63	0	32
void flash_attn_ext_f16<64, 64, 16, 1, true, false>(char const*, char const*, char const*, char const*, char const*, int const*, float*, HIP_vector_type<float, 2u>*, float, float, float, float, unsigned int, float, int, HIP_vector_type<unsigned int, 3u>, int, int, int, int, int, int, int, int, int, int, int, long, int, int, long, int, int, int, int, int, long)	37	0	0	0	0	16
void flash_attn_mask_to_KV_max<16>(__half2 const*, int*, int, long, long)	13	0	0	0	128	0
void flash_attn_stream_k_fixup_uniform<64, 16, 1>(float*, HIP_vector_type<float, 2u> const*, int, int, int, int, int, int, HIP_vector_type<unsigned int, 3u>, HIP_vector_type<unsigned int, 3u>, HIP_vector_type<unsigned int, 3u>)	17	0	0	0	0	0
void flash_attn_stream_k_fixup_general<64, 16, 1>(float*, HIP_vector_type<float, 2u> const*, int, int, int, int, HIP_vector_type<unsigned int, 3u>, HIP_vector_type<unsigned int, 3u>, HIP_vector_type<unsigned int, 3u>, HIP_vector_type<unsigned int, 3u>)	22	0	0	0	0	0
void flash_attn_combine_results<64>(float const*, HIP_vector_type<float, 2u> const*, float*, int)	51	0	0	0	0	0
void flash_attn_ext_f16<80, 80, 16, 1, false, false>(char const*, char const*, char const*, char const*, char const*, int const*, float*, HIP_vector_type<float, 2u>*, float, float, float, float, unsigned int, float, int, HIP_vector_type<unsigned int, 3u>, int, int, int, int, int, int, int, int, int, int, int, long, int, int, long, int, int, int, int, int, long)	200	0	0	80	0	32
void flash_attn_ext_f16<80, 80, 16, 1, true, false>(char const*, char const*, char const*, char const*, char const*, int const*, float*, HIP_vector_type<float, 2u>*, float, float, float, float, unsigned int, float, int, HIP_vector_type<unsigned int, 3u>, int, int, int, int, int, int, int, int, int, int, int, long, int, int, long, int, int, int, int, int, long)	37	0	0	0	0	16
void flash_attn_stream_k_fixup_uniform<80, 16, 1>(float*, HIP_vector_type<float, 2u> const*, int, int, int, int, int, int, HIP_vector_type<unsigned int, 3u>, HIP_vector_type<unsigned int, 3u>, HIP_vector_type<unsigned int, 3u>)	17	0	0	0	0	0
void flash_attn_stream_k_fixup_general<80, 16, 1>(float*, HIP_vector_type<float, 2u> const*, int, int, int, int, HIP_vector_type<unsigned int, 3u>, HIP_vector_type<unsigned int, 3u>, HIP_vector_type<unsigned int, 3u>, HIP_vector_type<unsigned int, 3u>)	22	0	0	0	0	0
void flash_attn_combine_results<80>(float const*, HIP_vector_type<float, 2u> const*, float*, int)	51	0	0	0	0	0
void flash_attn_ext_f16<96, 96, 16, 1, false, false>(char const*, char const*, char const*, char const*, char const*, int const*, float*, HIP_vector_type<float, 2u>*, float, float, float, float, unsigned int, float, int, HIP_vector_type<unsigned int, 3u>, int, int, int, int, int, int, int, int, int, int, int, long, int, int, long, int, int, int, int, int, long)	216	0	0	64	0	32
void flash_attn_ext_f16<96, 96, 16, 1, true, false>(char const*, char const*, char const*, char const*, char const*, int const*, float*, HIP_vector_type<float, 2u>*, float, float, float, float, unsigned int, float, int, HIP_vector_type<unsigned int, 3u>, int, int, int, int, int, int, int, int, int, int, int, long, int, int, long, int, int, int, int, int, long)	37	0	0	0	0	16
void flash_attn_stream_k_fixup_uniform<96, 16, 1>(float*, HIP_vector_type<float, 2u> const*, int, int, int, int, int, int, HIP_vector_type<unsigned int, 3u>, HIP_vector_type<unsigned int, 3u>, HIP_vector_type<unsigned int, 3u>)	17	0	0	0	0	0
void flash_attn_stream_k_fixup_general<96, 16, 1>(float*, HIP_vector_type<float, 2u> const*, int, int, int, int, HIP_vector_type<unsigned int, 3u>, HIP_vector_type<unsigned int, 3u>, HIP_vector_type<unsigned int, 3u>, HIP_vector_type<unsigned int, 3u>)	22	0	0	0	0	0
void flash_attn_combine_results<96>(float const*, HIP_vector_type<float, 2u> const*, float*, int)	51	0	0	0	0	0
void flash_attn_ext_f16<112, 112, 16, 1, false, false>(char const*, char const*, char const*, char const*, char const*, int const*, float*, HIP_vector_type<float, 2u>*, float, float, float, float, unsigned int, float, int, HIP_vector_type<unsigned int, 3u>, int, int, int, int, int, int, int, int, int, int, int, long, int, int, long, int, int, int, int, int, long)	250	0	0	76	0	32
void flash_attn_ext_f16<112, 112, 16, 1, true, false>(char const*, char const*, char const*, char const*, char const*, int const*, float*, HIP_vector_type<float, 2u>*, float, float, float, float, unsigned int, float, int, HIP_vector_type<unsigned int, 3u>, int, int, int, int, int, int, int, int, int, int, int, long, int, int, long, int, int, int, int, int, long)	37	0	0	0	0	16
void flash_attn_stream_k_fixup_uniform<112, 16, 1>(float*, HIP_vector_type<float, 2u> const*, int, int, int, int, int, int, HIP_vector_type<unsigned int, 3u>, HIP_vector_type<unsigned int, 3u>, HIP_vector_type<unsigned int, 3u>)	17	0	0	0	0	0
void flash_attn_stream_k_fixup_general<112, 16, 1>(float*, HIP_vector_type<float, 2u> const*, int, int, int, int, HIP_vector_type<unsigned int, 3u>, HIP_vector_type<unsigned int, 3u>, HIP_vector_type<unsigned int, 3u>, HIP_vector_type<unsigned int, 3u>)	22	0	0	0	0	0
void flash_attn_combine_results<112>(float const*, HIP_vector_type<float, 2u> const*, float*, int)	51	0	0	0	0	0
void flash_attn_ext_f16<128, 128, 16, 1, false, false>(char const*, char const*, char const*, char const*, char const*, int const*, float*, HIP_vector_type<float, 2u>*, float, float, float, float, unsigned int, float, int, HIP_vector_type<unsigned int, 3u>, int, int, int, int, int, int, int, int, int, int, int, long, int, int, long, int, int, int, int, int, long)	256	0	6	68	0	64
void flash_attn_ext_f16<128, 128, 16, 1, true, false>(char const*, char const*, char const*, char const*, char const*, int const*, float*, HIP_vector_type<float, 2u>*, float, float, float, float, unsigned int, float, int, HIP_vector_type<unsigned int, 3u>, int, int, int, int, int, int, int, int, int, int, int, long, int, int, long, int, int, int, int, int, long)	256	0	10	74	0	80
void flash_attn_stream_k_fixup_uniform<128, 16, 1>(float*, HIP_vector_type<float, 2u> const*, int, int, int, int, int, int, HIP_vector_type<unsigned int, 3u>, HIP_vector_type<unsigned int, 3u>, HIP_vector_type<unsigned int, 3u>)	17	0	0	0	0	0
void flash_attn_stream_k_fixup_general<128, 16, 1>(float*, HIP_vector_type<float, 2u> const*, int, int, int, int, HIP_vector_type<unsigned int, 3u>, HIP_vector_type<unsigned int, 3u>, HIP_vector_type<unsigned int, 3u>, HIP_vector_type<unsigned int, 3u>)	22	0	0	0	0	0
void flash_attn_combine_results<128>(float const*, HIP_vector_type<float, 2u> const*, float*, int)	51	0	0	0	0	0
void flash_attn_ext_f16<256, 256, 16, 1, false, false>(char const*, char const*, char const*, char const*, char const*, int const*, float*, HIP_vector_type<float, 2u>*, float, float, float, float, unsigned int, float, int, HIP_vector_type<unsigned int, 3u>, int, int, int, int, int, int, int, int, int, int, int, long, int, int, long, int, int, int, int, int, long)	414	158	0	87	0	32
void flash_attn_ext_f16<256, 256, 16, 1, true, false>(char const*, char const*, char const*, char const*, char const*, int const*, float*, HIP_vector_type<float, 2u>*, float, float, float, float, unsigned int, float, int, HIP_vector_type<unsigned int, 3u>, int, int, int, int, int, int, int, int, int, int, int, long, int, int, long, int, int, int, int, int, long)	421	165	0	90	0	32
void flash_attn_stream_k_fixup_uniform<256, 16, 1>(float*, HIP_vector_type<float, 2u> const*, int, int, int, int, int, int, HIP_vector_type<unsigned int, 3u>, HIP_vector_type<unsigned int, 3u>, HIP_vector_type<unsigned int, 3u>)	17	0	0	0	0	0
void flash_attn_stream_k_fixup_general<256, 16, 1>(float*, HIP_vector_type<float, 2u> const*, int, int, int, int, HIP_vector_type<unsigned int, 3u>, HIP_vector_type<unsigned int, 3u>, HIP_vector_type<unsigned int, 3u>, HIP_vector_type<unsigned int, 3u>)	22	0	0	0	0	0
void flash_attn_combine_results<256>(float const*, HIP_vector_type<float, 2u> const*, float*, int)	51	0	0	0	0	0
void flash_attn_ext_f16<64, 64, 16, 2, false, false>(char const*, char const*, char const*, char const*, char const*, int const*, float*, HIP_vector_type<float, 2u>*, float, float, float, float, unsigned int, float, int, HIP_vector_type<unsigned int, 3u>, int, int, int, int, int, int, int, int, int, int, int, long, int, int, long, int, int, int, int, int, long)	180	0	0	23	0	0
void flash_attn_ext_f16<64, 64, 16, 2, true, false>(char const*, char const*, char const*, char const*, char const*, int const*, float*, HIP_vector_type<float, 2u>*, float, float, float, float, unsigned int, float, int, HIP_vector_type<unsigned int, 3u>, int, int, int, int, int, int, int, int, int, int, int, long, int, int, long, int, int, int, int, int, long)	37	0	0	0	0	16
void flash_attn_mask_to_KV_max<16>(__half2 const*, int*, int, long, long)	13	0	0	0	128	0
void flash_attn_stream_k_fixup_uniform<64, 16, 2>(float*, HIP_vector_type<float, 2u> const*, int, int, int, int, int, int, HIP_vector_type<unsigned int, 3u>, HIP_vector_type<unsigned int, 3u>, HIP_vector_type<unsigned int, 3u>)	17	0	0	0	0	0
void flash_attn_stream_k_fixup_general<64, 16, 2>(float*, HIP_vector_type<float, 2u> const*, int, int, int, int, HIP_vector_type<unsigned int, 3u>, HIP_vector_type<unsigned int, 3u>, HIP_vector_type<unsigned int, 3u>, HIP_vector_type<unsigned int, 3u>)	22	0	0	0	0	0
void flash_attn_combine_results<64>(float const*, HIP_vector_type<float, 2u> const*, float*, int)	51	0	0	0	0	0
void flash_attn_ext_f16<80, 80, 16, 2, false, false>(char const*, char const*, char const*, char const*, char const*, int const*, float*, HIP_vector_type<float, 2u>*, float, float, float, float, unsigned int, float, int, HIP_vector_type<unsigned int, 3u>, int, int, int, int, int, int, int, int, int, int, int, long, int, int, long, int, int, int, int, int, long)	219	0	0	32	0	0
void flash_attn_ext_f16<80, 80, 16, 2, true, false>(char const*, char const*, char const*, char const*, char const*, int const*, float*, HIP_vector_type<float, 2u>*, float, float, float, float, unsigned int, float, int, HIP_vector_type<unsigned int, 3u>, int, int, int, int, int, int, int, int, int, int, int, long, int, int, long, int, int, int, int, int, long)	37	0	0	0	0	16
void flash_attn_stream_k_fixup_uniform<80, 16, 2>(float*, HIP_vector_type<float, 2u> const*, int, int, int, int, int, int, HIP_vector_type<unsigned int, 3u>, HIP_vector_type<unsigned int, 3u>, HIP_vector_type<unsigned int, 3u>)	17	0	0	0	0	0
void flash_attn_stream_k_fixup_general<80, 16, 2>(float*, HIP_vector_type<float, 2u> const*, int, int, int, int, HIP_vector_type<unsigned int, 3u>, HIP_vector_type<unsigned int, 3u>, HIP_vector_type<unsigned int, 3u>, HIP_vector_type<unsigned int, 3u>)	22	0	0	0	0	0
void flash_attn_combine_results<80>(float const*, HIP_vector_type<float, 2u> const*, float*, int)	51	0	0	0	0	0
void flash_attn_ext_f16<96, 96, 16, 2, false, false>(char const*, char const*, char const*, char const*, char const*, int const*, float*, HIP_vector_type<float, 2u>*, float, float, float, float, unsigned int, float, int, HIP_vector_type<unsigned int, 3u>, int, int, int, int, int, int, int, int, int, int, int, long, int, int, long, int, int, int, int, int, long)	246	0	0	29	0	0
void flash_attn_ext_f16<96, 96, 16, 2, true, false>(char const*, char const*, char const*, char const*, char const*, int const*, float*, HIP_vector_type<float, 2u>*, float, float, float, float, unsigned int, float, int, HIP_vector_type<unsigned int, 3u>, int, int, int, int, int, int, int, int, int, int, int, long, int, int, long, int, int, int, int, int, long)	37	0	0	0	0	16
void flash_attn_stream_k_fixup_uniform<96, 16, 2>(float*, HIP_vector_type<float, 2u> const*, int, int, int, int, int, int, HIP_vector_type<unsigned int, 3u>, HIP_vector_type<unsigned int, 3u>, HIP_vector_type<unsigned int, 3u>)	17	0	0	0	0	0
void flash_attn_stream_k_fixup_general<96, 16, 2>(float*, HIP_vector_type<float, 2u> const*, int, int, int, int, HIP_vector_type<unsigned int, 3u>, HIP_vector_type<unsigned int, 3u>, HIP_vector_type<unsigned int, 3u>, HIP_vector_type<unsigned int, 3u>)	22	0	0	0	0	0
void flash_attn_combine_results<96>(float const*, HIP_vector_type<float, 2u> const*, float*, int)	51	0	0	0	0	0
void flash_attn_ext_f16<112, 112, 16, 2, false, false>(char const*, char const*, char const*, char const*, char const*, int const*, float*, HIP_vector_type<float, 2u>*, float, float, float, float, unsigned int, float, int, HIP_vector_type<unsigned int, 3u>, int, int, int, int, int, int, int, int, int, int, int, long, int, int, long, int, int, int, int, int, long)	256	0	25	34	0	104
void flash_attn_ext_f16<112, 112, 16, 2, true, false>(char const*, char const*, char const*, char const*, char const*, int const*, float*, HIP_vector_type<float, 2u>*, float, float, float, float, unsigned int, float, int, HIP_vector_type<unsigned int, 3u>, int, int, int, int, int, int, int, int, int, int, int, long, int, int, long, int, int, int, int, int, long)	37	0	0	0	0	16
void flash_attn_stream_k_fixup_uniform<112, 16, 2>(float*, HIP_vector_type<float, 2u> const*, int, int, int, int, int, int, HIP_vector_type<unsigned int, 3u>, HIP_vector_type<unsigned int, 3u>, HIP_vector_type<unsigned int, 3u>)	17	0	0	0	0	0
void flash_attn_stream_k_fixup_general<112, 16, 2>(float*, HIP_vector_type<float, 2u> const*, int, int, int, int, HIP_vector_type<unsigned int, 3u>, HIP_vector_type<unsigned int, 3u>, HIP_vector_type<unsigned int, 3u>, HIP_vector_type<unsigned int, 3u>)	22	0	0	0	0	0
void flash_attn_combine_results<112>(float const*, HIP_vector_type<float, 2u> const*, float*, int)	51	0	0	0	0	0
void flash_attn_ext_f16<128, 128, 16, 2, false, false>(char const*, char const*, char const*, char const*, char const*, int const*, float*, HIP_vector_type<float, 2u>*, float, float, float, float, unsigned int, float, int, HIP_vector_type<unsigned int, 3u>, int, int, int, int, int, int, int, int, int, int, int, long, int, int, long, int, int, int, int, int, long)	256	0	48	23	0	196
void flash_attn_ext_f16<128, 128, 16, 2, true, false>(char const*, char const*, char const*, char const*, char const*, int const*, float*, HIP_vector_type<float, 2u>*, float, float, float, float, unsigned int, float, int, HIP_vector_type<unsigned int, 3u>, int, int, int, int, int, int, int, int, int, int, int, long, int, int, long, int, int, int, int, int, long)	256	0	49	27	0	200
void flash_attn_stream_k_fixup_uniform<128, 16, 2>(float*, HIP_vector_type<float, 2u> const*, int, int, int, int, int, int, HIP_vector_type<unsigned int, 3u>, HIP_vector_type<unsigned int, 3u>, HIP_vector_type<unsigned int, 3u>)	17	0	0	0	0	0
void flash_attn_stream_k_fixup_general<128, 16, 2>(float*, HIP_vector_type<float, 2u> const*, int, int, int, int, HIP_vector_type<unsigned int, 3u>, HIP_vector_type<unsigned int, 3u>, HIP_vector_type<unsigned int, 3u>, HIP_vector_type<unsigned int, 3u>)	22	0	0	0	0	0
void flash_attn_combine_results<128>(float const*, HIP_vector_type<float, 2u> const*, float*, int)	51	0	0	0	0	0
void flash_attn_ext_f16<256, 256, 16, 2, false, false>(char const*, char const*, char const*, char const*, char const*, int const*, float*, HIP_vector_type<float, 2u>*, float, float, float, float, unsigned int, float, int, HIP_vector_type<unsigned int, 3u>, int, int, int, int, int, int, int, int, int, int, int, long, int, int, long, int, int, int, int, int, long)	499	243	0	24	0	0
void flash_attn_ext_f16<256, 256, 16, 2, true, false>(char const*, char const*, char const*, char const*, char const*, int const*, float*, HIP_vector_type<float, 2u>*, float, float, float, float, unsigned int, float, int, HIP_vector_type<unsigned int, 3u>, int, int, int, int, int, int, int, int, int, int, int, long, int, int, long, int, int, int, int, int, long)	512	256	48	27	0	196
void flash_attn_stream_k_fixup_uniform<256, 16, 2>(float*, HIP_vector_type<float, 2u> const*, int, int, int, int, int, int, HIP_vector_type<unsigned int, 3u>, HIP_vector_type<unsigned int, 3u>, HIP_vector_type<unsigned int, 3u>)	17	0	0	0	0	0
void flash_attn_stream_k_fixup_general<256, 16, 2>(float*, HIP_vector_type<float, 2u> const*, int, int, int, int, HIP_vector_type<unsigned int, 3u>, HIP_vector_type<unsigned int, 3u>, HIP_vector_type<unsigned int, 3u>, HIP_vector_type<unsigned int, 3u>)	22	0	0	0	0	0
void flash_attn_combine_results<256>(float const*, HIP_vector_type<float, 2u> const*, float*, int)	51	0	0	0	0	0
void flash_attn_ext_f16<512, 512, 16, 2, false, false>(char const*, char const*, char const*, char const*, char const*, int const*, float*, HIP_vector_type<float, 2u>*, float, float, float, float, unsigned int, float, int, HIP_vector_type<unsigned int, 3u>, int, int, int, int, int, int, int, int, int, int, int, long, int, int, long, int, int, int, int, int, long)	37	0	0	0	0	16
void flash_attn_ext_f16<512, 512, 16, 2, true, false>(char const*, char const*, char const*, char const*, char const*, int const*, float*, HIP_vector_type<float, 2u>*, float, float, float, float, unsigned int, float, int, HIP_vector_type<unsigned int, 3u>, int, int, int, int, int, int, int, int, int, int, int, long, int, int, long, int, int, int, int, int, long)	37	0	0	0	0	16
void flash_attn_stream_k_fixup_uniform<512, 16, 2>(float*, HIP_vector_type<float, 2u> const*, int, int, int, int, int, int, HIP_vector_type<unsigned int, 3u>, HIP_vector_type<unsigned int, 3u>, HIP_vector_type<unsigned int, 3u>)	17	0	0	0	0	0
void flash_attn_stream_k_fixup_general<512, 16, 2>(float*, HIP_vector_type<float, 2u> const*, int, int, int, int, HIP_vector_type<unsigned int, 3u>, HIP_vector_type<unsigned int, 3u>, HIP_vector_type<unsigned int, 3u>, HIP_vector_type<unsigned int, 3u>)	22	0	0	0	0	0
void flash_attn_combine_results<512>(float const*, HIP_vector_type<float, 2u> const*, float*, int)	51	0	0	0	0	0
void flash_attn_ext_f16<64, 64, 16, 4, false, false>(char const*, char const*, char const*, char const*, char const*, int const*, float*, HIP_vector_type<float, 2u>*, float, float, float, float, unsigned int, float, int, HIP_vector_type<unsigned int, 3u>, int, int, int, int, int, int, int, int, int, int, int, long, int, int, long, int, int, int, int, int, long)	128	0	157	32	0	440
void flash_attn_ext_f16<64, 64, 16, 4, true, false>(char const*, char const*, char const*, char const*, char const*, int const*, float*, HIP_vector_type<float, 2u>*, float, float, float, float, unsigned int, float, int, HIP_vector_type<unsigned int, 3u>, int, int, int, int, int, int, int, int, int, int, int, long, int, int, long, int, int, int, int, int, long)	37	0	0	0	0	16
void flash_attn_mask_to_KV_max<16>(__half2 const*, int*, int, long, long)	13	0	0	0	128	0
void flash_attn_stream_k_fixup_uniform<64, 16, 4>(float*, HIP_vector_type<float, 2u> const*, int, int, int, int, int, int, HIP_vector_type<unsigned int, 3u>, HIP_vector_type<unsigned int, 3u>, HIP_vector_type<unsigned int, 3u>)	17	0	0	0	0	0
void flash_attn_stream_k_fixup_general<64, 16, 4>(float*, HIP_vector_type<float, 2u> const*, int, int, int, int, HIP_vector_type<unsigned int, 3u>, HIP_vector_type<unsigned int, 3u>, HIP_vector_type<unsigned int, 3u>, HIP_vector_type<unsigned int, 3u>)	22	0	0	0	0	0
void flash_attn_combine_results<64>(float const*, HIP_vector_type<float, 2u> const*, float*, int)	51	0	0	0	0	0
void flash_attn_ext_f16<80, 80, 16, 4, false, false>(char const*, char const*, char const*, char const*, char const*, int const*, float*, HIP_vector_type<float, 2u>*, float, float, float, float, unsigned int, float, int, HIP_vector_type<unsigned int, 3u>, int, int, int, int, int, int, int, int, int, int, int, long, int, int, long, int, int, int, int, int, long)	230	0	0	41	0	0
void flash_attn_ext_f16<80, 80, 16, 4, true, false>(char const*, char const*, char const*, char const*, char const*, int const*, float*, HIP_vector_type<float, 2u>*, float, float, float, float, unsigned int, float, int, HIP_vector_type<unsigned int, 3u>, int, int, int, int, int, int, int, int, int, int, int, long, int, int, long, int, int, int, int, int, long)	37	0	0	0	0	16
void flash_attn_stream_k_fixup_uniform<80, 16, 4>(float*, HIP_vector_type<float, 2u> const*, int, int, int, int, int, int, HIP_vector_type<unsigned int, 3u>, HIP_vector_type<unsigned int, 3u>, HIP_vector_type<unsigned int, 3u>)	17	0	0	0	0	0
void flash_attn_stream_k_fixup_general<80, 16, 4>(float*, HIP_vector_type<float, 2u> const*, int, int, int, int, HIP_vector_type<unsigned int, 3u>, HIP_vector_type<unsigned int, 3u>, HIP_vector_type<unsigned int, 3u>, HIP_vector_type<unsigned int, 3u>)	22	0	0	0	0	0
void flash_attn_combine_results<80>(float const*, HIP_vector_type<float, 2u> const*, float*, int)	51	0	0	0	0	0
void flash_attn_ext_f16<96, 96, 16, 4, false, false>(char const*, char const*, char const*, char const*, char const*, int const*, float*, HIP_vector_type<float, 2u>*, float, float, float, float, unsigned int, float, int, HIP_vector_type<unsigned int, 3u>, int, int, int, int, int, int, int, int, int, int, int, long, int, int, long, int, int, int, int, int, long)	256	0	55	43	0	224
void flash_attn_ext_f16<96, 96, 16, 4, true, false>(char const*, char const*, char const*, char const*, char const*, int const*, float*, HIP_vector_type<float, 2u>*, float, float, float, float, unsigned int, float, int, HIP_vector_type<unsigned int, 3u>, int, int, int, int, int, int, int, int, int, int, int, long, int, int, long, int, int, int, int, int, long)	37	0	0	0	0	16
void flash_attn_stream_k_fixup_uniform<96, 16, 4>(float*, HIP_vector_type<float, 2u> const*, int, int, int, int, int, int, HIP_vector_type<unsigned int, 3u>, HIP_vector_type<unsigned int, 3u>, HIP_vector_type<unsigned int, 3u>)	17	0	0	0	0	0
void flash_attn_stream_k_fixup_general<96, 16, 4>(float*, HIP_vector_type<float, 2u> const*, int, int, int, int, HIP_vector_type<unsigned int, 3u>, HIP_vector_type<unsigned int, 3u>, HIP_vector_type<unsigned int, 3u>, HIP_vector_type<unsigned int, 3u>)	22	0	0	0	0	0
void flash_attn_combine_results<96>(float const*, HIP_vector_type<float, 2u> const*, float*, int)	51	0	0	0	0	0
void flash_attn_ext_f16<112, 112, 16, 4, false, false>(char const*, char const*, char const*, char const*, char const*, int const*, float*, HIP_vector_type<float, 2u>*, float, float, float, float, unsigned int, float, int, HIP_vector_type<unsigned int, 3u>, int, int, int, int, int, int, int, int, int, int, int, long, int, int, long, int, int, int, int, int, long)	256	0	37	54	0	152
void flash_attn_ext_f16<112, 112, 16, 4, true, false>(char const*, char const*, char const*, char const*, char const*, int const*, float*, HIP_vector_type<float, 2u>*, float, float, float, float, unsigned int, float, int, HIP_vector_type<unsigned int, 3u>, int, int, int, int, int, int, int, int, int, int, int, long, int, int, long, int, int, int, int, int, long)	37	0	0	0	0	16
void flash_attn_stream_k_fixup_uniform<112, 16, 4>(float*, HIP_vector_type<float, 2u> const*, int, int, int, int, int, int, HIP_vector_type<unsigned int, 3u>, HIP_vector_type<unsigned int, 3u>, HIP_vector_type<unsigned int, 3u>)	17	0	0	0	0	0
void flash_attn_stream_k_fixup_general<112, 16, 4>(float*, HIP_vector_type<float, 2u> const*, int, int, int, int, HIP_vector_type<unsigned int, 3u>, HIP_vector_type<unsigned int, 3u>, HIP_vector_type<unsigned int, 3u>, HIP_vector_type<unsigned int, 3u>)	22	0	0	0	0	0
void flash_attn_combine_results<112>(float const*, HIP_vector_type<float, 2u> const*, float*, int)	51	0	0	0	0	0
void flash_attn_ext_f16<128, 128, 16, 4, false, false>(char const*, char const*, char const*, char const*, char const*, int const*, float*, HIP_vector_type<float, 2u>*, float, float, float, float, unsigned int, float, int, HIP_vector_type<unsigned int, 3u>, int, int, int, int, int, int, int, int, int, int, int, long, int, int, long, int, int, int, int, int, long)	256	0	112	57	0	452
void flash_attn_ext_f16<128, 128, 16, 4, true, false>(char const*, char const*, char const*, char const*, char const*, int const*, float*, HIP_vector_type<float, 2u>*, float, float, float, float, unsigned int, float, int, HIP_vector_type<unsigned int, 3u>, int, int, int, int, int, int, int, int, int, int, int, long, int, int, long, int, int, int, int, int, long)	256	0	57	67	0	232
void flash_attn_stream_k_fixup_uniform<128, 16, 4>(float*, HIP_vector_type<float, 2u> const*, int, int, int, int, int, int, HIP_vector_type<unsigned int, 3u>, HIP_vector_type<unsigned int, 3u>, HIP_vector_type<unsigned int, 3u>)	17	0	0	0	0	0
void flash_attn_stream_k_fixup_general<128, 16, 4>(float*, HIP_vector_type<float, 2u> const*, int, int, int, int, HIP_vector_type<unsigned int, 3u>, HIP_vector_type<unsigned int, 3u>, HIP_vector_type<unsigned int, 3u>, HIP_vector_type<unsigned int, 3u>)	22	0	0	0	0	0
void flash_attn_combine_results<128>(float const*, HIP_vector_type<float, 2u> const*, float*, int)	51	0	0	0	0	0
void flash_attn_ext_f16<256, 256, 16, 4, false, false>(char const*, char const*, char const*, char const*, char const*, int const*, float*, HIP_vector_type<float, 2u>*, float, float, float, float, unsigned int, float, int, HIP_vector_type<unsigned int, 3u>, int, int, int, int, int, int, int, int, int, int, int, long, int, int, long, int, int, int, int, int, long)	256	0	315	26	0	1076
void flash_attn_ext_f16<256, 256, 16, 4, true, false>(char const*, char const*, char const*, char const*, char const*, int const*, float*, HIP_vector_type<float, 2u>*, float, float, float, float, unsigned int, float, int, HIP_vector_type<unsigned int, 3u>, int, int, int, int, int, int, int, int, int, int, int, long, int, int, long, int, int, int, int, int, long)	256	0	211	31	0	656
void flash_attn_stream_k_fixup_uniform<256, 16, 4>(float*, HIP_vector_type<float, 2u> const*, int, int, int, int, int, int, HIP_vector_type<unsigned int, 3u>, HIP_vector_type<unsigned int, 3u>, HIP_vector_type<unsigned int, 3u>)	17	0	0	0	0	0
void flash_attn_stream_k_fixup_general<256, 16, 4>(float*, HIP_vector_type<float, 2u> const*, int, int, int, int, HIP_vector_type<unsigned int, 3u>, HIP_vector_type<unsigned int, 3u>, HIP_vector_type<unsigned int, 3u>, HIP_vector_type<unsigned int, 3u>)	22	0	0	0	0	0
void flash_attn_combine_results<256>(float const*, HIP_vector_type<float, 2u> const*, float*, int)	51	0	0	0	0	0
void flash_attn_ext_f16<512, 512, 16, 4, false, false>(char const*, char const*, char const*, char const*, char const*, int const*, float*, HIP_vector_type<float, 2u>*, float, float, float, float, unsigned int, float, int, HIP_vector_type<unsigned int, 3u>, int, int, int, int, int, int, int, int, int, int, int, long, int, int, long, int, int, int, int, int, long)	37	0	0	0	0	16
void flash_attn_ext_f16<512, 512, 16, 4, true, false>(char const*, char const*, char const*, char const*, char const*, int const*, float*, HIP_vector_type<float, 2u>*, float, float, float, float, unsigned int, float, int, HIP_vector_type<unsigned int, 3u>, int, int, int, int, int, int, int, int, int, int, int, long, int, int, long, int, int, int, int, int, long)	37	0	0	0	0	16
void flash_attn_stream_k_fixup_uniform<512, 16, 4>(float*, HIP_vector_type<float, 2u> const*, int, int, int, int, int, int, HIP_vector_type<unsigned int, 3u>, HIP_vector_type<unsigned int, 3u>, HIP_vector_type<unsigned int, 3u>)	17	0	0	0	0	0
void flash_attn_stream_k_fixup_general<512, 16, 4>(float*, HIP_vector_type<float, 2u> const*, int, int, int, int, HIP_vector_type<unsigned int, 3u>, HIP_vector_type<unsigned int, 3u>, HIP_vector_type<unsigned int, 3u>, HIP_vector_type<unsigned int, 3u>)	22	0	0	0	0	0
void flash_attn_combine_results<512>(float const*, HIP_vector_type<float, 2u> const*, float*, int)	51	0	0	0	0	0
void flash_attn_ext_f16<576, 512, 16, 4, false, true>(char const*, char const*, char const*, char const*, char const*, int const*, float*, HIP_vector_type<float, 2u>*, float, float, float, float, unsigned int, float, int, HIP_vector_type<unsigned int, 3u>, int, int, int, int, int, int, int, int, int, int, int, long, int, int, long, int, int, int, int, int, long)	37	0	0	0	0	16
void flash_attn_ext_f16<576, 512, 16, 4, true, true>(char const*, char const*, char const*, char const*, char const*, int const*, float*, HIP_vector_type<float, 2u>*, float, float, float, float, unsigned int, float, int, HIP_vector_type<unsigned int, 3u>, int, int, int, int, int, int, int, int, int, int, int, long, int, int, long, int, int, int, int, int, long)	37	0	0	0	0	16
void flash_attn_ext_f16<192, 128, 2, 16, false, false>(char const*, char const*, char const*, char const*, char const*, int const*, float*, HIP_vector_type<float, 2u>*, float, float, float, float, unsigned int, float, int, HIP_vector_type<unsigned int, 3u>, int, int, int, int, int, int, int, int, int, int, int, long, int, int, long, int, int, int, int, int, long)	364	108	0	26	0	0
void flash_attn_ext_f16<192, 128, 2, 16, true, false>(char const*, char const*, char const*, char const*, char const*, int const*, float*, HIP_vector_type<float, 2u>*, float, float, float, float, unsigned int, float, int, HIP_vector_type<unsigned int, 3u>, int, int, int, int, int, int, int, int, int, int, int, long, int, int, long, int, int, int, int, int, long)	37	0	0	0	0	16
void flash_attn_mask_to_KV_max<2>(__half2 const*, int*, int, long, long)	18	0	0	0	128	0
void flash_attn_stream_k_fixup_uniform<128, 2, 16>(float*, HIP_vector_type<float, 2u> const*, int, int, int, int, int, int, HIP_vector_type<unsigned int, 3u>, HIP_vector_type<unsigned int, 3u>, HIP_vector_type<unsigned int, 3u>)	17	0	0	0	0	0
void flash_attn_stream_k_fixup_general<128, 2, 16>(float*, HIP_vector_type<float, 2u> const*, int, int, int, int, HIP_vector_type<unsigned int, 3u>, HIP_vector_type<unsigned int, 3u>, HIP_vector_type<unsigned int, 3u>, HIP_vector_type<unsigned int, 3u>)	22	0	0	0	0	0
void flash_attn_combine_results<128>(float const*, HIP_vector_type<float, 2u> const*, float*, int)	51	0	0	0	0	0
void flash_attn_ext_f16<576, 512, 2, 16, false, true>(char const*, char const*, char const*, char const*, char const*, int const*, float*, HIP_vector_type<float, 2u>*, float, float, float, float, unsigned int, float, int, HIP_vector_type<unsigned int, 3u>, int, int, int, int, int, int, int, int, int, int, int, long, int, int, long, int, int, int, int, int, long)	37	0	0	0	0	16
void flash_attn_ext_f16<576, 512, 2, 16, true, true>(char const*, char const*, char const*, char const*, char const*, int const*, float*, HIP_vector_type<float, 2u>*, float, float, float, float, unsigned int, float, int, HIP_vector_type<unsigned int, 3u>, int, int, int, int, int, int, int, int, int, int, int, long, int, int, long, int, int, int, int, int, long)	37	0	0	0	0	16
void flash_attn_stream_k_fixup_uniform<512, 2, 16>(float*, HIP_vector_type<float, 2u> const*, int, int, int, int, int, int, HIP_vector_type<unsigned int, 3u>, HIP_vector_type<unsigned int, 3u>, HIP_vector_type<unsigned int, 3u>)	17	0	0	0	0	0
void flash_attn_stream_k_fixup_general<512, 2, 16>(float*, HIP_vector_type<float, 2u> const*, int, int, int, int, HIP_vector_type<unsigned int, 3u>, HIP_vector_type<unsigned int, 3u>, HIP_vector_type<unsigned int, 3u>, HIP_vector_type<unsigned int, 3u>)	22	0	0	0	0	0
void flash_attn_combine_results<512>(float const*, HIP_vector_type<float, 2u> const*, float*, int)	51	0	0	0	0	0
void flash_attn_ext_f16<320, 256, 2, 32, false, false>(char const*, char const*, char const*, char const*, char const*, int const*, float*, HIP_vector_type<float, 2u>*, float, float, float, float, unsigned int, float, int, HIP_vector_type<unsigned int, 3u>, int, int, int, int, int, int, int, int, int, int, int, long, int, int, long, int, int, int, int, int, long)	512	256	300	115	0	968
void flash_attn_ext_f16<320, 256, 2, 32, true, false>(char const*, char const*, char const*, char const*, char const*, int const*, float*, HIP_vector_type<float, 2u>*, float, float, float, float, unsigned int, float, int, HIP_vector_type<unsigned int, 3u>, int, int, int, int, int, int, int, int, int, int, int, long, int, int, long, int, int, int, int, int, long)	37	0	0	0	0	16
void flash_attn_mask_to_KV_max<2>(__half2 const*, int*, int, long, long)	18	0	0	0	128	0
void flash_attn_stream_k_fixup_uniform<256, 2, 32>(float*, HIP_vector_type<float, 2u> const*, int, int, int, int, int, int, HIP_vector_type<unsigned int, 3u>, HIP_vector_type<unsigned int, 3u>, HIP_vector_type<unsigned int, 3u>)	17	0	0	0	0	0
void flash_attn_stream_k_fixup_general<256, 2, 32>(float*, HIP_vector_type<float, 2u> const*, int, int, int, int, HIP_vector_type<unsigned int, 3u>, HIP_vector_type<unsigned int, 3u>, HIP_vector_type<unsigned int, 3u>, HIP_vector_type<unsigned int, 3u>)	22	0	0	0	0	0
void flash_attn_combine_results<256>(float const*, HIP_vector_type<float, 2u> const*, float*, int)	51	0	0	0	0	0
void flash_attn_ext_f16<576, 512, 2, 32, false, true>(char const*, char const*, char const*, char const*, char const*, int const*, float*, HIP_vector_type<float, 2u>*, float, float, float, float, unsigned int, float, int, HIP_vector_type<unsigned int, 3u>, int, int, int, int, int, int, int, int, int, int, int, long, int, int, long, int, int, int, int, int, long)	37	0	0	0	0	16
void flash_attn_ext_f16<576, 512, 2, 32, true, true>(char const*, char const*, char const*, char const*, char const*, int const*, float*, HIP_vector_type<float, 2u>*, float, float, float, float, unsigned int, float, int, HIP_vector_type<unsigned int, 3u>, int, int, int, int, int, int, int, int, int, int, int, long, int, int, long, int, int, int, int, int, long)	37	0	0	0	0	16
void flash_attn_stream_k_fixup_uniform<512, 2, 32>(float*, HIP_vector_type<float, 2u> const*, int, int, int, int, int, int, HIP_vector_type<unsigned int, 3u>, HIP_vector_type<unsigned int, 3u>, HIP_vector_type<unsigned int, 3u>)	17	0	0	0	0	0
void flash_attn_stream_k_fixup_general<512, 2, 32>(float*, HIP_vector_type<float, 2u> const*, int, int, int, int, HIP_vector_type<unsigned int, 3u>, HIP_vector_type<unsigned int, 3u>, HIP_vector_type<unsigned int, 3u>, HIP_vector_type<unsigned int, 3u>)	22	0	0	0	0	0
void flash_attn_combine_results<512>(float const*, HIP_vector_type<float, 2u> const*, float*, int)	51	0	0	0	0	0
void flash_attn_ext_f16<64, 64, 2, 4, false, false>(char const*, char const*, char const*, char const*, char const*, int const*, float*, HIP_vector_type<float, 2u>*, float, float, float, float, unsigned int, float, int, HIP_vector_type<unsigned int, 3u>, int, int, int, int, int, int, int, int, int, int, int, long, int, int, long, int, int, int, int, int, long)	37	0	0	0	0	16
void flash_attn_ext_f16<64, 64, 2, 4, true, false>(char const*, char const*, char const*, char const*, char const*, int const*, float*, HIP_vector_type<float, 2u>*, float, float, float, float, unsigned int, float, int, HIP_vector_type<unsigned int, 3u>, int, int, int, int, int, int, int, int, int, int, int, long, int, int, long, int, int, int, int, int, long)	37	0	0	0	0	16
void flash_attn_mask_to_KV_max<2>(__half2 const*, int*, int, long, long)	18	0	0	0	128	0
void flash_attn_stream_k_fixup_uniform<64, 2, 4>(float*, HIP_vector_type<float, 2u> const*, int, int, int, int, int, int, HIP_vector_type<unsigned int, 3u>, HIP_vector_type<unsigned int, 3u>, HIP_vector_type<unsigned int, 3u>)	17	0	0	0	0	0
void flash_attn_stream_k_fixup_general<64, 2, 4>(float*, HIP_vector_type<float, 2u> const*, int, int, int, int, HIP_vector_type<unsigned int, 3u>, HIP_vector_type<unsigned int, 3u>, HIP_vector_type<unsigned int, 3u>, HIP_vector_type<unsigned int, 3u>)	22	0	0	0	0	0
void flash_attn_combine_results<64>(float const*, HIP_vector_type<float, 2u> const*, float*, int)	51	0	0	0	0	0
void flash_attn_ext_f16<80, 80, 2, 4, false, false>(char const*, char const*, char const*, char const*, char const*, int const*, float*, HIP_vector_type<float, 2u>*, float, float, float, float, unsigned int, float, int, HIP_vector_type<unsigned int, 3u>, int, int, int, int, int, int, int, int, int, int, int, long, int, int, long, int, int, int, int, int, long)	37	0	0	0	0	16
void flash_attn_ext_f16<80, 80, 2, 4, true, false>(char const*, char const*, char const*, char const*, char const*, int const*, float*, HIP_vector_type<float, 2u>*, float, float, float, float, unsigned int, float, int, HIP_vector_type<unsigned int, 3u>, int, int, int, int, int, int, int, int, int, int, int, long, int, int, long, int, int, int, int, int, long)	37	0	0	0	0	16
void flash_attn_stream_k_fixup_uniform<80, 2, 4>(float*, HIP_vector_type<float, 2u> const*, int, int, int, int, int, int, HIP_vector_type<unsigned int, 3u>, HIP_vector_type<unsigned int, 3u>, HIP_vector_type<unsigned int, 3u>)	17	0	0	0	0	0
void flash_attn_stream_k_fixup_general<80, 2, 4>(float*, HIP_vector_type<float, 2u> const*, int, int, int, int, HIP_vector_type<unsigned int, 3u>, HIP_vector_type<unsigned int, 3u>, HIP_vector_type<unsigned int, 3u>, HIP_vector_type<unsigned int, 3u>)	22	0	0	0	0	0
void flash_attn_combine_results<80>(float const*, HIP_vector_type<float, 2u> const*, float*, int)	51	0	0	0	0	0
void flash_attn_ext_f16<96, 96, 2, 4, false, false>(char const*, char const*, char const*, char const*, char const*, int const*, float*, HIP_vector_type<float, 2u>*, float, float, float, float, unsigned int, float, int, HIP_vector_type<unsigned int, 3u>, int, int, int, int, int, int, int, int, int, int, int, long, int, int, long, int, int, int, int, int, long)	37	0	0	0	0	16
void flash_attn_ext_f16<96, 96, 2, 4, true, false>(char const*, char const*, char const*, char const*, char const*, int const*, float*, HIP_vector_type<float, 2u>*, float, float, float, float, unsigned int, float, int, HIP_vector_type<unsigned int, 3u>, int, int, int, int, int, int, int, int, int, int, int, long, int, int, long, int, int, int, int, int, long)	37	0	0	0	0	16
void flash_attn_stream_k_fixup_uniform<96, 2, 4>(float*, HIP_vector_type<float, 2u> const*, int, int, int, int, int, int, HIP_vector_type<unsigned int, 3u>, HIP_vector_type<unsigned int, 3u>, HIP_vector_type<unsigned int, 3u>)	17	0	0	0	0	0
void flash_attn_stream_k_fixup_general<96, 2, 4>(float*, HIP_vector_type<float, 2u> const*, int, int, int, int, HIP_vector_type<unsigned int, 3u>, HIP_vector_type<unsigned int, 3u>, HIP_vector_type<unsigned int, 3u>, HIP_vector_type<unsigned int, 3u>)	22	0	0	0	0	0
void flash_attn_combine_results<96>(float const*, HIP_vector_type<float, 2u> const*, float*, int)	51	0	0	0	0	0
void flash_attn_ext_f16<112, 112, 2, 4, false, false>(char const*, char const*, char const*, char const*, char const*, int const*, float*, HIP_vector_type<float, 2u>*, float, float, float, float, unsigned int, float, int, HIP_vector_type<unsigned int, 3u>, int, int, int, int, int, int, int, int, int, int, int, long, int, int, long, int, int, int, int, int, long)	37	0	0	0	0	16
void flash_attn_ext_f16<112, 112, 2, 4, true, false>(char const*, char const*, char const*, char const*, char const*, int const*, float*, HIP_vector_type<float, 2u>*, float, float, float, float, unsigned int, float, int, HIP_vector_type<unsigned int, 3u>, int, int, int, int, int, int, int, int, int, int, int, long, int, int, long, int, int, int, int, int, long)	37	0	0	0	0	16
void flash_attn_stream_k_fixup_uniform<112, 2, 4>(float*, HIP_vector_type<float, 2u> const*, int, int, int, int, int, int, HIP_vector_type<unsigned int, 3u>, HIP_vector_type<unsigned int, 3u>, HIP_vector_type<unsigned int, 3u>)	17	0	0	0	0	0
void flash_attn_stream_k_fixup_general<112, 2, 4>(float*, HIP_vector_type<float, 2u> const*, int, int, int, int, HIP_vector_type<unsigned int, 3u>, HIP_vector_type<unsigned int, 3u>, HIP_vector_type<unsigned int, 3u>, HIP_vector_type<unsigned int, 3u>)	22	0	0	0	0	0
void flash_attn_combine_results<112>(float const*, HIP_vector_type<float, 2u> const*, float*, int)	51	0	0	0	0	0
void flash_attn_ext_f16<128, 128, 2, 4, false, false>(char const*, char const*, char const*, char const*, char const*, int const*, float*, HIP_vector_type<float, 2u>*, float, float, float, float, unsigned int, float, int, HIP_vector_type<unsigned int, 3u>, int, int, int, int, int, int, int, int, int, int, int, long, int, int, long, int, int, int, int, int, long)	37	0	0	0	0	16
void flash_attn_ext_f16<128, 128, 2, 4, true, false>(char const*, char const*, char const*, char const*, char const*, int const*, float*, HIP_vector_type<float, 2u>*, float, float, float, float, unsigned int, float, int, HIP_vector_type<unsigned int, 3u>, int, int, int, int, int, int, int, int, int, int, int, long, int, int, long, int, int, int, int, int, long)	37	0	0	0	0	16
void flash_attn_stream_k_fixup_uniform<128, 2, 4>(float*, HIP_vector_type<float, 2u> const*, int, int, int, int, int, int, HIP_vector_type<unsigned int, 3u>, HIP_vector_type<unsigned int, 3u>, HIP_vector_type<unsigned int, 3u>)	17	0	0	0	0	0
void flash_attn_stream_k_fixup_general<128, 2, 4>(float*, HIP_vector_type<float, 2u> const*, int, int, int, int, HIP_vector_type<unsigned int, 3u>, HIP_vector_type<unsigned int, 3u>, HIP_vector_type<unsigned int, 3u>, HIP_vector_type<unsigned int, 3u>)	22	0	0	0	0	0
void flash_attn_combine_results<128>(float const*, HIP_vector_type<float, 2u> const*, float*, int)	51	0	0	0	0	0
void flash_attn_ext_f16<256, 256, 2, 4, false, false>(char const*, char const*, char const*, char const*, char const*, int const*, float*, HIP_vector_type<float, 2u>*, float, float, float, float, unsigned int, float, int, HIP_vector_type<unsigned int, 3u>, int, int, int, int, int, int, int, int, int, int, int, long, int, int, long, int, int, int, int, int, long)	37	0	0	0	0	16
void flash_attn_ext_f16<256, 256, 2, 4, true, false>(char const*, char const*, char const*, char const*, char const*, int const*, float*, HIP_vector_type<float, 2u>*, float, float, float, float, unsigned int, float, int, HIP_vector_type<unsigned int, 3u>, int, int, int, int, int, int, int, int, int, int, int, long, int, int, long, int, int, int, int, int, long)	37	0	0	0	0	16
void flash_attn_stream_k_fixup_uniform<256, 2, 4>(float*, HIP_vector_type<float, 2u> const*, int, int, int, int, int, int, HIP_vector_type<unsigned int, 3u>, HIP_vector_type<unsigned int, 3u>, HIP_vector_type<unsigned int, 3u>)	17	0	0	0	0	0
void flash_attn_stream_k_fixup_general<256, 2, 4>(float*, HIP_vector_type<float, 2u> const*, int, int, int, int, HIP_vector_type<unsigned int, 3u>, HIP_vector_type<unsigned int, 3u>, HIP_vector_type<unsigned int, 3u>, HIP_vector_type<unsigned int, 3u>)	22	0	0	0	0	0
void flash_attn_combine_results<256>(float const*, HIP_vector_type<float, 2u> const*, float*, int)	51	0	0	0	0	0
void flash_attn_ext_f16<512, 512, 2, 4, false, false>(char const*, char const*, char const*, char const*, char const*, int const*, float*, HIP_vector_type<float, 2u>*, float, float, float, float, unsigned int, float, int, HIP_vector_type<unsigned int, 3u>, int, int, int, int, int, int, int, int, int, int, int, long, int, int, long, int, int, int, int, int, long)	37	0	0	0	0	16
void flash_attn_ext_f16<512, 512, 2, 4, true, false>(char const*, char const*, char const*, char const*, char const*, int const*, float*, HIP_vector_type<float, 2u>*, float, float, float, float, unsigned int, float, int, HIP_vector_type<unsigned int, 3u>, int, int, int, int, int, int, int, int, int, int, int, long, int, int, long, int, int, int, int, int, long)	37	0	0	0	0	16
void flash_attn_stream_k_fixup_uniform<512, 2, 4>(float*, HIP_vector_type<float, 2u> const*, int, int, int, int, int, int, HIP_vector_type<unsigned int, 3u>, HIP_vector_type<unsigned int, 3u>, HIP_vector_type<unsigned int, 3u>)	17	0	0	0	0	0
void flash_attn_stream_k_fixup_general<512, 2, 4>(float*, HIP_vector_type<float, 2u> const*, int, int, int, int, HIP_vector_type<unsigned int, 3u>, HIP_vector_type<unsigned int, 3u>, HIP_vector_type<unsigned int, 3u>, HIP_vector_type<unsigned int, 3u>)	22	0	0	0	0	0
void flash_attn_combine_results<512>(float const*, HIP_vector_type<float, 2u> const*, float*, int)	51	0	0	0	0	0
void flash_attn_ext_f16<576, 512, 2, 4, false, true>(char const*, char const*, char const*, char const*, char const*, int const*, float*, HIP_vector_type<float, 2u>*, float, float, float, float, unsigned int, float, int, HIP_vector_type<unsigned int, 3u>, int, int, int, int, int, int, int, int, int, int, int, long, int, int, long, int, int, int, int, int, long)	37	0	0	0	0	16
void flash_attn_ext_f16<576, 512, 2, 4, true, true>(char const*, char const*, char const*, char const*, char const*, int const*, float*, HIP_vector_type<float, 2u>*, float, float, float, float, unsigned int, float, int, HIP_vector_type<unsigned int, 3u>, int, int, int, int, int, int, int, int, int, int, int, long, int, int, long, int, int, int, int, int, long)	37	0	0	0	0	16
void flash_attn_ext_f16<64, 64, 2, 8, false, false>(char const*, char const*, char const*, char const*, char const*, int const*, float*, HIP_vector_type<float, 2u>*, float, float, float, float, unsigned int, float, int, HIP_vector_type<unsigned int, 3u>, int, int, int, int, int, int, int, int, int, int, int, long, int, int, long, int, int, int, int, int, long)	166	0	0	24	0	0
void flash_attn_ext_f16<64, 64, 2, 8, true, false>(char const*, char const*, char const*, char const*, char const*, int const*, float*, HIP_vector_type<float, 2u>*, float, float, float, float, unsigned int, float, int, HIP_vector_type<unsigned int, 3u>, int, int, int, int, int, int, int, int, int, int, int, long, int, int, long, int, int, int, int, int, long)	37	0	0	0	0	16
void flash_attn_mask_to_KV_max<2>(__half2 const*, int*, int, long, long)	18	0	0	0	128	0
void flash_attn_stream_k_fixup_uniform<64, 2, 8>(float*, HIP_vector_type<float, 2u> const*, int, int, int, int, int, int, HIP_vector_type<unsigned int, 3u>, HIP_vector_type<unsigned int, 3u>, HIP_vector_type<unsigned int, 3u>)	17	0	0	0	0	0
void flash_attn_stream_k_fixup_general<64, 2, 8>(float*, HIP_vector_type<float, 2u> const*, int, int, int, int, HIP_vector_type<unsigned int, 3u>, HIP_vector_type<unsigned int, 3u>, HIP_vector_type<unsigned int, 3u>, HIP_vector_type<unsigned int, 3u>)	22	0	0	0	0	0
void flash_attn_combine_results<64>(float const*, HIP_vector_type<float, 2u> const*, float*, int)	51	0	0	0	0	0
void flash_attn_ext_f16<80, 80, 2, 8, false, false>(char const*, char const*, char const*, char const*, char const*, int const*, float*, HIP_vector_type<float, 2u>*, float, float, float, float, unsigned int, float, int, HIP_vector_type<unsigned int, 3u>, int, int, int, int, int, int, int, int, int, int, int, long, int, int, long, int, int, int, int, int, long)	190	0	0	31	0	0
void flash_attn_ext_f16<80, 80, 2, 8, true, false>(char const*, char const*, char const*, char const*, char const*, int const*, float*, HIP_vector_type<float, 2u>*, float, float, float, float, unsigned int, float, int, HIP_vector_type<unsigned int, 3u>, int, int, int, int, int, int, int, int, int, int, int, long, int, int, long, int, int, int, int, int, long)	37	0	0	0	0	16
void flash_attn_stream_k_fixup_uniform<80, 2, 8>(float*, HIP_vector_type<float, 2u> const*, int, int, int, int, int, int, HIP_vector_type<unsigned int, 3u>, HIP_vector_type<unsigned int, 3u>, HIP_vector_type<unsigned int, 3u>)	17	0	0	0	0	0
void flash_attn_stream_k_fixup_general<80, 2, 8>(float*, HIP_vector_type<float, 2u> const*, int, int, int, int, HIP_vector_type<unsigned int, 3u>, HIP_vector_type<unsigned int, 3u>, HIP_vector_type<unsigned int, 3u>, HIP_vector_type<unsigned int, 3u>)	22	0	0	0	0	0
void flash_attn_combine_results<80>(float const*, HIP_vector_type<float, 2u> const*, float*, int)	51	0	0	0	0	0
void flash_attn_ext_f16<96, 96, 2, 8, false, false>(char const*, char const*, char const*, char const*, char const*, int const*, float*, HIP_vector_type<float, 2u>*, float, float, float, float, unsigned int, float, int, HIP_vector_type<unsigned int, 3u>, int, int, int, int, int, int, int, int, int, int, int, long, int, int, long, int, int, int, int, int, long)	213	0	0	26	0	0
void flash_attn_ext_f16<96, 96, 2, 8, true, false>(char const*, char const*, char const*, char const*, char const*, int const*, float*, HIP_vector_type<float, 2u>*, float, float, float, float, unsigned int, float, int, HIP_vector_type<unsigned int, 3u>, int, int, int, int, int, int, int, int, int, int, int, long, int, int, long, int, int, int, int, int, long)	37	0	0	0	0	16
void flash_attn_stream_k_fixup_uniform<96, 2, 8>(float*, HIP_vector_type<float, 2u> const*, int, int, int, int, int, int, HIP_vector_type<unsigned int, 3u>, HIP_vector_type<unsigned int, 3u>, HIP_vector_type<unsigned int, 3u>)	17	0	0	0	0	0
void flash_attn_stream_k_fixup_general<96, 2, 8>(float*, HIP_vector_type<float, 2u> const*, int, int, int, int, HIP_vector_type<unsigned int, 3u>, HIP_vector_type<unsigned int, 3u>, HIP_vector_type<unsigned int, 3u>, HIP_vector_type<unsigned int, 3u>)	22	0	0	0	0	0
void flash_attn_combine_results<96>(float const*, HIP_vector_type<float, 2u> const*, float*, int)	51	0	0	0	0	0
void flash_attn_ext_f16<112, 112, 2, 8, false, false>(char const*, char const*, char const*, char const*, char const*, int const*, float*, HIP_vector_type<float, 2u>*, float, float, float, float, unsigned int, float, int, HIP_vector_type<unsigned int, 3u>, int, int, int, int, int, int, int, int, int, int, int, long, int, int, long, int, int, int, int, int, long)	244	0	0	31	0	0
void flash_attn_ext_f16<112, 112, 2, 8, true, false>(char const*, char const*, char const*, char const*, char const*, int const*, float*, HIP_vector_type<float, 2u>*, float, float, float, float, unsigned int, float, int, HIP_vector_type<unsigned int, 3u>, int, int, int, int, int, int, int, int, int, int, int, long, int, int, long, int, int, int, int, int, long)	37	0	0	0	0	16
void flash_attn_stream_k_fixup_uniform<112, 2, 8>(float*, HIP_vector_type<float, 2u> const*, int, int, int, int, int, int, HIP_vector_type<unsigned int, 3u>, HIP_vector_type<unsigned int, 3u>, HIP_vector_type<unsigned int, 3u>)	17	0	0	0	0	0
void flash_attn_stream_k_fixup_general<112, 2, 8>(float*, HIP_vector_type<float, 2u> const*, int, int, int, int, HIP_vector_type<unsigned int, 3u>, HIP_vector_type<unsigned int, 3u>, HIP_vector_type<unsigned int, 3u>, HIP_vector_type<unsigned int, 3u>)	22	0	0	0	0	0
void flash_attn_combine_results<112>(float const*, HIP_vector_type<float, 2u> const*, float*, int)	51	0	0	0	0	0
void flash_attn_ext_f16<128, 128, 2, 8, false, false>(char const*, char const*, char const*, char const*, char const*, int const*, float*, HIP_vector_type<float, 2u>*, float, float, float, float, unsigned int, float, int, HIP_vector_type<unsigned int, 3u>, int, int, int, int, int, int, int, int, int, int, int, long, int, int, long, int, int, int, int, int, long)	256	0	12	24	0	52
void flash_attn_ext_f16<128, 128, 2, 8, true, false>(char const*, char const*, char const*, char const*, char const*, int const*, float*, HIP_vector_type<float, 2u>*, float, float, float, float, unsigned int, float, int, HIP_vector_type<unsigned int, 3u>, int, int, int, int, int, int, int, int, int, int, int, long, int, int, long, int, int, int, int, int, long)	256	0	16	28	0	68
void flash_attn_stream_k_fixup_uniform<128, 2, 8>(float*, HIP_vector_type<float, 2u> const*, int, int, int, int, int, int, HIP_vector_type<unsigned int, 3u>, HIP_vector_type<unsigned int, 3u>, HIP_vector_type<unsigned int, 3u>)	17	0	0	0	0	0
void flash_attn_stream_k_fixup_general<128, 2, 8>(float*, HIP_vector_type<float, 2u> const*, int, int, int, int, HIP_vector_type<unsigned int, 3u>, HIP_vector_type<unsigned int, 3u>, HIP_vector_type<unsigned int, 3u>, HIP_vector_type<unsigned int, 3u>)	22	0	0	0	0	0
void flash_attn_combine_results<128>(float const*, HIP_vector_type<float, 2u> const*, float*, int)	51	0	0	0	0	0
void flash_attn_ext_f16<192, 128, 2, 8, false, false>(char const*, char const*, char const*, char const*, char const*, int const*, float*, HIP_vector_type<float, 2u>*, float, float, float, float, unsigned int, float, int, HIP_vector_type<unsigned int, 3u>, int, int, int, int, int, int, int, int, int, int, int, long, int, int, long, int, int, int, int, int, long)	301	45	0	24	0	0
void flash_attn_ext_f16<192, 128, 2, 8, true, false>(char const*, char const*, char const*, char const*, char const*, int const*, float*, HIP_vector_type<float, 2u>*, float, float, float, float, unsigned int, float, int, HIP_vector_type<unsigned int, 3u>, int, int, int, int, int, int, int, int, int, int, int, long, int, int, long, int, int, int, int, int, long)	37	0	0	0	0	16
void flash_attn_ext_f16<256, 256, 2, 8, false, false>(char const*, char const*, char const*, char const*, char const*, int const*, float*, HIP_vector_type<float, 2u>*, float, float, float, float, unsigned int, float, int, HIP_vector_type<unsigned int, 3u>, int, int, int, int, int, int, int, int, int, int, int, long, int, int, long, int, int, int, int, int, long)	418	162	0	24	0	0
void flash_attn_ext_f16<256, 256, 2, 8, true, false>(char const*, char const*, char const*, char const*, char const*, int const*, float*, HIP_vector_type<float, 2u>*, float, float, float, float, unsigned int, float, int, HIP_vector_type<unsigned int, 3u>, int, int, int, int, int, int, int, int, int, int, int, long, int, int, long, int, int, int, int, int, long)	422	166	0	28	0	0
void flash_attn_stream_k_fixup_uniform<256, 2, 8>(float*, HIP_vector_type<float, 2u> const*, int, int, int, int, int, int, HIP_vector_type<unsigned int, 3u>, HIP_vector_type<unsigned int, 3u>, HIP_vector_type<unsigned int, 3u>)	17	0	0	0	0	0
void flash_attn_stream_k_fixup_general<256, 2, 8>(float*, HIP_vector_type<float, 2u> const*, int, int, int, int, HIP_vector_type<unsigned int, 3u>, HIP_vector_type<unsigned int, 3u>, HIP_vector_type<unsigned int, 3u>, HIP_vector_type<unsigned int, 3u>)	22	0	0	0	0	0
void flash_attn_combine_results<256>(float const*, HIP_vector_type<float, 2u> const*, float*, int)	51	0	0	0	0	0
void flash_attn_ext_f16<512, 512, 2, 8, false, false>(char const*, char const*, char const*, char const*, char const*, int const*, float*, HIP_vector_type<float, 2u>*, float, float, float, float, unsigned int, float, int, HIP_vector_type<unsigned int, 3u>, int, int, int, int, int, int, int, int, int, int, int, long, int, int, long, int, int, int, int, int, long)	37	0	0	0	0	16
void flash_attn_ext_f16<512, 512, 2, 8, true, false>(char const*, char const*, char const*, char const*, char const*, int const*, float*, HIP_vector_type<float, 2u>*, float, float, float, float, unsigned int, float, int, HIP_vector_type<unsigned int, 3u>, int, int, int, int, int, int, int, int, int, int, int, long, int, int, long, int, int, int, int, int, long)	37	0	0	0	0	16
void flash_attn_stream_k_fixup_uniform<512, 2, 8>(float*, HIP_vector_type<float, 2u> const*, int, int, int, int, int, int, HIP_vector_type<unsigned int, 3u>, HIP_vector_type<unsigned int, 3u>, HIP_vector_type<unsigned int, 3u>)	17	0	0	0	0	0
void flash_attn_stream_k_fixup_general<512, 2, 8>(float*, HIP_vector_type<float, 2u> const*, int, int, int, int, HIP_vector_type<unsigned int, 3u>, HIP_vector_type<unsigned int, 3u>, HIP_vector_type<unsigned int, 3u>, HIP_vector_type<unsigned int, 3u>)	22	0	0	0	0	0
void flash_attn_combine_results<512>(float const*, HIP_vector_type<float, 2u> const*, float*, int)	51	0	0	0	0	0
void flash_attn_ext_f16<64, 64, 32, 1, false, false>(char const*, char const*, char const*, char const*, char const*, int const*, float*, HIP_vector_type<float, 2u>*, float, float, float, float, unsigned int, float, int, HIP_vector_type<unsigned int, 3u>, int, int, int, int, int, int, int, int, int, int, int, long, int, int, long, int, int, int, int, int, long)	210	0	0	76	0	32
void flash_attn_ext_f16<64, 64, 32, 1, true, false>(char const*, char const*, char const*, char const*, char const*, int const*, float*, HIP_vector_type<float, 2u>*, float, float, float, float, unsigned int, float, int, HIP_vector_type<unsigned int, 3u>, int, int, int, int, int, int, int, int, int, int, int, long, int, int, long, int, int, int, int, int, long)	37	0	0	0	0	16
void flash_attn_mask_to_KV_max<32>(__half2 const*, int*, int, long, long)	14	0	0	48	128	0
void flash_attn_stream_k_fixup_uniform<64, 32, 1>(float*, HIP_vector_type<float, 2u> const*, int, int, int, int, int, int, HIP_vector_type<unsigned int, 3u>, HIP_vector_type<unsigned int, 3u>, HIP_vector_type<unsigned int, 3u>)	17	0	0	0	0	0
void flash_attn_stream_k_fixup_general<64, 32, 1>(float*, HIP_vector_type<float, 2u> const*, int, int, int, int, HIP_vector_type<unsigned int, 3u>, HIP_vector_type<unsigned int, 3u>, HIP_vector_type<unsigned int, 3u>, HIP_vector_type<unsigned int, 3u>)	22	0	0	0	0	0
void flash_attn_combine_results<64>(float const*, HIP_vector_type<float, 2u> const*, float*, int)	51	0	0	0	0	0
void flash_attn_ext_f16<80, 80, 32, 1, false, false>(char const*, char const*, char const*, char const*, char const*, int const*, float*, HIP_vector_type<float, 2u>*, float, float, float, float, unsigned int, float, int, HIP_vector_type<unsigned int, 3u>, int, int, int, int, int, int, int, int, int, int, int, long, int, int, long, int, int, int, int, int, long)	247	0	0	83	0	32
void flash_attn_ext_f16<80, 80, 32, 1, true, false>(char const*, char const*, char const*, char const*, char const*, int const*, float*, HIP_vector_type<float, 2u>*, float, float, float, float, unsigned int, float, int, HIP_vector_type<unsigned int, 3u>, int, int, int, int, int, int, int, int, int, int, int, long, int, int, long, int, int, int, int, int, long)	37	0	0	0	0	16
void flash_attn_stream_k_fixup_uniform<80, 32, 1>(float*, HIP_vector_type<float, 2u> const*, int, int, int, int, int, int, HIP_vector_type<unsigned int, 3u>, HIP_vector_type<unsigned int, 3u>, HIP_vector_type<unsigned int, 3u>)	17	0	0	0	0	0
void flash_attn_stream_k_fixup_general<80, 32, 1>(float*, HIP_vector_type<float, 2u> const*, int, int, int, int, HIP_vector_type<unsigned int, 3u>, HIP_vector_type<unsigned int, 3u>, HIP_vector_type<unsigned int, 3u>, HIP_vector_type<unsigned int, 3u>)	22	0	0	0	0	0
void flash_attn_combine_results<80>(float const*, HIP_vector_type<float, 2u> const*, float*, int)	51	0	0	0	0	0
void flash_attn_ext_f16<96, 96, 32, 1, false, false>(char const*, char const*, char const*, char const*, char const*, int const*, float*, HIP_vector_type<float, 2u>*, float, float, float, float, unsigned int, float, int, HIP_vector_type<unsigned int, 3u>, int, int, int, int, int, int, int, int, int, int, int, long, int, int, long, int, int, int, int, int, long)	256	0	16	82	0	96
void flash_attn_ext_f16<96, 96, 32, 1, true, false>(char const*, char const*, char const*, char const*, char const*, int const*, float*, HIP_vector_type<float, 2u>*, float, float, float, float, unsigned int, float, int, HIP_vector_type<unsigned int, 3u>, int, int, int, int, int, int, int, int, int, int, int, long, int, int, long, int, int, int, int, int, long)	37	0	0	0	0	16
void flash_attn_stream_k_fixup_uniform<96, 32, 1>(float*, HIP_vector_type<float, 2u> const*, int, int, int, int, int, int, HIP_vector_type<unsigned int, 3u>, HIP_vector_type<unsigned int, 3u>, HIP_vector_type<unsigned int, 3u>)	17	0	0	0	0	0
void flash_attn_stream_k_fixup_general<96, 32, 1>(float*, HIP_vector_type<float, 2u> const*, int, int, int, int, HIP_vector_type<unsigned int, 3u>, HIP_vector_type<unsigned int, 3u>, HIP_vector_type<unsigned int, 3u>, HIP_vector_type<unsigned int, 3u>)	22	0	0	0	0	0
void flash_attn_combine_results<96>(float const*, HIP_vector_type<float, 2u> const*, float*, int)	51	0	0	0	0	0
void flash_attn_ext_f16<112, 112, 32, 1, false, false>(char const*, char const*, char const*, char const*, char const*, int const*, float*, HIP_vector_type<float, 2u>*, float, float, float, float, unsigned int, float, int, HIP_vector_type<unsigned int, 3u>, int, int, int, int, int, int, int, int, int, int, int, long, int, int, long, int, int, int, int, int, long)	256	0	42	85	0	208
void flash_attn_ext_f16<112, 112, 32, 1, true, false>(char const*, char const*, char const*, char const*, char const*, int const*, float*, HIP_vector_type<float, 2u>*, float, float, float, float, unsigned int, float, int, HIP_vector_type<unsigned int, 3u>, int, int, int, int, int, int, int, int, int, int, int, long, int, int, long, int, int, int, int, int, long)	37	0	0	0	0	16
void flash_attn_stream_k_fixup_uniform<112, 32, 1>(float*, HIP_vector_type<float, 2u> const*, int, int, int, int, int, int, HIP_vector_type<unsigned int, 3u>, HIP_vector_type<unsigned int, 3u>, HIP_vector_type<unsigned int, 3u>)	17	0	0	0	0	0
void flash_attn_stream_k_fixup_general<112, 32, 1>(float*, HIP_vector_type<float, 2u> const*, int, int, int, int, HIP_vector_type<unsigned int, 3u>, HIP_vector_type<unsigned int, 3u>, HIP_vector_type<unsigned int, 3u>, HIP_vector_type<unsigned int, 3u>)	22	0	0	0	0	0
void flash_attn_combine_results<112>(float const*, HIP_vector_type<float, 2u> const*, float*, int)	51	0	0	0	0	0
void flash_attn_ext_f16<128, 128, 32, 1, false, false>(char const*, char const*, char const*, char const*, char const*, int const*, float*, HIP_vector_type<float, 2u>*, float, float, float, float, unsigned int, float, int, HIP_vector_type<unsigned int, 3u>, int, int, int, int, int, int, int, int, int, int, int, long, int, int, long, int, int, int, int, int, long)	256	0	53	84	0	256
void flash_attn_ext_f16<128, 128, 32, 1, true, false>(char const*, char const*, char const*, char const*, char const*, int const*, float*, HIP_vector_type<float, 2u>*, float, float, float, float, unsigned int, float, int, HIP_vector_type<unsigned int, 3u>, int, int, int, int, int, int, int, int, int, int, int, long, int, int, long, int, int, int, int, int, long)	256	0	53	88	0	256
void flash_attn_stream_k_fixup_uniform<128, 32, 1>(float*, HIP_vector_type<float, 2u> const*, int, int, int, int, int, int, HIP_vector_type<unsigned int, 3u>, HIP_vector_type<unsigned int, 3u>, HIP_vector_type<unsigned int, 3u>)	17	0	0	0	0	0
void flash_attn_stream_k_fixup_general<128, 32, 1>(float*, HIP_vector_type<float, 2u> const*, int, int, int, int, HIP_vector_type<unsigned int, 3u>, HIP_vector_type<unsigned int, 3u>, HIP_vector_type<unsigned int, 3u>, HIP_vector_type<unsigned int, 3u>)	22	0	0	0	0	0
void flash_attn_combine_results<128>(float const*, HIP_vector_type<float, 2u> const*, float*, int)	51	0	0	0	0	0
void flash_attn_ext_f16<256, 256, 32, 1, false, false>(char const*, char const*, char const*, char const*, char const*, int const*, float*, HIP_vector_type<float, 2u>*, float, float, float, float, unsigned int, float, int, HIP_vector_type<unsigned int, 3u>, int, int, int, int, int, int, int, int, int, int, int, long, int, int, long, int, int, int, int, int, long)	512	256	85	103	0	384
void flash_attn_ext_f16<256, 256, 32, 1, true, false>(char const*, char const*, char const*, char const*, char const*, int const*, float*, HIP_vector_type<float, 2u>*, float, float, float, float, unsigned int, float, int, HIP_vector_type<unsigned int, 3u>, int, int, int, int, int, int, int, int, int, int, int, long, int, int, long, int, int, int, int, int, long)	512	256	3	116	0	48
void flash_attn_stream_k_fixup_uniform<256, 32, 1>(float*, HIP_vector_type<float, 2u> const*, int, int, int, int, int, int, HIP_vector_type<unsigned int, 3u>, HIP_vector_type<unsigned int, 3u>, HIP_vector_type<unsigned int, 3u>)	17	0	0	0	0	0
void flash_attn_stream_k_fixup_general<256, 32, 1>(float*, HIP_vector_type<float, 2u> const*, int, int, int, int, HIP_vector_type<unsigned int, 3u>, HIP_vector_type<unsigned int, 3u>, HIP_vector_type<unsigned int, 3u>, HIP_vector_type<unsigned int, 3u>)	22	0	0	0	0	0
void flash_attn_combine_results<256>(float const*, HIP_vector_type<float, 2u> const*, float*, int)	51	0	0	0	0	0
void flash_attn_ext_f16<64, 64, 32, 2, false, false>(char const*, char const*, char const*, char const*, char const*, int const*, float*, HIP_vector_type<float, 2u>*, float, float, float, float, unsigned int, float, int, HIP_vector_type<unsigned int, 3u>, int, int, int, int, int, int, int, int, int, int, int, long, int, int, long, int, int, int, int, int, long)	128	0	174	34	0	468
void flash_attn_ext_f16<64, 64, 32, 2, true, false>(char const*, char const*, char const*, char const*, char const*, int const*, float*, HIP_vector_type<float, 2u>*, float, float, float, float, unsigned int, float, int, HIP_vector_type<unsigned int, 3u>, int, int, int, int, int, int, int, int, int, int, int, long, int, int, long, int, int, int, int, int, long)	37	0	0	0	0	16
void flash_attn_mask_to_KV_max<32>(__half2 const*, int*, int, long, long)	14	0	0	48	128	0
void flash_attn_stream_k_fixup_uniform<64, 32, 2>(float*, HIP_vector_type<float, 2u> const*, int, int, int, int, int, int, HIP_vector_type<unsigned int, 3u>, HIP_vector_type<unsigned int, 3u>, HIP_vector_type<unsigned int, 3u>)	17	0	0	0	0	0
void flash_attn_stream_k_fixup_general<64, 32, 2>(float*, HIP_vector_type<float, 2u> const*, int, int, int, int, HIP_vector_type<unsigned int, 3u>, HIP_vector_type<unsigned int, 3u>, HIP_vector_type<unsigned int, 3u>, HIP_vector_type<unsigned int, 3u>)	22	0	0	0	0	0
void flash_attn_combine_results<64>(float const*, HIP_vector_type<float, 2u> const*, float*, int)	51	0	0	0	0	0
void flash_attn_ext_f16<80, 80, 32, 2, false, false>(char const*, char const*, char const*, char const*, char const*, int const*, float*, HIP_vector_type<float, 2u>*, float, float, float, float, unsigned int, float, int, HIP_vector_type<unsigned int, 3u>, int, int, int, int, int, int, int, int, int, int, int, long, int, int, long, int, int, int, int, int, long)	240	0	0	41	0	0
void flash_attn_ext_f16<80, 80, 32, 2, true, false>(char const*, char const*, char const*, char const*, char const*, int const*, float*, HIP_vector_type<float, 2u>*, float, float, float, float, unsigned int, float, int, HIP_vector_type<unsigned int, 3u>, int, int, int, int, int, int, int, int, int, int, int, long, int, int, long, int, int, int, int, int, long)	37	0	0	0	0	16
void flash_attn_stream_k_fixup_uniform<80, 32, 2>(float*, HIP_vector_type<float, 2u> const*, int, int, int, int, int, int, HIP_vector_type<unsigned int, 3u>, HIP_vector_type<unsigned int, 3u>, HIP_vector_type<unsigned int, 3u>)	17	0	0	0	0	0
void flash_attn_stream_k_fixup_general<80, 32, 2>(float*, HIP_vector_type<float, 2u> const*, int, int, int, int, HIP_vector_type<unsigned int, 3u>, HIP_vector_type<unsigned int, 3u>, HIP_vector_type<unsigned int, 3u>, HIP_vector_type<unsigned int, 3u>)	22	0	0	0	0	0
void flash_attn_combine_results<80>(float const*, HIP_vector_type<float, 2u> const*, float*, int)	51	0	0	0	0	0
void flash_attn_ext_f16<96, 96, 32, 2, false, false>(char const*, char const*, char const*, char const*, char const*, int const*, float*, HIP_vector_type<float, 2u>*, float, float, float, float, unsigned int, float, int, HIP_vector_type<unsigned int, 3u>, int, int, int, int, int, int, int, int, int, int, int, long, int, int, long, int, int, int, int, int, long)	256	0	65	45	0	264
void flash_attn_ext_f16<96, 96, 32, 2, true, false>(char const*, char const*, char const*, char const*, char const*, int const*, float*, HIP_vector_type<float, 2u>*, float, float, float, float, unsigned int, float, int, HIP_vector_type<unsigned int, 3u>, int, int, int, int, int, int, int, int, int, int, int, long, int, int, long, int, int, int, int, int, long)	37	0	0	0	0	16
void flash_attn_stream_k_fixup_uniform<96, 32, 2>(float*, HIP_vector_type<float, 2u> const*, int, int, int, int, int, int, HIP_vector_type<unsigned int, 3u>, HIP_vector_type<unsigned int, 3u>, HIP_vector_type<unsigned int, 3u>)	17	0	0	0	0	0
void flash_attn_stream_k_fixup_general<96, 32, 2>(float*, HIP_vector_type<float, 2u> const*, int, int, int, int, HIP_vector_type<unsigned int, 3u>, HIP_vector_type<unsigned int, 3u>, HIP_vector_type<unsigned int, 3u>, HIP_vector_type<unsigned int, 3u>)	22	0	0	0	0	0
void flash_attn_combine_results<96>(float const*, HIP_vector_type<float, 2u> const*, float*, int)	51	0	0	0	0	0
void flash_attn_ext_f16<112, 112, 32, 2, false, false>(char const*, char const*, char const*, char const*, char const*, int const*, float*, HIP_vector_type<float, 2u>*, float, float, float, float, unsigned int, float, int, HIP_vector_type<unsigned int, 3u>, int, int, int, int, int, int, int, int, int, int, int, long, int, int, long, int, int, int, int, int, long)	256	0	46	51	0	188
void flash_attn_ext_f16<112, 112, 32, 2, true, false>(char const*, char const*, char const*, char const*, char const*, int const*, float*, HIP_vector_type<float, 2u>*, float, float, float, float, unsigned int, float, int, HIP_vector_type<unsigned int, 3u>, int, int, int, int, int, int, int, int, int, int, int, long, int, int, long, int, int, int, int, int, long)	37	0	0	0	0	16
void flash_attn_stream_k_fixup_uniform<112, 32, 2>(float*, HIP_vector_type<float, 2u> const*, int, int, int, int, int, int, HIP_vector_type<unsigned int, 3u>, HIP_vector_type<unsigned int, 3u>, HIP_vector_type<unsigned int, 3u>)	17	0	0	0	0	0
void flash_attn_stream_k_fixup_general<112, 32, 2>(float*, HIP_vector_type<float, 2u> const*, int, int, int, int, HIP_vector_type<unsigned int, 3u>, HIP_vector_type<unsigned int, 3u>, HIP_vector_type<unsigned int, 3u>, HIP_vector_type<unsigned int, 3u>)	22	0	0	0	0	0
void flash_attn_combine_results<112>(float const*, HIP_vector_type<float, 2u> const*, float*, int)	51	0	0	0	0	0
void flash_attn_ext_f16<128, 128, 32, 2, false, false>(char const*, char const*, char const*, char const*, char const*, int const*, float*, HIP_vector_type<float, 2u>*, float, float, float, float, unsigned int, float, int, HIP_vector_type<unsigned int, 3u>, int, int, int, int, int, int, int, int, int, int, int, long, int, int, long, int, int, int, int, int, long)	256	0	121	64	0	488
void flash_attn_ext_f16<128, 128, 32, 2, true, false>(char const*, char const*, char const*, char const*, char const*, int const*, float*, HIP_vector_type<float, 2u>*, float, float, float, float, unsigned int, float, int, HIP_vector_type<unsigned int, 3u>, int, int, int, int, int, int, int, int, int, int, int, long, int, int, long, int, int, int, int, int, long)	256	0	83	69	0	332
void flash_attn_stream_k_fixup_uniform<128, 32, 2>(float*, HIP_vector_type<float, 2u> const*, int, int, int, int, int, int, HIP_vector_type<unsigned int, 3u>, HIP_vector_type<unsigned int, 3u>, HIP_vector_type<unsigned int, 3u>)	17	0	0	0	0	0
void flash_attn_stream_k_fixup_general<128, 32, 2>(float*, HIP_vector_type<float, 2u> const*, int, int, int, int, HIP_vector_type<unsigned int, 3u>, HIP_vector_type<unsigned int, 3u>, HIP_vector_type<unsigned int, 3u>, HIP_vector_type<unsigned int, 3u>)	22	0	0	0	0	0
void flash_attn_combine_results<128>(float const*, HIP_vector_type<float, 2u> const*, float*, int)	51	0	0	0	0	0
void flash_attn_ext_f16<256, 256, 32, 2, false, false>(char const*, char const*, char const*, char const*, char const*, int const*, float*, HIP_vector_type<float, 2u>*, float, float, float, float, unsigned int, float, int, HIP_vector_type<unsigned int, 3u>, int, int, int, int, int, int, int, int, int, int, int, long, int, int, long, int, int, int, int, int, long)	256	0	314	26	0	1040
void flash_attn_ext_f16<256, 256, 32, 2, true, false>(char const*, char const*, char const*, char const*, char const*, int const*, float*, HIP_vector_type<float, 2u>*, float, float, float, float, unsigned int, float, int, HIP_vector_type<unsigned int, 3u>, int, int, int, int, int, int, int, int, int, int, int, long, int, int, long, int, int, int, int, int, long)	256	0	214	31	0	652
void flash_attn_stream_k_fixup_uniform<256, 32, 2>(float*, HIP_vector_type<float, 2u> const*, int, int, int, int, int, int, HIP_vector_type<unsigned int, 3u>, HIP_vector_type<unsigned int, 3u>, HIP_vector_type<unsigned int, 3u>)	17	0	0	0	0	0
void flash_attn_stream_k_fixup_general<256, 32, 2>(float*, HIP_vector_type<float, 2u> const*, int, int, int, int, HIP_vector_type<unsigned int, 3u>, HIP_vector_type<unsigned int, 3u>, HIP_vector_type<unsigned int, 3u>, HIP_vector_type<unsigned int, 3u>)	22	0	0	0	0	0
void flash_attn_combine_results<256>(float const*, HIP_vector_type<float, 2u> const*, float*, int)	51	0	0	0	0	0
void flash_attn_ext_f16<512, 512, 32, 2, false, false>(char const*, char const*, char const*, char const*, char const*, int const*, float*, HIP_vector_type<float, 2u>*, float, float, float, float, unsigned int, float, int, HIP_vector_type<unsigned int, 3u>, int, int, int, int, int, int, int, int, int, int, int, long, int, int, long, int, int, int, int, int, long)	37	0	0	0	0	16
void flash_attn_ext_f16<512, 512, 32, 2, true, false>(char const*, char const*, char const*, char const*, char const*, int const*, float*, HIP_vector_type<float, 2u>*, float, float, float, float, unsigned int, float, int, HIP_vector_type<unsigned int, 3u>, int, int, int, int, int, int, int, int, int, int, int, long, int, int, long, int, int, int, int, int, long)	37	0	0	0	0	16
void flash_attn_stream_k_fixup_uniform<512, 32, 2>(float*, HIP_vector_type<float, 2u> const*, int, int, int, int, int, int, HIP_vector_type<unsigned int, 3u>, HIP_vector_type<unsigned int, 3u>, HIP_vector_type<unsigned int, 3u>)	17	0	0	0	0	0
void flash_attn_stream_k_fixup_general<512, 32, 2>(float*, HIP_vector_type<float, 2u> const*, int, int, int, int, HIP_vector_type<unsigned int, 3u>, HIP_vector_type<unsigned int, 3u>, HIP_vector_type<unsigned int, 3u>, HIP_vector_type<unsigned int, 3u>)	22	0	0	0	0	0
void flash_attn_combine_results<512>(float const*, HIP_vector_type<float, 2u> const*, float*, int)	51	0	0	0	0	0
void flash_attn_ext_f16<192, 128, 4, 16, false, false>(char const*, char const*, char const*, char const*, char const*, int const*, float*, HIP_vector_type<float, 2u>*, float, float, float, float, unsigned int, float, int, HIP_vector_type<unsigned int, 3u>, int, int, int, int, int, int, int, int, int, int, int, long, int, int, long, int, int, int, int, int, long)	256	0	66	26	0	268
void flash_attn_ext_f16<192, 128, 4, 16, true, false>(char const*, char const*, char const*, char const*, char const*, int const*, float*, HIP_vector_type<float, 2u>*, float, float, float, float, unsigned int, float, int, HIP_vector_type<unsigned int, 3u>, int, int, int, int, int, int, int, int, int, int, int, long, int, int, long, int, int, int, int, int, long)	37	0	0	0	0	16
void flash_attn_mask_to_KV_max<4>(__half2 const*, int*, int, long, long)	18	0	0	0	128	0
void flash_attn_stream_k_fixup_uniform<128, 4, 16>(float*, HIP_vector_type<float, 2u> const*, int, int, int, int, int, int, HIP_vector_type<unsigned int, 3u>, HIP_vector_type<unsigned int, 3u>, HIP_vector_type<unsigned int, 3u>)	17	0	0	0	0	0
void flash_attn_stream_k_fixup_general<128, 4, 16>(float*, HIP_vector_type<float, 2u> const*, int, int, int, int, HIP_vector_type<unsigned int, 3u>, HIP_vector_type<unsigned int, 3u>, HIP_vector_type<unsigned int, 3u>, HIP_vector_type<unsigned int, 3u>)	22	0	0	0	0	0
void flash_attn_combine_results<128>(float const*, HIP_vector_type<float, 2u> const*, float*, int)	51	0	0	0	0	0
void flash_attn_ext_f16<576, 512, 4, 16, false, true>(char const*, char const*, char const*, char const*, char const*, int const*, float*, HIP_vector_type<float, 2u>*, float, float, float, float, unsigned int, float, int, HIP_vector_type<unsigned int, 3u>, int, int, int, int, int, int, int, int, int, int, int, long, int, int, long, int, int, int, int, int, long)	37	0	0	0	0	16
void flash_attn_ext_f16<576, 512, 4, 16, true, true>(char const*, char const*, char const*, char const*, char const*, int const*, float*, HIP_vector_type<float, 2u>*, float, float, float, float, unsigned int, float, int, HIP_vector_type<unsigned int, 3u>, int, int, int, int, int, int, int, int, int, int, int, long, int, int, long, int, int, int, int, int, long)	37	0	0	0	0	16
void flash_attn_stream_k_fixup_uniform<512, 4, 16>(float*, HIP_vector_type<float, 2u> const*, int, int, int, int, int, int, HIP_vector_type<unsigned int, 3u>, HIP_vector_type<unsigned int, 3u>, HIP_vector_type<unsigned int, 3u>)	17	0	0	0	0	0
void flash_attn_stream_k_fixup_general<512, 4, 16>(float*, HIP_vector_type<float, 2u> const*, int, int, int, int, HIP_vector_type<unsigned int, 3u>, HIP_vector_type<unsigned int, 3u>, HIP_vector_type<unsigned int, 3u>, HIP_vector_type<unsigned int, 3u>)	22	0	0	0	0	0
void flash_attn_combine_results<512>(float const*, HIP_vector_type<float, 2u> const*, float*, int)	51	0	0	0	0	0
void flash_attn_ext_f16<64, 64, 4, 2, false, false>(char const*, char const*, char const*, char const*, char const*, int const*, float*, HIP_vector_type<float, 2u>*, float, float, float, float, unsigned int, float, int, HIP_vector_type<unsigned int, 3u>, int, int, int, int, int, int, int, int, int, int, int, long, int, int, long, int, int, int, int, int, long)	37	0	0	0	0	16
void flash_attn_ext_f16<64, 64, 4, 2, true, false>(char const*, char const*, char const*, char const*, char const*, int const*, float*, HIP_vector_type<float, 2u>*, float, float, float, float, unsigned int, float, int, HIP_vector_type<unsigned int, 3u>, int, int, int, int, int, int, int, int, int, int, int, long, int, int, long, int, int, int, int, int, long)	37	0	0	0	0	16
void flash_attn_mask_to_KV_max<4>(__half2 const*, int*, int, long, long)	18	0	0	0	128	0
void flash_attn_stream_k_fixup_uniform<64, 4, 2>(float*, HIP_vector_type<float, 2u> const*, int, int, int, int, int, int, HIP_vector_type<unsigned int, 3u>, HIP_vector_type<unsigned int, 3u>, HIP_vector_type<unsigned int, 3u>)	17	0	0	0	0	0
void flash_attn_stream_k_fixup_general<64, 4, 2>(float*, HIP_vector_type<float, 2u> const*, int, int, int, int, HIP_vector_type<unsigned int, 3u>, HIP_vector_type<unsigned int, 3u>, HIP_vector_type<unsigned int, 3u>, HIP_vector_type<unsigned int, 3u>)	22	0	0	0	0	0
void flash_attn_combine_results<64>(float const*, HIP_vector_type<float, 2u> const*, float*, int)	51	0	0	0	0	0
void flash_attn_ext_f16<80, 80, 4, 2, false, false>(char const*, char const*, char const*, char const*, char const*, int const*, float*, HIP_vector_type<float, 2u>*, float, float, float, float, unsigned int, float, int, HIP_vector_type<unsigned int, 3u>, int, int, int, int, int, int, int, int, int, int, int, long, int, int, long, int, int, int, int, int, long)	37	0	0	0	0	16
void flash_attn_ext_f16<80, 80, 4, 2, true, false>(char const*, char const*, char const*, char const*, char const*, int const*, float*, HIP_vector_type<float, 2u>*, float, float, float, float, unsigned int, float, int, HIP_vector_type<unsigned int, 3u>, int, int, int, int, int, int, int, int, int, int, int, long, int, int, long, int, int, int, int, int, long)	37	0	0	0	0	16
void flash_attn_stream_k_fixup_uniform<80, 4, 2>(float*, HIP_vector_type<float, 2u> const*, int, int, int, int, int, int, HIP_vector_type<unsigned int, 3u>, HIP_vector_type<unsigned int, 3u>, HIP_vector_type<unsigned int, 3u>)	17	0	0	0	0	0
void flash_attn_stream_k_fixup_general<80, 4, 2>(float*, HIP_vector_type<float, 2u> const*, int, int, int, int, HIP_vector_type<unsigned int, 3u>, HIP_vector_type<unsigned int, 3u>, HIP_vector_type<unsigned int, 3u>, HIP_vector_type<unsigned int, 3u>)	22	0	0	0	0	0
void flash_attn_combine_results<80>(float const*, HIP_vector_type<float, 2u> const*, float*, int)	51	0	0	0	0	0
void flash_attn_ext_f16<96, 96, 4, 2, false, false>(char const*, char const*, char const*, char const*, char const*, int const*, float*, HIP_vector_type<float, 2u>*, float, float, float, float, unsigned int, float, int, HIP_vector_type<unsigned int, 3u>, int, int, int, int, int, int, int, int, int, int, int, long, int, int, long, int, int, int, int, int, long)	37	0	0	0	0	16
void flash_attn_ext_f16<96, 96, 4, 2, true, false>(char const*, char const*, char const*, char const*, char const*, int const*, float*, HIP_vector_type<float, 2u>*, float, float, float, float, unsigned int, float, int, HIP_vector_type<unsigned int, 3u>, int, int, int, int, int, int, int, int, int, int, int, long, int, int, long, int, int, int, int, int, long)	37	0	0	0	0	16
void flash_attn_stream_k_fixup_uniform<96, 4, 2>(float*, HIP_vector_type<float, 2u> const*, int, int, int, int, int, int, HIP_vector_type<unsigned int, 3u>, HIP_vector_type<unsigned int, 3u>, HIP_vector_type<unsigned int, 3u>)	17	0	0	0	0	0
void flash_attn_stream_k_fixup_general<96, 4, 2>(float*, HIP_vector_type<float, 2u> const*, int, int, int, int, HIP_vector_type<unsigned int, 3u>, HIP_vector_type<unsigned int, 3u>, HIP_vector_type<unsigned int, 3u>, HIP_vector_type<unsigned int, 3u>)	22	0	0	0	0	0
void flash_attn_combine_results<96>(float const*, HIP_vector_type<float, 2u> const*, float*, int)	51	0	0	0	0	0
void flash_attn_ext_f16<112, 112, 4, 2, false, false>(char const*, char const*, char const*, char const*, char const*, int const*, float*, HIP_vector_type<float, 2u>*, float, float, float, float, unsigned int, float, int, HIP_vector_type<unsigned int, 3u>, int, int, int, int, int, int, int, int, int, int, int, long, int, int, long, int, int, int, int, int, long)	37	0	0	0	0	16
void flash_attn_ext_f16<112, 112, 4, 2, true, false>(char const*, char const*, char const*, char const*, char const*, int const*, float*, HIP_vector_type<float, 2u>*, float, float, float, float, unsigned int, float, int, HIP_vector_type<unsigned int, 3u>, int, int, int, int, int, int, int, int, int, int, int, long, int, int, long, int, int, int, int, int, long)	37	0	0	0	0	16
void flash_attn_stream_k_fixup_uniform<112, 4, 2>(float*, HIP_vector_type<float, 2u> const*, int, int, int, int, int, int, HIP_vector_type<unsigned int, 3u>, HIP_vector_type<unsigned int, 3u>, HIP_vector_type<unsigned int, 3u>)	17	0	0	0	0	0
void flash_attn_stream_k_fixup_general<112, 4, 2>(float*, HIP_vector_type<float, 2u> const*, int, int, int, int, HIP_vector_type<unsigned int, 3u>, HIP_vector_type<unsigned int, 3u>, HIP_vector_type<unsigned int, 3u>, HIP_vector_type<unsigned int, 3u>)	22	0	0	0	0	0
void flash_attn_combine_results<112>(float const*, HIP_vector_type<float, 2u> const*, float*, int)	51	0	0	0	0	0
void flash_attn_ext_f16<128, 128, 4, 2, false, false>(char const*, char const*, char const*, char const*, char const*, int const*, float*, HIP_vector_type<float, 2u>*, float, float, float, float, unsigned int, float, int, HIP_vector_type<unsigned int, 3u>, int, int, int, int, int, int, int, int, int, int, int, long, int, int, long, int, int, int, int, int, long)	37	0	0	0	0	16
void flash_attn_ext_f16<128, 128, 4, 2, true, false>(char const*, char const*, char const*, char const*, char const*, int const*, float*, HIP_vector_type<float, 2u>*, float, float, float, float, unsigned int, float, int, HIP_vector_type<unsigned int, 3u>, int, int, int, int, int, int, int, int, int, int, int, long, int, int, long, int, int, int, int, int, long)	37	0	0	0	0	16
void flash_attn_stream_k_fixup_uniform<128, 4, 2>(float*, HIP_vector_type<float, 2u> const*, int, int, int, int, int, int, HIP_vector_type<unsigned int, 3u>, HIP_vector_type<unsigned int, 3u>, HIP_vector_type<unsigned int, 3u>)	17	0	0	0	0	0
void flash_attn_stream_k_fixup_general<128, 4, 2>(float*, HIP_vector_type<float, 2u> const*, int, int, int, int, HIP_vector_type<unsigned int, 3u>, HIP_vector_type<unsigned int, 3u>, HIP_vector_type<unsigned int, 3u>, HIP_vector_type<unsigned int, 3u>)	22	0	0	0	0	0
void flash_attn_combine_results<128>(float const*, HIP_vector_type<float, 2u> const*, float*, int)	51	0	0	0	0	0
void flash_attn_ext_f16<256, 256, 4, 2, false, false>(char const*, char const*, char const*, char const*, char const*, int const*, float*, HIP_vector_type<float, 2u>*, float, float, float, float, unsigned int, float, int, HIP_vector_type<unsigned int, 3u>, int, int, int, int, int, int, int, int, int, int, int, long, int, int, long, int, int, int, int, int, long)	37	0	0	0	0	16
void flash_attn_ext_f16<256, 256, 4, 2, true, false>(char const*, char const*, char const*, char const*, char const*, int const*, float*, HIP_vector_type<float, 2u>*, float, float, float, float, unsigned int, float, int, HIP_vector_type<unsigned int, 3u>, int, int, int, int, int, int, int, int, int, int, int, long, int, int, long, int, int, int, int, int, long)	37	0	0	0	0	16
void flash_attn_stream_k_fixup_uniform<256, 4, 2>(float*, HIP_vector_type<float, 2u> const*, int, int, int, int, int, int, HIP_vector_type<unsigned int, 3u>, HIP_vector_type<unsigned int, 3u>, HIP_vector_type<unsigned int, 3u>)	17	0	0	0	0	0
void flash_attn_stream_k_fixup_general<256, 4, 2>(float*, HIP_vector_type<float, 2u> const*, int, int, int, int, HIP_vector_type<unsigned int, 3u>, HIP_vector_type<unsigned int, 3u>, HIP_vector_type<unsigned int, 3u>, HIP_vector_type<unsigned int, 3u>)	22	0	0	0	0	0
void flash_attn_combine_results<256>(float const*, HIP_vector_type<float, 2u> const*, float*, int)	51	0	0	0	0	0
void flash_attn_ext_f16<512, 512, 4, 2, false, false>(char const*, char const*, char const*, char const*, char const*, int const*, float*, HIP_vector_type<float, 2u>*, float, float, float, float, unsigned int, float, int, HIP_vector_type<unsigned int, 3u>, int, int, int, int, int, int, int, int, int, int, int, long, int, int, long, int, int, int, int, int, long)	37	0	0	0	0	16
void flash_attn_ext_f16<512, 512, 4, 2, true, false>(char const*, char const*, char const*, char const*, char const*, int const*, float*, HIP_vector_type<float, 2u>*, float, float, float, float, unsigned int, float, int, HIP_vector_type<unsigned int, 3u>, int, int, int, int, int, int, int, int, int, int, int, long, int, int, long, int, int, int, int, int, long)	37	0	0	0	0	16
void flash_attn_stream_k_fixup_uniform<512, 4, 2>(float*, HIP_vector_type<float, 2u> const*, int, int, int, int, int, int, HIP_vector_type<unsigned int, 3u>, HIP_vector_type<unsigned int, 3u>, HIP_vector_type<unsigned int, 3u>)	17	0	0	0	0	0
void flash_attn_stream_k_fixup_general<512, 4, 2>(float*, HIP_vector_type<float, 2u> const*, int, int, int, int, HIP_vector_type<unsigned int, 3u>, HIP_vector_type<unsigned int, 3u>, HIP_vector_type<unsigned int, 3u>, HIP_vector_type<unsigned int, 3u>)	22	0	0	0	0	0
void flash_attn_combine_results<512>(float const*, HIP_vector_type<float, 2u> const*, float*, int)	51	0	0	0	0	0
void flash_attn_ext_f16<64, 64, 4, 4, false, false>(char const*, char const*, char const*, char const*, char const*, int const*, float*, HIP_vector_type<float, 2u>*, float, float, float, float, unsigned int, float, int, HIP_vector_type<unsigned int, 3u>, int, int, int, int, int, int, int, int, int, int, int, long, int, int, long, int, int, int, int, int, long)	164	0	0	24	0	0
void flash_attn_ext_f16<64, 64, 4, 4, true, false>(char const*, char const*, char const*, char const*, char const*, int const*, float*, HIP_vector_type<float, 2u>*, float, float, float, float, unsigned int, float, int, HIP_vector_type<unsigned int, 3u>, int, int, int, int, int, int, int, int, int, int, int, long, int, int, long, int, int, int, int, int, long)	37	0	0	0	0	16
void flash_attn_mask_to_KV_max<4>(__half2 const*, int*, int, long, long)	18	0	0	0	128	0
void flash_attn_stream_k_fixup_uniform<64, 4, 4>(float*, HIP_vector_type<float, 2u> const*, int, int, int, int, int, int, HIP_vector_type<unsigned int, 3u>, HIP_vector_type<unsigned int, 3u>, HIP_vector_type<unsigned int, 3u>)	17	0	0	0	0	0
void flash_attn_stream_k_fixup_general<64, 4, 4>(float*, HIP_vector_type<float, 2u> const*, int, int, int, int, HIP_vector_type<unsigned int, 3u>, HIP_vector_type<unsigned int, 3u>, HIP_vector_type<unsigned int, 3u>, HIP_vector_type<unsigned int, 3u>)	22	0	0	0	0	0
void flash_attn_combine_results<64>(float const*, HIP_vector_type<float, 2u> const*, float*, int)	51	0	0	0	0	0
void flash_attn_ext_f16<80, 80, 4, 4, false, false>(char const*, char const*, char const*, char const*, char const*, int const*, float*, HIP_vector_type<float, 2u>*, float, float, float, float, unsigned int, float, int, HIP_vector_type<unsigned int, 3u>, int, int, int, int, int, int, int, int, int, int, int, long, int, int, long, int, int, int, int, int, long)	190	0	0	31	0	0
void flash_attn_ext_f16<80, 80, 4, 4, true, false>(char const*, char const*, char const*, char const*, char const*, int const*, float*, HIP_vector_type<float, 2u>*, float, float, float, float, unsigned int, float, int, HIP_vector_type<unsigned int, 3u>, int, int, int, int, int, int, int, int, int, int, int, long, int, int, long, int, int, int, int, int, long)	37	0	0	0	0	16
void flash_attn_stream_k_fixup_uniform<80, 4, 4>(float*, HIP_vector_type<float, 2u> const*, int, int, int, int, int, int, HIP_vector_type<unsigned int, 3u>, HIP_vector_type<unsigned int, 3u>, HIP_vector_type<unsigned int, 3u>)	17	0	0	0	0	0
void flash_attn_stream_k_fixup_general<80, 4, 4>(float*, HIP_vector_type<float, 2u> const*, int, int, int, int, HIP_vector_type<unsigned int, 3u>, HIP_vector_type<unsigned int, 3u>, HIP_vector_type<unsigned int, 3u>, HIP_vector_type<unsigned int, 3u>)	22	0	0	0	0	0
void flash_attn_combine_results<80>(float const*, HIP_vector_type<float, 2u> const*, float*, int)	51	0	0	0	0	0
void flash_attn_ext_f16<96, 96, 4, 4, false, false>(char const*, char const*, char const*, char const*, char const*, int const*, float*, HIP_vector_type<float, 2u>*, float, float, float, float, unsigned int, float, int, HIP_vector_type<unsigned int, 3u>, int, int, int, int, int, int, int, int, int, int, int, long, int, int, long, int, int, int, int, int, long)	209	0	0	27	0	0
void flash_attn_ext_f16<96, 96, 4, 4, true, false>(char const*, char const*, char const*, char const*, char const*, int const*, float*, HIP_vector_type<float, 2u>*, float, float, float, float, unsigned int, float, int, HIP_vector_type<unsigned int, 3u>, int, int, int, int, int, int, int, int, int, int, int, long, int, int, long, int, int, int, int, int, long)	37	0	0	0	0	16
void flash_attn_stream_k_fixup_uniform<96, 4, 4>(float*, HIP_vector_type<float, 2u> const*, int, int, int, int, int, int, HIP_vector_type<unsigned int, 3u>, HIP_vector_type<unsigned int, 3u>, HIP_vector_type<unsigned int, 3u>)	17	0	0	0	0	0
void flash_attn_stream_k_fixup_general<96, 4, 4>(float*, HIP_vector_type<float, 2u> const*, int, int, int, int, HIP_vector_type<unsigned int, 3u>, HIP_vector_type<unsigned int, 3u>, HIP_vector_type<unsigned int, 3u>, HIP_vector_type<unsigned int, 3u>)	22	0	0	0	0	0
void flash_attn_combine_results<96>(float const*, HIP_vector_type<float, 2u> const*, float*, int)	51	0	0	0	0	0
void flash_attn_ext_f16<112, 112, 4, 4, false, false>(char const*, char const*, char const*, char const*, char const*, int const*, float*, HIP_vector_type<float, 2u>*, float, float, float, float, unsigned int, float, int, HIP_vector_type<unsigned int, 3u>, int, int, int, int, int, int, int, int, int, int, int, long, int, int, long, int, int, int, int, int, long)	242	0	0	31	0	0
void flash_attn_ext_f16<112, 112, 4, 4, true, false>(char const*, char const*, char const*, char const*, char const*, int const*, float*, HIP_vector_type<float, 2u>*, float, float, float, float, unsigned int, float, int, HIP_vector_type<unsigned int, 3u>, int, int, int, int, int, int, int, int, int, int, int, long, int, int, long, int, int, int, int, int, long)	37	0	0	0	0	16
void flash_attn_stream_k_fixup_uniform<112, 4, 4>(float*, HIP_vector_type<float, 2u> const*, int, int, int, int, int, int, HIP_vector_type<unsigned int, 3u>, HIP_vector_type<unsigned int, 3u>, HIP_vector_type<unsigned int, 3u>)	17	0	0	0	0	0
void flash_attn_stream_k_fixup_general<112, 4, 4>(float*, HIP_vector_type<float, 2u> const*, int, int, int, int, HIP_vector_type<unsigned int, 3u>, HIP_vector_type<unsigned int, 3u>, HIP_vector_type<unsigned int, 3u>, HIP_vector_type<unsigned int, 3u>)	22	0	0	0	0	0
void flash_attn_combine_results<112>(float const*, HIP_vector_type<float, 2u> const*, float*, int)	51	0	0	0	0	0
void flash_attn_ext_f16<128, 128, 4, 4, false, false>(char const*, char const*, char const*, char const*, char const*, int const*, float*, HIP_vector_type<float, 2u>*, float, float, float, float, unsigned int, float, int, HIP_vector_type<unsigned int, 3u>, int, int, int, int, int, int, int, int, int, int, int, long, int, int, long, int, int, int, int, int, long)	256	0	6	24	0	28
void flash_attn_ext_f16<128, 128, 4, 4, true, false>(char const*, char const*, char const*, char const*, char const*, int const*, float*, HIP_vector_type<float, 2u>*, float, float, float, float, unsigned int, float, int, HIP_vector_type<unsigned int, 3u>, int, int, int, int, int, int, int, int, int, int, int, long, int, int, long, int, int, int, int, int, long)	256	0	10	28	0	44
void flash_attn_stream_k_fixup_uniform<128, 4, 4>(float*, HIP_vector_type<float, 2u> const*, int, int, int, int, int, int, HIP_vector_type<unsigned int, 3u>, HIP_vector_type<unsigned int, 3u>, HIP_vector_type<unsigned int, 3u>)	17	0	0	0	0	0
void flash_attn_stream_k_fixup_general<128, 4, 4>(float*, HIP_vector_type<float, 2u> const*, int, int, int, int, HIP_vector_type<unsigned int, 3u>, HIP_vector_type<unsigned int, 3u>, HIP_vector_type<unsigned int, 3u>, HIP_vector_type<unsigned int, 3u>)	22	0	0	0	0	0
void flash_attn_combine_results<128>(float const*, HIP_vector_type<float, 2u> const*, float*, int)	51	0	0	0	0	0
void flash_attn_ext_f16<256, 256, 4, 4, false, false>(char const*, char const*, char const*, char const*, char const*, int const*, float*, HIP_vector_type<float, 2u>*, float, float, float, float, unsigned int, float, int, HIP_vector_type<unsigned int, 3u>, int, int, int, int, int, int, int, int, int, int, int, long, int, int, long, int, int, int, int, int, long)	412	156	0	24	0	0
void flash_attn_ext_f16<256, 256, 4, 4, true, false>(char const*, char const*, char const*, char const*, char const*, int const*, float*, HIP_vector_type<float, 2u>*, float, float, float, float, unsigned int, float, int, HIP_vector_type<unsigned int, 3u>, int, int, int, int, int, int, int, int, int, int, int, long, int, int, long, int, int, int, int, int, long)	415	159	0	28	0	0
void flash_attn_stream_k_fixup_uniform<256, 4, 4>(float*, HIP_vector_type<float, 2u> const*, int, int, int, int, int, int, HIP_vector_type<unsigned int, 3u>, HIP_vector_type<unsigned int, 3u>, HIP_vector_type<unsigned int, 3u>)	17	0	0	0	0	0
void flash_attn_stream_k_fixup_general<256, 4, 4>(float*, HIP_vector_type<float, 2u> const*, int, int, int, int, HIP_vector_type<unsigned int, 3u>, HIP_vector_type<unsigned int, 3u>, HIP_vector_type<unsigned int, 3u>, HIP_vector_type<unsigned int, 3u>)	22	0	0	0	0	0
void flash_attn_combine_results<256>(float const*, HIP_vector_type<float, 2u> const*, float*, int)	51	0	0	0	0	0
void flash_attn_ext_f16<512, 512, 4, 4, false, false>(char const*, char const*, char const*, char const*, char const*, int const*, float*, HIP_vector_type<float, 2u>*, float, float, float, float, unsigned int, float, int, HIP_vector_type<unsigned int, 3u>, int, int, int, int, int, int, int, int, int, int, int, long, int, int, long, int, int, int, int, int, long)	37	0	0	0	0	16
void flash_attn_ext_f16<512, 512, 4, 4, true, false>(char const*, char const*, char const*, char const*, char const*, int const*, float*, HIP_vector_type<float, 2u>*, float, float, float, float, unsigned int, float, int, HIP_vector_type<unsigned int, 3u>, int, int, int, int, int, int, int, int, int, int, int, long, int, int, long, int, int, int, int, int, long)	37	0	0	0	0	16
void flash_attn_stream_k_fixup_uniform<512, 4, 4>(float*, HIP_vector_type<float, 2u> const*, int, int, int, int, int, int, HIP_vector_type<unsigned int, 3u>, HIP_vector_type<unsigned int, 3u>, HIP_vector_type<unsigned int, 3u>)	17	0	0	0	0	0
void flash_attn_stream_k_fixup_general<512, 4, 4>(float*, HIP_vector_type<float, 2u> const*, int, int, int, int, HIP_vector_type<unsigned int, 3u>, HIP_vector_type<unsigned int, 3u>, HIP_vector_type<unsigned int, 3u>, HIP_vector_type<unsigned int, 3u>)	22	0	0	0	0	0
void flash_attn_combine_results<512>(float const*, HIP_vector_type<float, 2u> const*, float*, int)	51	0	0	0	0	0
void flash_attn_ext_f16<576, 512, 4, 4, false, true>(char const*, char const*, char const*, char const*, char const*, int const*, float*, HIP_vector_type<float, 2u>*, float, float, float, float, unsigned int, float, int, HIP_vector_type<unsigned int, 3u>, int, int, int, int, int, int, int, int, int, int, int, long, int, int, long, int, int, int, int, int, long)	37	0	0	0	0	16
void flash_attn_ext_f16<576, 512, 4, 4, true, true>(char const*, char const*, char const*, char const*, char const*, int const*, float*, HIP_vector_type<float, 2u>*, float, float, float, float, unsigned int, float, int, HIP_vector_type<unsigned int, 3u>, int, int, int, int, int, int, int, int, int, int, int, long, int, int, long, int, int, int, int, int, long)	37	0	0	0	0	16
void flash_attn_ext_f16<64, 64, 4, 8, false, false>(char const*, char const*, char const*, char const*, char const*, int const*, float*, HIP_vector_type<float, 2u>*, float, float, float, float, unsigned int, float, int, HIP_vector_type<unsigned int, 3u>, int, int, int, int, int, int, int, int, int, int, int, long, int, int, long, int, int, int, int, int, long)	173	0	0	26	0	0
void flash_attn_ext_f16<64, 64, 4, 8, true, false>(char const*, char const*, char const*, char const*, char const*, int const*, float*, HIP_vector_type<float, 2u>*, float, float, float, float, unsigned int, float, int, HIP_vector_type<unsigned int, 3u>, int, int, int, int, int, int, int, int, int, int, int, long, int, int, long, int, int, int, int, int, long)	37	0	0	0	0	16
void flash_attn_mask_to_KV_max<4>(__half2 const*, int*, int, long, long)	18	0	0	0	128	0
void flash_attn_stream_k_fixup_uniform<64, 4, 8>(float*, HIP_vector_type<float, 2u> const*, int, int, int, int, int, int, HIP_vector_type<unsigned int, 3u>, HIP_vector_type<unsigned int, 3u>, HIP_vector_type<unsigned int, 3u>)	17	0	0	0	0	0
void flash_attn_stream_k_fixup_general<64, 4, 8>(float*, HIP_vector_type<float, 2u> const*, int, int, int, int, HIP_vector_type<unsigned int, 3u>, HIP_vector_type<unsigned int, 3u>, HIP_vector_type<unsigned int, 3u>, HIP_vector_type<unsigned int, 3u>)	22	0	0	0	0	0
void flash_attn_combine_results<64>(float const*, HIP_vector_type<float, 2u> const*, float*, int)	51	0	0	0	0	0
void flash_attn_ext_f16<80, 80, 4, 8, false, false>(char const*, char const*, char const*, char const*, char const*, int const*, float*, HIP_vector_type<float, 2u>*, float, float, float, float, unsigned int, float, int, HIP_vector_type<unsigned int, 3u>, int, int, int, int, int, int, int, int, int, int, int, long, int, int, long, int, int, int, int, int, long)	213	0	0	33	0	0
void flash_attn_ext_f16<80, 80, 4, 8, true, false>(char const*, char const*, char const*, char const*, char const*, int const*, float*, HIP_vector_type<float, 2u>*, float, float, float, float, unsigned int, float, int, HIP_vector_type<unsigned int, 3u>, int, int, int, int, int, int, int, int, int, int, int, long, int, int, long, int, int, int, int, int, long)	37	0	0	0	0	16
void flash_attn_stream_k_fixup_uniform<80, 4, 8>(float*, HIP_vector_type<float, 2u> const*, int, int, int, int, int, int, HIP_vector_type<unsigned int, 3u>, HIP_vector_type<unsigned int, 3u>, HIP_vector_type<unsigned int, 3u>)	17	0	0	0	0	0
void flash_attn_stream_k_fixup_general<80, 4, 8>(float*, HIP_vector_type<float, 2u> const*, int, int, int, int, HIP_vector_type<unsigned int, 3u>, HIP_vector_type<unsigned int, 3u>, HIP_vector_type<unsigned int, 3u>, HIP_vector_type<unsigned int, 3u>)	22	0	0	0	0	0
void flash_attn_combine_results<80>(float const*, HIP_vector_type<float, 2u> const*, float*, int)	51	0	0	0	0	0
void flash_attn_ext_f16<96, 96, 4, 8, false, false>(char const*, char const*, char const*, char const*, char const*, int const*, float*, HIP_vector_type<float, 2u>*, float, float, float, float, unsigned int, float, int, HIP_vector_type<unsigned int, 3u>, int, int, int, int, int, int, int, int, int, int, int, long, int, int, long, int, int, int, int, int, long)	240	0	0	28	0	0
void flash_attn_ext_f16<96, 96, 4, 8, true, false>(char const*, char const*, char const*, char const*, char const*, int const*, float*, HIP_vector_type<float, 2u>*, float, float, float, float, unsigned int, float, int, HIP_vector_type<unsigned int, 3u>, int, int, int, int, int, int, int, int, int, int, int, long, int, int, long, int, int, int, int, int, long)	37	0	0	0	0	16
void flash_attn_stream_k_fixup_uniform<96, 4, 8>(float*, HIP_vector_type<float, 2u> const*, int, int, int, int, int, int, HIP_vector_type<unsigned int, 3u>, HIP_vector_type<unsigned int, 3u>, HIP_vector_type<unsigned int, 3u>)	17	0	0	0	0	0
void flash_attn_stream_k_fixup_general<96, 4, 8>(float*, HIP_vector_type<float, 2u> const*, int, int, int, int, HIP_vector_type<unsigned int, 3u>, HIP_vector_type<unsigned int, 3u>, HIP_vector_type<unsigned int, 3u>, HIP_vector_type<unsigned int, 3u>)	22	0	0	0	0	0
void flash_attn_combine_results<96>(float const*, HIP_vector_type<float, 2u> const*, float*, int)	51	0	0	0	0	0
void flash_attn_ext_f16<112, 112, 4, 8, false, false>(char const*, char const*, char const*, char const*, char const*, int const*, float*, HIP_vector_type<float, 2u>*, float, float, float, float, unsigned int, float, int, HIP_vector_type<unsigned int, 3u>, int, int, int, int, int, int, int, int, int, int, int, long, int, int, long, int, int, int, int, int, long)	256	0	23	33	0	96
void flash_attn_ext_f16<112, 112, 4, 8, true, false>(char const*, char const*, char const*, char const*, char const*, int const*, float*, HIP_vector_type<float, 2u>*, float, float, float, float, unsigned int, float, int, HIP_vector_type<unsigned int, 3u>, int, int, int, int, int, int, int, int, int, int, int, long, int, int, long, int, int, int, int, int, long)	37	0	0	0	0	16
void flash_attn_stream_k_fixup_uniform<112, 4, 8>(float*, HIP_vector_type<float, 2u> const*, int, int, int, int, int, int, HIP_vector_type<unsigned int, 3u>, HIP_vector_type<unsigned int, 3u>, HIP_vector_type<unsigned int, 3u>)	17	0	0	0	0	0
void flash_attn_stream_k_fixup_general<112, 4, 8>(float*, HIP_vector_type<float, 2u> const*, int, int, int, int, HIP_vector_type<unsigned int, 3u>, HIP_vector_type<unsigned int, 3u>, HIP_vector_type<unsigned int, 3u>, HIP_vector_type<unsigned int, 3u>)	22	0	0	0	0	0
void flash_attn_combine_results<112>(float const*, HIP_vector_type<float, 2u> const*, float*, int)	51	0	0	0	0	0
void flash_attn_ext_f16<128, 128, 4, 8, false, false>(char const*, char const*, char const*, char const*, char const*, int const*, float*, HIP_vector_type<float, 2u>*, float, float, float, float, unsigned int, float, int, HIP_vector_type<unsigned int, 3u>, int, int, int, int, int, int, int, int, int, int, int, long, int, int, long, int, int, int, int, int, long)	256	0	66	26	0	268
void flash_attn_ext_f16<128, 128, 4, 8, true, false>(char const*, char const*, char const*, char const*, char const*, int const*, float*, HIP_vector_type<float, 2u>*, float, float, float, float, unsigned int, float, int, HIP_vector_type<unsigned int, 3u>, int, int, int, int, int, int, int, int, int, int, int, long, int, int, long, int, int, int, int, int, long)	256	0	73	30	0	296
void flash_attn_stream_k_fixup_uniform<128, 4, 8>(float*, HIP_vector_type<float, 2u> const*, int, int, int, int, int, int, HIP_vector_type<unsigned int, 3u>, HIP_vector_type<unsigned int, 3u>, HIP_vector_type<unsigned int, 3u>)	17	0	0	0	0	0
void flash_attn_stream_k_fixup_general<128, 4, 8>(float*, HIP_vector_type<float, 2u> const*, int, int, int, int, HIP_vector_type<unsigned int, 3u>, HIP_vector_type<unsigned int, 3u>, HIP_vector_type<unsigned int, 3u>, HIP_vector_type<unsigned int, 3u>)	22	0	0	0	0	0
void flash_attn_combine_results<128>(float const*, HIP_vector_type<float, 2u> const*, float*, int)	51	0	0	0	0	0
void flash_attn_ext_f16<192, 128, 4, 8, false, false>(char const*, char const*, char const*, char const*, char const*, int const*, float*, HIP_vector_type<float, 2u>*, float, float, float, float, unsigned int, float, int, HIP_vector_type<unsigned int, 3u>, int, int, int, int, int, int, int, int, int, int, int, long, int, int, long, int, int, int, int, int, long)	355	99	0	26	0	0
void flash_attn_ext_f16<192, 128, 4, 8, true, false>(char const*, char const*, char const*, char const*, char const*, int const*, float*, HIP_vector_type<float, 2u>*, float, float, float, float, unsigned int, float, int, HIP_vector_type<unsigned int, 3u>, int, int, int, int, int, int, int, int, int, int, int, long, int, int, long, int, int, int, int, int, long)	37	0	0	0	0	16
void flash_attn_ext_f16<256, 256, 4, 8, false, false>(char const*, char const*, char const*, char const*, char const*, int const*, float*, HIP_vector_type<float, 2u>*, float, float, float, float, unsigned int, float, int, HIP_vector_type<unsigned int, 3u>, int, int, int, int, int, int, int, int, int, int, int, long, int, int, long, int, int, int, int, int, long)	512	256	67	26	0	272
void flash_attn_ext_f16<256, 256, 4, 8, true, false>(char const*, char const*, char const*, char const*, char const*, int const*, float*, HIP_vector_type<float, 2u>*, float, float, float, float, unsigned int, float, int, HIP_vector_type<unsigned int, 3u>, int, int, int, int, int, int, int, int, int, int, int, long, int, int, long, int, int, int, int, int, long)	512	256	65	30	0	264
void flash_attn_stream_k_fixup_uniform<256, 4, 8>(float*, HIP_vector_type<float, 2u> const*, int, int, int, int, int, int, HIP_vector_type<unsigned int, 3u>, HIP_vector_type<unsigned int, 3u>, HIP_vector_type<unsigned int, 3u>)	17	0	0	0	0	0
void flash_attn_stream_k_fixup_general<256, 4, 8>(float*, HIP_vector_type<float, 2u> const*, int, int, int, int, HIP_vector_type<unsigned int, 3u>, HIP_vector_type<unsigned int, 3u>, HIP_vector_type<unsigned int, 3u>, HIP_vector_type<unsigned int, 3u>)	22	0	0	0	0	0
void flash_attn_combine_results<256>(float const*, HIP_vector_type<float, 2u> const*, float*, int)	51	0	0	0	0	0
void flash_attn_ext_f16<512, 512, 4, 8, false, false>(char const*, char const*, char const*, char const*, char const*, int const*, float*, HIP_vector_type<float, 2u>*, float, float, float, float, unsigned int, float, int, HIP_vector_type<unsigned int, 3u>, int, int, int, int, int, int, int, int, int, int, int, long, int, int, long, int, int, int, int, int, long)	37	0	0	0	0	16
void flash_attn_ext_f16<512, 512, 4, 8, true, false>(char const*, char const*, char const*, char const*, char const*, int const*, float*, HIP_vector_type<float, 2u>*, float, float, float, float, unsigned int, float, int, HIP_vector_type<unsigned int, 3u>, int, int, int, int, int, int, int, int, int, int, int, long, int, int, long, int, int, int, int, int, long)	37	0	0	0	0	16
void flash_attn_stream_k_fixup_uniform<512, 4, 8>(float*, HIP_vector_type<float, 2u> const*, int, int, int, int, int, int, HIP_vector_type<unsigned int, 3u>, HIP_vector_type<unsigned int, 3u>, HIP_vector_type<unsigned int, 3u>)	17	0	0	0	0	0
void flash_attn_stream_k_fixup_general<512, 4, 8>(float*, HIP_vector_type<float, 2u> const*, int, int, int, int, HIP_vector_type<unsigned int, 3u>, HIP_vector_type<unsigned int, 3u>, HIP_vector_type<unsigned int, 3u>, HIP_vector_type<unsigned int, 3u>)	22	0	0	0	0	0
void flash_attn_combine_results<512>(float const*, HIP_vector_type<float, 2u> const*, float*, int)	51	0	0	0	0	0
void flash_attn_ext_f16<64, 64, 64, 1, false, false>(char const*, char const*, char const*, char const*, char const*, int const*, float*, HIP_vector_type<float, 2u>*, float, float, float, float, unsigned int, float, int, HIP_vector_type<unsigned int, 3u>, int, int, int, int, int, int, int, int, int, int, int, long, int, int, long, int, int, int, int, int, long)	128	0	185	131	0	640
void flash_attn_ext_f16<64, 64, 64, 1, true, false>(char const*, char const*, char const*, char const*, char const*, int const*, float*, HIP_vector_type<float, 2u>*, float, float, float, float, unsigned int, float, int, HIP_vector_type<unsigned int, 3u>, int, int, int, int, int, int, int, int, int, int, int, long, int, int, long, int, int, int, int, int, long)	37	0	0	0	0	16
void flash_attn_mask_to_KV_max<64>(__half2 const*, int*, int, long, long)	16	0	0	176	128	0
void flash_attn_stream_k_fixup_uniform<64, 64, 1>(float*, HIP_vector_type<float, 2u> const*, int, int, int, int, int, int, HIP_vector_type<unsigned int, 3u>, HIP_vector_type<unsigned int, 3u>, HIP_vector_type<unsigned int, 3u>)	17	0	0	0	0	0
void flash_attn_stream_k_fixup_general<64, 64, 1>(float*, HIP_vector_type<float, 2u> const*, int, int, int, int, HIP_vector_type<unsigned int, 3u>, HIP_vector_type<unsigned int, 3u>, HIP_vector_type<unsigned int, 3u>, HIP_vector_type<unsigned int, 3u>)	22	0	0	0	0	0
void flash_attn_combine_results<64>(float const*, HIP_vector_type<float, 2u> const*, float*, int)	51	0	0	0	0	0
void flash_attn_ext_f16<80, 80, 64, 1, false, false>(char const*, char const*, char const*, char const*, char const*, int const*, float*, HIP_vector_type<float, 2u>*, float, float, float, float, unsigned int, float, int, HIP_vector_type<unsigned int, 3u>, int, int, int, int, int, int, int, int, int, int, int, long, int, int, long, int, int, int, int, int, long)	256	0	25	157	0	144
void flash_attn_ext_f16<80, 80, 64, 1, true, false>(char const*, char const*, char const*, char const*, char const*, int const*, float*, HIP_vector_type<float, 2u>*, float, float, float, float, unsigned int, float, int, HIP_vector_type<unsigned int, 3u>, int, int, int, int, int, int, int, int, int, int, int, long, int, int, long, int, int, int, int, int, long)	37	0	0	0	0	16
void flash_attn_stream_k_fixup_uniform<80, 64, 1>(float*, HIP_vector_type<float, 2u> const*, int, int, int, int, int, int, HIP_vector_type<unsigned int, 3u>, HIP_vector_type<unsigned int, 3u>, HIP_vector_type<unsigned int, 3u>)	17	0	0	0	0	0
void flash_attn_stream_k_fixup_general<80, 64, 1>(float*, HIP_vector_type<float, 2u> const*, int, int, int, int, HIP_vector_type<unsigned int, 3u>, HIP_vector_type<unsigned int, 3u>, HIP_vector_type<unsigned int, 3u>, HIP_vector_type<unsigned int, 3u>)	22	0	0	0	0	0
void flash_attn_combine_results<80>(float const*, HIP_vector_type<float, 2u> const*, float*, int)	51	0	0	0	0	0
void flash_attn_ext_f16<96, 96, 64, 1, false, false>(char const*, char const*, char const*, char const*, char const*, int const*, float*, HIP_vector_type<float, 2u>*, float, float, float, float, unsigned int, float, int, HIP_vector_type<unsigned int, 3u>, int, int, int, int, int, int, int, int, int, int, int, long, int, int, long, int, int, int, int, int, long)	256	0	70	152	0	320
void flash_attn_ext_f16<96, 96, 64, 1, true, false>(char const*, char const*, char const*, char const*, char const*, int const*, float*, HIP_vector_type<float, 2u>*, float, float, float, float, unsigned int, float, int, HIP_vector_type<unsigned int, 3u>, int, int, int, int, int, int, int, int, int, int, int, long, int, int, long, int, int, int, int, int, long)	37	0	0	0	0	16
void flash_attn_stream_k_fixup_uniform<96, 64, 1>(float*, HIP_vector_type<float, 2u> const*, int, int, int, int, int, int, HIP_vector_type<unsigned int, 3u>, HIP_vector_type<unsigned int, 3u>, HIP_vector_type<unsigned int, 3u>)	17	0	0	0	0	0
void flash_attn_stream_k_fixup_general<96, 64, 1>(float*, HIP_vector_type<float, 2u> const*, int, int, int, int, HIP_vector_type<unsigned int, 3u>, HIP_vector_type<unsigned int, 3u>, HIP_vector_type<unsigned int, 3u>, HIP_vector_type<unsigned int, 3u>)	22	0	0	0	0	0
void flash_attn_combine_results<96>(float const*, HIP_vector_type<float, 2u> const*, float*, int)	51	0	0	0	0	0
void flash_attn_ext_f16<112, 112, 64, 1, false, false>(char const*, char const*, char const*, char const*, char const*, int const*, float*, HIP_vector_type<float, 2u>*, float, float, float, float, unsigned int, float, int, HIP_vector_type<unsigned int, 3u>, int, int, int, int, int, int, int, int, int, int, int, long, int, int, long, int, int, int, int, int, long)	256	0	120	173	0	480
void flash_attn_ext_f16<112, 112, 64, 1, true, false>(char const*, char const*, char const*, char const*, char const*, int const*, float*, HIP_vector_type<float, 2u>*, float, float, float, float, unsigned int, float, int, HIP_vector_type<unsigned int, 3u>, int, int, int, int, int, int, int, int, int, int, int, long, int, int, long, int, int, int, int, int, long)	37	0	0	0	0	16
void flash_attn_stream_k_fixup_uniform<112, 64, 1>(float*, HIP_vector_type<float, 2u> const*, int, int, int, int, int, int, HIP_vector_type<unsigned int, 3u>, HIP_vector_type<unsigned int, 3u>, HIP_vector_type<unsigned int, 3u>)	17	0	0	0	0	0
void flash_attn_stream_k_fixup_general<112, 64, 1>(float*, HIP_vector_type<float, 2u> const*, int, int, int, int, HIP_vector_type<unsigned int, 3u>, HIP_vector_type<unsigned int, 3u>, HIP_vector_type<unsigned int, 3u>, HIP_vector_type<unsigned int, 3u>)	22	0	0	0	0	0
void flash_attn_combine_results<112>(float const*, HIP_vector_type<float, 2u> const*, float*, int)	51	0	0	0	0	0
void flash_attn_ext_f16<128, 128, 64, 1, false, false>(char const*, char const*, char const*, char const*, char const*, int const*, float*, HIP_vector_type<float, 2u>*, float, float, float, float, unsigned int, float, int, HIP_vector_type<unsigned int, 3u>, int, int, int, int, int, int, int, int, int, int, int, long, int, int, long, int, int, int, int, int, long)	256	0	102	180	0	352
void flash_attn_ext_f16<128, 128, 64, 1, true, false>(char const*, char const*, char const*, char const*, char const*, int const*, float*, HIP_vector_type<float, 2u>*, float, float, float, float, unsigned int, float, int, HIP_vector_type<unsigned int, 3u>, int, int, int, int, int, int, int, int, int, int, int, long, int, int, long, int, int, int, int, int, long)	256	0	203	210	0	656
void flash_attn_stream_k_fixup_uniform<128, 64, 1>(float*, HIP_vector_type<float, 2u> const*, int, int, int, int, int, int, HIP_vector_type<unsigned int, 3u>, HIP_vector_type<unsigned int, 3u>, HIP_vector_type<unsigned int, 3u>)	17	0	0	0	0	0
void flash_attn_stream_k_fixup_general<128, 64, 1>(float*, HIP_vector_type<float, 2u> const*, int, int, int, int, HIP_vector_type<unsigned int, 3u>, HIP_vector_type<unsigned int, 3u>, HIP_vector_type<unsigned int, 3u>, HIP_vector_type<unsigned int, 3u>)	22	0	0	0	0	0
void flash_attn_combine_results<128>(float const*, HIP_vector_type<float, 2u> const*, float*, int)	51	0	0	0	0	0
void flash_attn_ext_f16<256, 256, 64, 1, false, false>(char const*, char const*, char const*, char const*, char const*, int const*, float*, HIP_vector_type<float, 2u>*, float, float, float, float, unsigned int, float, int, HIP_vector_type<unsigned int, 3u>, int, int, int, int, int, int, int, int, int, int, int, long, int, int, long, int, int, int, int, int, long)	256	0	223	86	0	784
void flash_attn_ext_f16<256, 256, 64, 1, true, false>(char const*, char const*, char const*, char const*, char const*, int const*, float*, HIP_vector_type<float, 2u>*, float, float, float, float, unsigned int, float, int, HIP_vector_type<unsigned int, 3u>, int, int, int, int, int, int, int, int, int, int, int, long, int, int, long, int, int, int, int, int, long)	256	0	227	91	0	784
void flash_attn_stream_k_fixup_uniform<256, 64, 1>(float*, HIP_vector_type<float, 2u> const*, int, int, int, int, int, int, HIP_vector_type<unsigned int, 3u>, HIP_vector_type<unsigned int, 3u>, HIP_vector_type<unsigned int, 3u>)	17	0	0	0	0	0
void flash_attn_stream_k_fixup_general<256, 64, 1>(float*, HIP_vector_type<float, 2u> const*, int, int, int, int, HIP_vector_type<unsigned int, 3u>, HIP_vector_type<unsigned int, 3u>, HIP_vector_type<unsigned int, 3u>, HIP_vector_type<unsigned int, 3u>)	22	0	0	0	0	0
void flash_attn_combine_results<256>(float const*, HIP_vector_type<float, 2u> const*, float*, int)	51	0	0	0	0	0
void flash_attn_ext_f16<64, 64, 8, 1, false, false>(char const*, char const*, char const*, char const*, char const*, int const*, float*, HIP_vector_type<float, 2u>*, float, float, float, float, unsigned int, float, int, HIP_vector_type<unsigned int, 3u>, int, int, int, int, int, int, int, int, int, int, int, long, int, int, long, int, int, int, int, int, long)	37	0	0	0	0	16
void flash_attn_ext_f16<64, 64, 8, 1, true, false>(char const*, char const*, char const*, char const*, char const*, int const*, float*, HIP_vector_type<float, 2u>*, float, float, float, float, unsigned int, float, int, HIP_vector_type<unsigned int, 3u>, int, int, int, int, int, int, int, int, int, int, int, long, int, int, long, int, int, int, int, int, long)	37	0	0	0	0	16
void flash_attn_mask_to_KV_max<8>(__half2 const*, int*, int, long, long)	18	0	0	0	128	0
void flash_attn_stream_k_fixup_uniform<64, 8, 1>(float*, HIP_vector_type<float, 2u> const*, int, int, int, int, int, int, HIP_vector_type<unsigned int, 3u>, HIP_vector_type<unsigned int, 3u>, HIP_vector_type<unsigned int, 3u>)	17	0	0	0	0	0
void flash_attn_stream_k_fixup_general<64, 8, 1>(float*, HIP_vector_type<float, 2u> const*, int, int, int, int, HIP_vector_type<unsigned int, 3u>, HIP_vector_type<unsigned int, 3u>, HIP_vector_type<unsigned int, 3u>, HIP_vector_type<unsigned int, 3u>)	22	0	0	0	0	0
void flash_attn_combine_results<64>(float const*, HIP_vector_type<float, 2u> const*, float*, int)	51	0	0	0	0	0
void flash_attn_ext_f16<80, 80, 8, 1, false, false>(char const*, char const*, char const*, char const*, char const*, int const*, float*, HIP_vector_type<float, 2u>*, float, float, float, float, unsigned int, float, int, HIP_vector_type<unsigned int, 3u>, int, int, int, int, int, int, int, int, int, int, int, long, int, int, long, int, int, int, int, int, long)	37	0	0	0	0	16
void flash_attn_ext_f16<80, 80, 8, 1, true, false>(char const*, char const*, char const*, char const*, char const*, int const*, float*, HIP_vector_type<float, 2u>*, float, float, float, float, unsigned int, float, int, HIP_vector_type<unsigned int, 3u>, int, int, int, int, int, int, int, int, int, int, int, long, int, int, long, int, int, int, int, int, long)	37	0	0	0	0	16
void flash_attn_stream_k_fixup_uniform<80, 8, 1>(float*, HIP_vector_type<float, 2u> const*, int, int, int, int, int, int, HIP_vector_type<unsigned int, 3u>, HIP_vector_type<unsigned int, 3u>, HIP_vector_type<unsigned int, 3u>)	17	0	0	0	0	0
void flash_attn_stream_k_fixup_general<80, 8, 1>(float*, HIP_vector_type<float, 2u> const*, int, int, int, int, HIP_vector_type<unsigned int, 3u>, HIP_vector_type<unsigned int, 3u>, HIP_vector_type<unsigned int, 3u>, HIP_vector_type<unsigned int, 3u>)	22	0	0	0	0	0
void flash_attn_combine_results<80>(float const*, HIP_vector_type<float, 2u> const*, float*, int)	51	0	0	0	0	0
void flash_attn_ext_f16<96, 96, 8, 1, false, false>(char const*, char const*, char const*, char const*, char const*, int const*, float*, HIP_vector_type<float, 2u>*, float, float, float, float, unsigned int, float, int, HIP_vector_type<unsigned int, 3u>, int, int, int, int, int, int, int, int, int, int, int, long, int, int, long, int, int, int, int, int, long)	37	0	0	0	0	16
void flash_attn_ext_f16<96, 96, 8, 1, true, false>(char const*, char const*, char const*, char const*, char const*, int const*, float*, HIP_vector_type<float, 2u>*, float, float, float, float, unsigned int, float, int, HIP_vector_type<unsigned int, 3u>, int, int, int, int, int, int, int, int, int, int, int, long, int, int, long, int, int, int, int, int, long)	37	0	0	0	0	16
void flash_attn_stream_k_fixup_uniform<96, 8, 1>(float*, HIP_vector_type<float, 2u> const*, int, int, int, int, int, int, HIP_vector_type<unsigned int, 3u>, HIP_vector_type<unsigned int, 3u>, HIP_vector_type<unsigned int, 3u>)	17	0	0	0	0	0
void flash_attn_stream_k_fixup_general<96, 8, 1>(float*, HIP_vector_type<float, 2u> const*, int, int, int, int, HIP_vector_type<unsigned int, 3u>, HIP_vector_type<unsigned int, 3u>, HIP_vector_type<unsigned int, 3u>, HIP_vector_type<unsigned int, 3u>)	22	0	0	0	0	0
void flash_attn_combine_results<96>(float const*, HIP_vector_type<float, 2u> const*, float*, int)	51	0	0	0	0	0
void flash_attn_ext_f16<112, 112, 8, 1, false, false>(char const*, char const*, char const*, char const*, char const*, int const*, float*, HIP_vector_type<float, 2u>*, float, float, float, float, unsigned int, float, int, HIP_vector_type<unsigned int, 3u>, int, int, int, int, int, int, int, int, int, int, int, long, int, int, long, int, int, int, int, int, long)	37	0	0	0	0	16
void flash_attn_ext_f16<112, 112, 8, 1, true, false>(char const*, char const*, char const*, char const*, char const*, int const*, float*, HIP_vector_type<float, 2u>*, float, float, float, float, unsigned int, float, int, HIP_vector_type<unsigned int, 3u>, int, int, int, int, int, int, int, int, int, int, int, long, int, int, long, int, int, int, int, int, long)	37	0	0	0	0	16
void flash_attn_stream_k_fixup_uniform<112, 8, 1>(float*, HIP_vector_type<float, 2u> const*, int, int, int, int, int, int, HIP_vector_type<unsigned int, 3u>, HIP_vector_type<unsigned int, 3u>, HIP_vector_type<unsigned int, 3u>)	17	0	0	0	0	0
void flash_attn_stream_k_fixup_general<112, 8, 1>(float*, HIP_vector_type<float, 2u> const*, int, int, int, int, HIP_vector_type<unsigned int, 3u>, HIP_vector_type<unsigned int, 3u>, HIP_vector_type<unsigned int, 3u>, HIP_vector_type<unsigned int, 3u>)	22	0	0	0	0	0
void flash_attn_combine_results<112>(float const*, HIP_vector_type<float, 2u> const*, float*, int)	51	0	0	0	0	0
void flash_attn_ext_f16<128, 128, 8, 1, false, false>(char const*, char const*, char const*, char const*, char const*, int const*, float*, HIP_vector_type<float, 2u>*, float, float, float, float, unsigned int, float, int, HIP_vector_type<unsigned int, 3u>, int, int, int, int, int, int, int, int, int, int, int, long, int, int, long, int, int, int, int, int, long)	37	0	0	0	0	16
void flash_attn_ext_f16<128, 128, 8, 1, true, false>(char const*, char const*, char const*, char const*, char const*, int const*, float*, HIP_vector_type<float, 2u>*, float, float, float, float, unsigned int, float, int, HIP_vector_type<unsigned int, 3u>, int, int, int, int, int, int, int, int, int, int, int, long, int, int, long, int, int, int, int, int, long)	37	0	0	0	0	16
void flash_attn_stream_k_fixup_uniform<128, 8, 1>(float*, HIP_vector_type<float, 2u> const*, int, int, int, int, int, int, HIP_vector_type<unsigned int, 3u>, HIP_vector_type<unsigned int, 3u>, HIP_vector_type<unsigned int, 3u>)	17	0	0	0	0	0
void flash_attn_stream_k_fixup_general<128, 8, 1>(float*, HIP_vector_type<float, 2u> const*, int, int, int, int, HIP_vector_type<unsigned int, 3u>, HIP_vector_type<unsigned int, 3u>, HIP_vector_type<unsigned int, 3u>, HIP_vector_type<unsigned int, 3u>)	22	0	0	0	0	0
void flash_attn_combine_results<128>(float const*, HIP_vector_type<float, 2u> const*, float*, int)	51	0	0	0	0	0
void flash_attn_ext_f16<256, 256, 8, 1, false, false>(char const*, char const*, char const*, char const*, char const*, int const*, float*, HIP_vector_type<float, 2u>*, float, float, float, float, unsigned int, float, int, HIP_vector_type<unsigned int, 3u>, int, int, int, int, int, int, int, int, int, int, int, long, int, int, long, int, int, int, int, int, long)	37	0	0	0	0	16
void flash_attn_ext_f16<256, 256, 8, 1, true, false>(char const*, char const*, char const*, char const*, char const*, int const*, float*, HIP_vector_type<float, 2u>*, float, float, float, float, unsigned int, float, int, HIP_vector_type<unsigned int, 3u>, int, int, int, int, int, int, int, int, int, int, int, long, int, int, long, int, int, int, int, int, long)	37	0	0	0	0	16
void flash_attn_stream_k_fixup_uniform<256, 8, 1>(float*, HIP_vector_type<float, 2u> const*, int, int, int, int, int, int, HIP_vector_type<unsigned int, 3u>, HIP_vector_type<unsigned int, 3u>, HIP_vector_type<unsigned int, 3u>)	17	0	0	0	0	0
void flash_attn_stream_k_fixup_general<256, 8, 1>(float*, HIP_vector_type<float, 2u> const*, int, int, int, int, HIP_vector_type<unsigned int, 3u>, HIP_vector_type<unsigned int, 3u>, HIP_vector_type<unsigned int, 3u>, HIP_vector_type<unsigned int, 3u>)	22	0	0	0	0	0
void flash_attn_combine_results<256>(float const*, HIP_vector_type<float, 2u> const*, float*, int)	51	0	0	0	0	0
void flash_attn_ext_f16<64, 64, 8, 2, false, false>(char const*, char const*, char const*, char const*, char const*, int const*, float*, HIP_vector_type<float, 2u>*, float, float, float, float, unsigned int, float, int, HIP_vector_type<unsigned int, 3u>, int, int, int, int, int, int, int, int, int, int, int, long, int, int, long, int, int, int, int, int, long)	165	0	0	23	0	0
void flash_attn_ext_f16<64, 64, 8, 2, true, false>(char const*, char const*, char const*, char const*, char const*, int const*, float*, HIP_vector_type<float, 2u>*, float, float, float, float, unsigned int, float, int, HIP_vector_type<unsigned int, 3u>, int, int, int, int, int, int, int, int, int, int, int, long, int, int, long, int, int, int, int, int, long)	37	0	0	0	0	16
void flash_attn_mask_to_KV_max<8>(__half2 const*, int*, int, long, long)	18	0	0	0	128	0
void flash_attn_stream_k_fixup_uniform<64, 8, 2>(float*, HIP_vector_type<float, 2u> const*, int, int, int, int, int, int, HIP_vector_type<unsigned int, 3u>, HIP_vector_type<unsigned int, 3u>, HIP_vector_type<unsigned int, 3u>)	17	0	0	0	0	0
void flash_attn_stream_k_fixup_general<64, 8, 2>(float*, HIP_vector_type<float, 2u> const*, int, int, int, int, HIP_vector_type<unsigned int, 3u>, HIP_vector_type<unsigned int, 3u>, HIP_vector_type<unsigned int, 3u>, HIP_vector_type<unsigned int, 3u>)	22	0	0	0	0	0
void flash_attn_combine_results<64>(float const*, HIP_vector_type<float, 2u> const*, float*, int)	51	0	0	0	0	0
void flash_attn_ext_f16<80, 80, 8, 2, false, false>(char const*, char const*, char const*, char const*, char const*, int const*, float*, HIP_vector_type<float, 2u>*, float, float, float, float, unsigned int, float, int, HIP_vector_type<unsigned int, 3u>, int, int, int, int, int, int, int, int, int, int, int, long, int, int, long, int, int, int, int, int, long)	188	0	0	25	0	0
void flash_attn_ext_f16<80, 80, 8, 2, true, false>(char const*, char const*, char const*, char const*, char const*, int const*, float*, HIP_vector_type<float, 2u>*, float, float, float, float, unsigned int, float, int, HIP_vector_type<unsigned int, 3u>, int, int, int, int, int, int, int, int, int, int, int, long, int, int, long, int, int, int, int, int, long)	37	0	0	0	0	16
void flash_attn_stream_k_fixup_uniform<80, 8, 2>(float*, HIP_vector_type<float, 2u> const*, int, int, int, int, int, int, HIP_vector_type<unsigned int, 3u>, HIP_vector_type<unsigned int, 3u>, HIP_vector_type<unsigned int, 3u>)	17	0	0	0	0	0
void flash_attn_stream_k_fixup_general<80, 8, 2>(float*, HIP_vector_type<float, 2u> const*, int, int, int, int, HIP_vector_type<unsigned int, 3u>, HIP_vector_type<unsigned int, 3u>, HIP_vector_type<unsigned int, 3u>, HIP_vector_type<unsigned int, 3u>)	22	0	0	0	0	0
void flash_attn_combine_results<80>(float const*, HIP_vector_type<float, 2u> const*, float*, int)	51	0	0	0	0	0
void flash_attn_ext_f16<96, 96, 8, 2, false, false>(char const*, char const*, char const*, char const*, char const*, int const*, float*, HIP_vector_type<float, 2u>*, float, float, float, float, unsigned int, float, int, HIP_vector_type<unsigned int, 3u>, int, int, int, int, int, int, int, int, int, int, int, long, int, int, long, int, int, int, int, int, long)	211	0	0	23	0	0
void flash_attn_ext_f16<96, 96, 8, 2, true, false>(char const*, char const*, char const*, char const*, char const*, int const*, float*, HIP_vector_type<float, 2u>*, float, float, float, float, unsigned int, float, int, HIP_vector_type<unsigned int, 3u>, int, int, int, int, int, int, int, int, int, int, int, long, int, int, long, int, int, int, int, int, long)	37	0	0	0	0	16
void flash_attn_stream_k_fixup_uniform<96, 8, 2>(float*, HIP_vector_type<float, 2u> const*, int, int, int, int, int, int, HIP_vector_type<unsigned int, 3u>, HIP_vector_type<unsigned int, 3u>, HIP_vector_type<unsigned int, 3u>)	17	0	0	0	0	0
void flash_attn_stream_k_fixup_general<96, 8, 2>(float*, HIP_vector_type<float, 2u> const*, int, int, int, int, HIP_vector_type<unsigned int, 3u>, HIP_vector_type<unsigned int, 3u>, HIP_vector_type<unsigned int, 3u>, HIP_vector_type<unsigned int, 3u>)	22	0	0	0	0	0
void flash_attn_combine_results<96>(float const*, HIP_vector_type<float, 2u> const*, float*, int)	51	0	0	0	0	0
void flash_attn_ext_f16<112, 112, 8, 2, false, false>(char const*, char const*, char const*, char const*, char const*, int const*, float*, HIP_vector_type<float, 2u>*, float, float, float, float, unsigned int, float, int, HIP_vector_type<unsigned int, 3u>, int, int, int, int, int, int, int, int, int, int, int, long, int, int, long, int, int, int, int, int, long)	240	0	0	29	0	0
void flash_attn_ext_f16<112, 112, 8, 2, true, false>(char const*, char const*, char const*, char const*, char const*, int const*, float*, HIP_vector_type<float, 2u>*, float, float, float, float, unsigned int, float, int, HIP_vector_type<unsigned int, 3u>, int, int, int, int, int, int, int, int, int, int, int, long, int, int, long, int, int, int, int, int, long)	37	0	0	0	0	16
void flash_attn_stream_k_fixup_uniform<112, 8, 2>(float*, HIP_vector_type<float, 2u> const*, int, int, int, int, int, int, HIP_vector_type<unsigned int, 3u>, HIP_vector_type<unsigned int, 3u>, HIP_vector_type<unsigned int, 3u>)	17	0	0	0	0	0
void flash_attn_stream_k_fixup_general<112, 8, 2>(float*, HIP_vector_type<float, 2u> const*, int, int, int, int, HIP_vector_type<unsigned int, 3u>, HIP_vector_type<unsigned int, 3u>, HIP_vector_type<unsigned int, 3u>, HIP_vector_type<unsigned int, 3u>)	22	0	0	0	0	0
void flash_attn_combine_results<112>(float const*, HIP_vector_type<float, 2u> const*, float*, int)	51	0	0	0	0	0
void flash_attn_ext_f16<128, 128, 8, 2, false, false>(char const*, char const*, char const*, char const*, char const*, int const*, float*, HIP_vector_type<float, 2u>*, float, float, float, float, unsigned int, float, int, HIP_vector_type<unsigned int, 3u>, int, int, int, int, int, int, int, int, int, int, int, long, int, int, long, int, int, int, int, int, long)	256	0	6	21	0	28
void flash_attn_ext_f16<128, 128, 8, 2, true, false>(char const*, char const*, char const*, char const*, char const*, int const*, float*, HIP_vector_type<float, 2u>*, float, float, float, float, unsigned int, float, int, HIP_vector_type<unsigned int, 3u>, int, int, int, int, int, int, int, int, int, int, int, long, int, int, long, int, int, int, int, int, long)	256	0	4	25	0	20
void flash_attn_stream_k_fixup_uniform<128, 8, 2>(float*, HIP_vector_type<float, 2u> const*, int, int, int, int, int, int, HIP_vector_type<unsigned int, 3u>, HIP_vector_type<unsigned int, 3u>, HIP_vector_type<unsigned int, 3u>)	17	0	0	0	0	0
void flash_attn_stream_k_fixup_general<128, 8, 2>(float*, HIP_vector_type<float, 2u> const*, int, int, int, int, HIP_vector_type<unsigned int, 3u>, HIP_vector_type<unsigned int, 3u>, HIP_vector_type<unsigned int, 3u>, HIP_vector_type<unsigned int, 3u>)	22	0	0	0	0	0
void flash_attn_combine_results<128>(float const*, HIP_vector_type<float, 2u> const*, float*, int)	51	0	0	0	0	0
void flash_attn_ext_f16<256, 256, 8, 2, false, false>(char const*, char const*, char const*, char const*, char const*, int const*, float*, HIP_vector_type<float, 2u>*, float, float, float, float, unsigned int, float, int, HIP_vector_type<unsigned int, 3u>, int, int, int, int, int, int, int, int, int, int, int, long, int, int, long, int, int, int, int, int, long)	414	158	0	21	0	0
void flash_attn_ext_f16<256, 256, 8, 2, true, false>(char const*, char const*, char const*, char const*, char const*, int const*, float*, HIP_vector_type<float, 2u>*, float, float, float, float, unsigned int, float, int, HIP_vector_type<unsigned int, 3u>, int, int, int, int, int, int, int, int, int, int, int, long, int, int, long, int, int, int, int, int, long)	412	156	0	25	0	0
void flash_attn_stream_k_fixup_uniform<256, 8, 2>(float*, HIP_vector_type<float, 2u> const*, int, int, int, int, int, int, HIP_vector_type<unsigned int, 3u>, HIP_vector_type<unsigned int, 3u>, HIP_vector_type<unsigned int, 3u>)	17	0	0	0	0	0
void flash_attn_stream_k_fixup_general<256, 8, 2>(float*, HIP_vector_type<float, 2u> const*, int, int, int, int, HIP_vector_type<unsigned int, 3u>, HIP_vector_type<unsigned int, 3u>, HIP_vector_type<unsigned int, 3u>, HIP_vector_type<unsigned int, 3u>)	22	0	0	0	0	0
void flash_attn_combine_results<256>(float const*, HIP_vector_type<float, 2u> const*, float*, int)	51	0	0	0	0	0
void flash_attn_ext_f16<512, 512, 8, 2, false, false>(char const*, char const*, char const*, char const*, char const*, int const*, float*, HIP_vector_type<float, 2u>*, float, float, float, float, unsigned int, float, int, HIP_vector_type<unsigned int, 3u>, int, int, int, int, int, int, int, int, int, int, int, long, int, int, long, int, int, int, int, int, long)	37	0	0	0	0	16
void flash_attn_ext_f16<512, 512, 8, 2, true, false>(char const*, char const*, char const*, char const*, char const*, int const*, float*, HIP_vector_type<float, 2u>*, float, float, float, float, unsigned int, float, int, HIP_vector_type<unsigned int, 3u>, int, int, int, int, int, int, int, int, int, int, int, long, int, int, long, int, int, int, int, int, long)	37	0	0	0	0	16
void flash_attn_stream_k_fixup_uniform<512, 8, 2>(float*, HIP_vector_type<float, 2u> const*, int, int, int, int, int, int, HIP_vector_type<unsigned int, 3u>, HIP_vector_type<unsigned int, 3u>, HIP_vector_type<unsigned int, 3u>)	17	0	0	0	0	0
void flash_attn_stream_k_fixup_general<512, 8, 2>(float*, HIP_vector_type<float, 2u> const*, int, int, int, int, HIP_vector_type<unsigned int, 3u>, HIP_vector_type<unsigned int, 3u>, HIP_vector_type<unsigned int, 3u>, HIP_vector_type<unsigned int, 3u>)	22	0	0	0	0	0
void flash_attn_combine_results<512>(float const*, HIP_vector_type<float, 2u> const*, float*, int)	51	0	0	0	0	0
void flash_attn_ext_f16<64, 64, 8, 4, false, false>(char const*, char const*, char const*, char const*, char const*, int const*, float*, HIP_vector_type<float, 2u>*, float, float, float, float, unsigned int, float, int, HIP_vector_type<unsigned int, 3u>, int, int, int, int, int, int, int, int, int, int, int, long, int, int, long, int, int, int, int, int, long)	174	0	0	21	0	0
void flash_attn_ext_f16<64, 64, 8, 4, true, false>(char const*, char const*, char const*, char const*, char const*, int const*, float*, HIP_vector_type<float, 2u>*, float, float, float, float, unsigned int, float, int, HIP_vector_type<unsigned int, 3u>, int, int, int, int, int, int, int, int, int, int, int, long, int, int, long, int, int, int, int, int, long)	37	0	0	0	0	16
void flash_attn_mask_to_KV_max<8>(__half2 const*, int*, int, long, long)	18	0	0	0	128	0
void flash_attn_stream_k_fixup_uniform<64, 8, 4>(float*, HIP_vector_type<float, 2u> const*, int, int, int, int, int, int, HIP_vector_type<unsigned int, 3u>, HIP_vector_type<unsigned int, 3u>, HIP_vector_type<unsigned int, 3u>)	17	0	0	0	0	0
void flash_attn_stream_k_fixup_general<64, 8, 4>(float*, HIP_vector_type<float, 2u> const*, int, int, int, int, HIP_vector_type<unsigned int, 3u>, HIP_vector_type<unsigned int, 3u>, HIP_vector_type<unsigned int, 3u>, HIP_vector_type<unsigned int, 3u>)	22	0	0	0	0	0
void flash_attn_combine_results<64>(float const*, HIP_vector_type<float, 2u> const*, float*, int)	51	0	0	0	0	0
void flash_attn_ext_f16<80, 80, 8, 4, false, false>(char const*, char const*, char const*, char const*, char const*, int const*, float*, HIP_vector_type<float, 2u>*, float, float, float, float, unsigned int, float, int, HIP_vector_type<unsigned int, 3u>, int, int, int, int, int, int, int, int, int, int, int, long, int, int, long, int, int, int, int, int, long)	213	0	0	27	0	0
void flash_attn_ext_f16<80, 80, 8, 4, true, false>(char const*, char const*, char const*, char const*, char const*, int const*, float*, HIP_vector_type<float, 2u>*, float, float, float, float, unsigned int, float, int, HIP_vector_type<unsigned int, 3u>, int, int, int, int, int, int, int, int, int, int, int, long, int, int, long, int, int, int, int, int, long)	37	0	0	0	0	16
void flash_attn_stream_k_fixup_uniform<80, 8, 4>(float*, HIP_vector_type<float, 2u> const*, int, int, int, int, int, int, HIP_vector_type<unsigned int, 3u>, HIP_vector_type<unsigned int, 3u>, HIP_vector_type<unsigned int, 3u>)	17	0	0	0	0	0
void flash_attn_stream_k_fixup_general<80, 8, 4>(float*, HIP_vector_type<float, 2u> const*, int, int, int, int, HIP_vector_type<unsigned int, 3u>, HIP_vector_type<unsigned int, 3u>, HIP_vector_type<unsigned int, 3u>, HIP_vector_type<unsigned int, 3u>)	22	0	0	0	0	0
void flash_attn_combine_results<80>(float const*, HIP_vector_type<float, 2u> const*, float*, int)	51	0	0	0	0	0
void flash_attn_ext_f16<96, 96, 8, 4, false, false>(char const*, char const*, char const*, char const*, char const*, int const*, float*, HIP_vector_type<float, 2u>*, float, float, float, float, unsigned int, float, int, HIP_vector_type<unsigned int, 3u>, int, int, int, int, int, int, int, int, int, int, int, long, int, int, long, int, int, int, int, int, long)	241	0	0	28	0	0
void flash_attn_ext_f16<96, 96, 8, 4, true, false>(char const*, char const*, char const*, char const*, char const*, int const*, float*, HIP_vector_type<float, 2u>*, float, float, float, float, unsigned int, float, int, HIP_vector_type<unsigned int, 3u>, int, int, int, int, int, int, int, int, int, int, int, long, int, int, long, int, int, int, int, int, long)	37	0	0	0	0	16
void flash_attn_stream_k_fixup_uniform<96, 8, 4>(float*, HIP_vector_type<float, 2u> const*, int, int, int, int, int, int, HIP_vector_type<unsigned int, 3u>, HIP_vector_type<unsigned int, 3u>, HIP_vector_type<unsigned int, 3u>)	17	0	0	0	0	0
void flash_attn_stream_k_fixup_general<96, 8, 4>(float*, HIP_vector_type<float, 2u> const*, int, int, int, int, HIP_vector_type<unsigned int, 3u>, HIP_vector_type<unsigned int, 3u>, HIP_vector_type<unsigned int, 3u>, HIP_vector_type<unsigned int, 3u>)	22	0	0	0	0	0
void flash_attn_combine_results<96>(float const*, HIP_vector_type<float, 2u> const*, float*, int)	51	0	0	0	0	0
void flash_attn_ext_f16<112, 112, 8, 4, false, false>(char const*, char const*, char const*, char const*, char const*, int const*, float*, HIP_vector_type<float, 2u>*, float, float, float, float, unsigned int, float, int, HIP_vector_type<unsigned int, 3u>, int, int, int, int, int, int, int, int, int, int, int, long, int, int, long, int, int, int, int, int, long)	256	0	20	32	0	84
void flash_attn_ext_f16<112, 112, 8, 4, true, false>(char const*, char const*, char const*, char const*, char const*, int const*, float*, HIP_vector_type<float, 2u>*, float, float, float, float, unsigned int, float, int, HIP_vector_type<unsigned int, 3u>, int, int, int, int, int, int, int, int, int, int, int, long, int, int, long, int, int, int, int, int, long)	37	0	0	0	0	16
void flash_attn_stream_k_fixup_uniform<112, 8, 4>(float*, HIP_vector_type<float, 2u> const*, int, int, int, int, int, int, HIP_vector_type<unsigned int, 3u>, HIP_vector_type<unsigned int, 3u>, HIP_vector_type<unsigned int, 3u>)	17	0	0	0	0	0
void flash_attn_stream_k_fixup_general<112, 8, 4>(float*, HIP_vector_type<float, 2u> const*, int, int, int, int, HIP_vector_type<unsigned int, 3u>, HIP_vector_type<unsigned int, 3u>, HIP_vector_type<unsigned int, 3u>, HIP_vector_type<unsigned int, 3u>)	22	0	0	0	0	0
void flash_attn_combine_results<112>(float const*, HIP_vector_type<float, 2u> const*, float*, int)	51	0	0	0	0	0
void flash_attn_ext_f16<128, 128, 8, 4, false, false>(char const*, char const*, char const*, char const*, char const*, int const*, float*, HIP_vector_type<float, 2u>*, float, float, float, float, unsigned int, float, int, HIP_vector_type<unsigned int, 3u>, int, int, int, int, int, int, int, int, int, int, int, long, int, int, long, int, int, int, int, int, long)	256	0	53	23	0	216
void flash_attn_ext_f16<128, 128, 8, 4, true, false>(char const*, char const*, char const*, char const*, char const*, int const*, float*, HIP_vector_type<float, 2u>*, float, float, float, float, unsigned int, float, int, HIP_vector_type<unsigned int, 3u>, int, int, int, int, int, int, int, int, int, int, int, long, int, int, long, int, int, int, int, int, long)	256	0	58	27	0	236
void flash_attn_stream_k_fixup_uniform<128, 8, 4>(float*, HIP_vector_type<float, 2u> const*, int, int, int, int, int, int, HIP_vector_type<unsigned int, 3u>, HIP_vector_type<unsigned int, 3u>, HIP_vector_type<unsigned int, 3u>)	17	0	0	0	0	0
void flash_attn_stream_k_fixup_general<128, 8, 4>(float*, HIP_vector_type<float, 2u> const*, int, int, int, int, HIP_vector_type<unsigned int, 3u>, HIP_vector_type<unsigned int, 3u>, HIP_vector_type<unsigned int, 3u>, HIP_vector_type<unsigned int, 3u>)	22	0	0	0	0	0
void flash_attn_combine_results<128>(float const*, HIP_vector_type<float, 2u> const*, float*, int)	51	0	0	0	0	0
void flash_attn_ext_f16<256, 256, 8, 4, false, false>(char const*, char const*, char const*, char const*, char const*, int const*, float*, HIP_vector_type<float, 2u>*, float, float, float, float, unsigned int, float, int, HIP_vector_type<unsigned int, 3u>, int, int, int, int, int, int, int, int, int, int, int, long, int, int, long, int, int, int, int, int, long)	503	247	0	24	0	0
void flash_attn_ext_f16<256, 256, 8, 4, true, false>(char const*, char const*, char const*, char const*, char const*, int const*, float*, HIP_vector_type<float, 2u>*, float, float, float, float, unsigned int, float, int, HIP_vector_type<unsigned int, 3u>, int, int, int, int, int, int, int, int, int, int, int, long, int, int, long, int, int, int, int, int, long)	512	256	50	27	0	204
void flash_attn_stream_k_fixup_uniform<256, 8, 4>(float*, HIP_vector_type<float, 2u> const*, int, int, int, int, int, int, HIP_vector_type<unsigned int, 3u>, HIP_vector_type<unsigned int, 3u>, HIP_vector_type<unsigned int, 3u>)	17	0	0	0	0	0
void flash_attn_stream_k_fixup_general<256, 8, 4>(float*, HIP_vector_type<float, 2u> const*, int, int, int, int, HIP_vector_type<unsigned int, 3u>, HIP_vector_type<unsigned int, 3u>, HIP_vector_type<unsigned int, 3u>, HIP_vector_type<unsigned int, 3u>)	22	0	0	0	0	0
void flash_attn_combine_results<256>(float const*, HIP_vector_type<float, 2u> const*, float*, int)	51	0	0	0	0	0
void flash_attn_ext_f16<512, 512, 8, 4, false, false>(char const*, char const*, char const*, char const*, char const*, int const*, float*, HIP_vector_type<float, 2u>*, float, float, float, float, unsigned int, float, int, HIP_vector_type<unsigned int, 3u>, int, int, int, int, int, int, int, int, int, int, int, long, int, int, long, int, int, int, int, int, long)	37	0	0	0	0	16
void flash_attn_ext_f16<512, 512, 8, 4, true, false>(char const*, char const*, char const*, char const*, char const*, int const*, float*, HIP_vector_type<float, 2u>*, float, float, float, float, unsigned int, float, int, HIP_vector_type<unsigned int, 3u>, int, int, int, int, int, int, int, int, int, int, int, long, int, int, long, int, int, int, int, int, long)	37	0	0	0	0	16
void flash_attn_stream_k_fixup_uniform<512, 8, 4>(float*, HIP_vector_type<float, 2u> const*, int, int, int, int, int, int, HIP_vector_type<unsigned int, 3u>, HIP_vector_type<unsigned int, 3u>, HIP_vector_type<unsigned int, 3u>)	17	0	0	0	0	0
void flash_attn_stream_k_fixup_general<512, 8, 4>(float*, HIP_vector_type<float, 2u> const*, int, int, int, int, HIP_vector_type<unsigned int, 3u>, HIP_vector_type<unsigned int, 3u>, HIP_vector_type<unsigned int, 3u>, HIP_vector_type<unsigned int, 3u>)	22	0	0	0	0	0
void flash_attn_combine_results<512>(float const*, HIP_vector_type<float, 2u> const*, float*, int)	51	0	0	0	0	0
void flash_attn_ext_f16<576, 512, 8, 4, false, true>(char const*, char const*, char const*, char const*, char const*, int const*, float*, HIP_vector_type<float, 2u>*, float, float, float, float, unsigned int, float, int, HIP_vector_type<unsigned int, 3u>, int, int, int, int, int, int, int, int, int, int, int, long, int, int, long, int, int, int, int, int, long)	37	0	0	0	0	16
void flash_attn_ext_f16<576, 512, 8, 4, true, true>(char const*, char const*, char const*, char const*, char const*, int const*, float*, HIP_vector_type<float, 2u>*, float, float, float, float, unsigned int, float, int, HIP_vector_type<unsigned int, 3u>, int, int, int, int, int, int, int, int, int, int, int, long, int, int, long, int, int, int, int, int, long)	37	0	0	0	0	16
void flash_attn_ext_f16<64, 64, 8, 8, false, false>(char const*, char const*, char const*, char const*, char const*, int const*, float*, HIP_vector_type<float, 2u>*, float, float, float, float, unsigned int, float, int, HIP_vector_type<unsigned int, 3u>, int, int, int, int, int, int, int, int, int, int, int, long, int, int, long, int, int, int, int, int, long)	128	0	143	30	0	396
void flash_attn_ext_f16<64, 64, 8, 8, true, false>(char const*, char const*, char const*, char const*, char const*, int const*, float*, HIP_vector_type<float, 2u>*, float, float, float, float, unsigned int, float, int, HIP_vector_type<unsigned int, 3u>, int, int, int, int, int, int, int, int, int, int, int, long, int, int, long, int, int, int, int, int, long)	37	0	0	0	0	16
void flash_attn_mask_to_KV_max<8>(__half2 const*, int*, int, long, long)	18	0	0	0	128	0
void flash_attn_stream_k_fixup_uniform<64, 8, 8>(float*, HIP_vector_type<float, 2u> const*, int, int, int, int, int, int, HIP_vector_type<unsigned int, 3u>, HIP_vector_type<unsigned int, 3u>, HIP_vector_type<unsigned int, 3u>)	17	0	0	0	0	0
void flash_attn_stream_k_fixup_general<64, 8, 8>(float*, HIP_vector_type<float, 2u> const*, int, int, int, int, HIP_vector_type<unsigned int, 3u>, HIP_vector_type<unsigned int, 3u>, HIP_vector_type<unsigned int, 3u>, HIP_vector_type<unsigned int, 3u>)	22	0	0	0	0	0
void flash_attn_combine_results<64>(float const*, HIP_vector_type<float, 2u> const*, float*, int)	51	0	0	0	0	0
void flash_attn_ext_f16<80, 80, 8, 8, false, false>(char const*, char const*, char const*, char const*, char const*, int const*, float*, HIP_vector_type<float, 2u>*, float, float, float, float, unsigned int, float, int, HIP_vector_type<unsigned int, 3u>, int, int, int, int, int, int, int, int, int, int, int, long, int, int, long, int, int, int, int, int, long)	224	0	0	37	0	0
void flash_attn_ext_f16<80, 80, 8, 8, true, false>(char const*, char const*, char const*, char const*, char const*, int const*, float*, HIP_vector_type<float, 2u>*, float, float, float, float, unsigned int, float, int, HIP_vector_type<unsigned int, 3u>, int, int, int, int, int, int, int, int, int, int, int, long, int, int, long, int, int, int, int, int, long)	37	0	0	0	0	16
void flash_attn_stream_k_fixup_uniform<80, 8, 8>(float*, HIP_vector_type<float, 2u> const*, int, int, int, int, int, int, HIP_vector_type<unsigned int, 3u>, HIP_vector_type<unsigned int, 3u>, HIP_vector_type<unsigned int, 3u>)	17	0	0	0	0	0
void flash_attn_stream_k_fixup_general<80, 8, 8>(float*, HIP_vector_type<float, 2u> const*, int, int, int, int, HIP_vector_type<unsigned int, 3u>, HIP_vector_type<unsigned int, 3u>, HIP_vector_type<unsigned int, 3u>, HIP_vector_type<unsigned int, 3u>)	22	0	0	0	0	0
void flash_attn_combine_results<80>(float const*, HIP_vector_type<float, 2u> const*, float*, int)	51	0	0	0	0	0
void flash_attn_ext_f16<96, 96, 8, 8, false, false>(char const*, char const*, char const*, char const*, char const*, int const*, float*, HIP_vector_type<float, 2u>*, float, float, float, float, unsigned int, float, int, HIP_vector_type<unsigned int, 3u>, int, int, int, int, int, int, int, int, int, int, int, long, int, int, long, int, int, int, int, int, long)	256	0	49	43	0	200
void flash_attn_ext_f16<96, 96, 8, 8, true, false>(char const*, char const*, char const*, char const*, char const*, int const*, float*, HIP_vector_type<float, 2u>*, float, float, float, float, unsigned int, float, int, HIP_vector_type<unsigned int, 3u>, int, int, int, int, int, int, int, int, int, int, int, long, int, int, long, int, int, int, int, int, long)	37	0	0	0	0	16
void flash_attn_stream_k_fixup_uniform<96, 8, 8>(float*, HIP_vector_type<float, 2u> const*, int, int, int, int, int, int, HIP_vector_type<unsigned int, 3u>, HIP_vector_type<unsigned int, 3u>, HIP_vector_type<unsigned int, 3u>)	17	0	0	0	0	0
void flash_attn_stream_k_fixup_general<96, 8, 8>(float*, HIP_vector_type<float, 2u> const*, int, int, int, int, HIP_vector_type<unsigned int, 3u>, HIP_vector_type<unsigned int, 3u>, HIP_vector_type<unsigned int, 3u>, HIP_vector_type<unsigned int, 3u>)	22	0	0	0	0	0
void flash_attn_combine_results<96>(float const*, HIP_vector_type<float, 2u> const*, float*, int)	51	0	0	0	0	0
void flash_attn_ext_f16<112, 112, 8, 8, false, false>(char const*, char const*, char const*, char const*, char const*, int const*, float*, HIP_vector_type<float, 2u>*, float, float, float, float, unsigned int, float, int, HIP_vector_type<unsigned int, 3u>, int, int, int, int, int, int, int, int, int, int, int, long, int, int, long, int, int, int, int, int, long)	256	0	32	53	0	132
void flash_attn_ext_f16<112, 112, 8, 8, true, false>(char const*, char const*, char const*, char const*, char const*, int const*, float*, HIP_vector_type<float, 2u>*, float, float, float, float, unsigned int, float, int, HIP_vector_type<unsigned int, 3u>, int, int, int, int, int, int, int, int, int, int, int, long, int, int, long, int, int, int, int, int, long)	37	0	0	0	0	16
void flash_attn_stream_k_fixup_uniform<112, 8, 8>(float*, HIP_vector_type<float, 2u> const*, int, int, int, int, int, int, HIP_vector_type<unsigned int, 3u>, HIP_vector_type<unsigned int, 3u>, HIP_vector_type<unsigned int, 3u>)	17	0	0	0	0	0
void flash_attn_stream_k_fixup_general<112, 8, 8>(float*, HIP_vector_type<float, 2u> const*, int, int, int, int, HIP_vector_type<unsigned int, 3u>, HIP_vector_type<unsigned int, 3u>, HIP_vector_type<unsigned int, 3u>, HIP_vector_type<unsigned int, 3u>)	22	0	0	0	0	0
void flash_attn_combine_results<112>(float const*, HIP_vector_type<float, 2u> const*, float*, int)	51	0	0	0	0	0
void flash_attn_ext_f16<128, 128, 8, 8, false, false>(char const*, char const*, char const*, char const*, char const*, int const*, float*, HIP_vector_type<float, 2u>*, float, float, float, float, unsigned int, float, int, HIP_vector_type<unsigned int, 3u>, int, int, int, int, int, int, int, int, int, int, int, long, int, int, long, int, int, int, int, int, long)	256	0	136	59	0	548
void flash_attn_ext_f16<128, 128, 8, 8, true, false>(char const*, char const*, char const*, char const*, char const*, int const*, float*, HIP_vector_type<float, 2u>*, float, float, float, float, unsigned int, float, int, HIP_vector_type<unsigned int, 3u>, int, int, int, int, int, int, int, int, int, int, int, long, int, int, long, int, int, int, int, int, long)	256	0	90	69	0	364
void flash_attn_stream_k_fixup_uniform<128, 8, 8>(float*, HIP_vector_type<float, 2u> const*, int, int, int, int, int, int, HIP_vector_type<unsigned int, 3u>, HIP_vector_type<unsigned int, 3u>, HIP_vector_type<unsigned int, 3u>)	17	0	0	0	0	0
void flash_attn_stream_k_fixup_general<128, 8, 8>(float*, HIP_vector_type<float, 2u> const*, int, int, int, int, HIP_vector_type<unsigned int, 3u>, HIP_vector_type<unsigned int, 3u>, HIP_vector_type<unsigned int, 3u>, HIP_vector_type<unsigned int, 3u>)	22	0	0	0	0	0
void flash_attn_combine_results<128>(float const*, HIP_vector_type<float, 2u> const*, float*, int)	51	0	0	0	0	0
void flash_attn_ext_f16<192, 128, 8, 8, false, false>(char const*, char const*, char const*, char const*, char const*, int const*, float*, HIP_vector_type<float, 2u>*, float, float, float, float, unsigned int, float, int, HIP_vector_type<unsigned int, 3u>, int, int, int, int, int, int, int, int, int, int, int, long, int, int, long, int, int, int, int, int, long)	256	0	48	26	0	196
void flash_attn_ext_f16<192, 128, 8, 8, true, false>(char const*, char const*, char const*, char const*, char const*, int const*, float*, HIP_vector_type<float, 2u>*, float, float, float, float, unsigned int, float, int, HIP_vector_type<unsigned int, 3u>, int, int, int, int, int, int, int, int, int, int, int, long, int, int, long, int, int, int, int, int, long)	37	0	0	0	0	16
void flash_attn_ext_f16<256, 256, 8, 8, false, false>(char const*, char const*, char const*, char const*, char const*, int const*, float*, HIP_vector_type<float, 2u>*, float, float, float, float, unsigned int, float, int, HIP_vector_type<unsigned int, 3u>, int, int, int, int, int, int, int, int, int, int, int, long, int, int, long, int, int, int, int, int, long)	256	0	190	30	0	696
void flash_attn_ext_f16<256, 256, 8, 8, true, false>(char const*, char const*, char const*, char const*, char const*, int const*, float*, HIP_vector_type<float, 2u>*, float, float, float, float, unsigned int, float, int, HIP_vector_type<unsigned int, 3u>, int, int, int, int, int, int, int, int, int, int, int, long, int, int, long, int, int, int, int, int, long)	256	0	197	33	0	716
void flash_attn_stream_k_fixup_uniform<256, 8, 8>(float*, HIP_vector_type<float, 2u> const*, int, int, int, int, int, int, HIP_vector_type<unsigned int, 3u>, HIP_vector_type<unsigned int, 3u>, HIP_vector_type<unsigned int, 3u>)	17	0	0	0	0	0
void flash_attn_stream_k_fixup_general<256, 8, 8>(float*, HIP_vector_type<float, 2u> const*, int, int, int, int, HIP_vector_type<unsigned int, 3u>, HIP_vector_type<unsigned int, 3u>, HIP_vector_type<unsigned int, 3u>, HIP_vector_type<unsigned int, 3u>)	22	0	0	0	0	0
void flash_attn_combine_results<256>(float const*, HIP_vector_type<float, 2u> const*, float*, int)	51	0	0	0	0	0
void flash_attn_ext_f16<512, 512, 8, 8, false, false>(char const*, char const*, char const*, char const*, char const*, int const*, float*, HIP_vector_type<float, 2u>*, float, float, float, float, unsigned int, float, int, HIP_vector_type<unsigned int, 3u>, int, int, int, int, int, int, int, int, int, int, int, long, int, int, long, int, int, int, int, int, long)	37	0	0	0	0	16
void flash_attn_ext_f16<512, 512, 8, 8, true, false>(char const*, char const*, char const*, char const*, char const*, int const*, float*, HIP_vector_type<float, 2u>*, float, float, float, float, unsigned int, float, int, HIP_vector_type<unsigned int, 3u>, int, int, int, int, int, int, int, int, int, int, int, long, int, int, long, int, int, int, int, int, long)	37	0	0	0	0	16
void flash_attn_stream_k_fixup_uniform<512, 8, 8>(float*, HIP_vector_type<float, 2u> const*, int, int, int, int, int, int, HIP_vector_type<unsigned int, 3u>, HIP_vector_type<unsigned int, 3u>, HIP_vector_type<unsigned int, 3u>)	17	0	0	0	0	0
void flash_attn_stream_k_fixup_general<512, 8, 8>(float*, HIP_vector_type<float, 2u> const*, int, int, int, int, HIP_vector_type<unsigned int, 3u>, HIP_vector_type<unsigned int, 3u>, HIP_vector_type<unsigned int, 3u>, HIP_vector_type<unsigned int, 3u>)	22	0	0	0	0	0
void flash_attn_combine_results<512>(float const*, HIP_vector_type<float, 2u> const*, float*, int)	51	0	0	0	0	0
